id,lang,category_id,category_zh,category_en,kind,text,amount,currency,note,date_spec,dates,anchor_date
food_dining-en-001,en,food_dining,餐饮美食,Food and Dining,expense,"Grabbed buns and soy milk for breakfast this morning, 8 yuan",8,CNY,Breakfast,rel:0,2026-08-31,2026-08-31
food_dining-en-002,en,food_dining,餐饮美食,Food and Dining,expense,"Ordered braised chicken rice takeout for lunch yesterday, 28 bucks",28,CNY,Takeout lunch,rel:-1,2026-08-30,2026-08-31
food_dining-en-003,en,food_dining,餐饮美食,Food and Dining,expense,"Split hot pot with friends, my share was 180 HKD",180,HKD,Group dinner split,anchor,2026-08-31,2026-08-31
food_dining-en-004,en,food_dining,餐饮美食,Food and Dining,expense,"Bought bubble tea this afternoon, 22 yuan",22,CNY,Milk tea,anchor,2026-08-31,2026-08-31
food_dining-en-005,en,food_dining,餐饮美食,Food and Dining,expense,"Iced Americano downstairs every day this week, 30 HKD",30,HKD,Coffee,week:0,2026-08-31|2026-09-01|2026-09-02|2026-09-03|2026-09-04|2026-09-05|2026-09-06,2026-08-31
food_dining-en-006,en,food_dining,餐饮美食,Food and Dining,expense,"Dim sum at a cha chaan teng this Saturday, 128 bucks",128,CNY,Dim sum,weekday:6,2026-09-05,2026-08-31
food_dining-en-007,en,food_dining,餐饮美食,Food and Dining,expense,"Extra braised pork at the cafeteria, 12 yuan",12,CNY,Cafeteria extra,anchor,2026-08-31,2026-08-31
food_dining-en-008,en,food_dining,餐饮美食,Food and Dining,expense,"Late-night BBQ and beer, 150 yuan",150,CNY,Late-night snack,anchor,2026-08-31,2026-08-31
food_dining-en-009,en,food_dining,餐饮美食,Food and Dining,expense,"Starbucks latte, 38 HKD",38,HKD,Coffee,anchor,2026-08-31,2026-08-31
food_dining-en-010,en,food_dining,餐饮美食,Food and Dining,expense,"Cafeteria lunch today and tomorrow, 15 yuan each",15,CNY,Cafeteria,"rel:0,1",2026-08-31|2026-09-01,2026-08-31
food_dining-en-011,en,food_dining,餐饮美食,Food and Dining,expense,"Bought a pound of strawberries, 35 bucks",35,CNY,Fruit,anchor,2026-08-31,2026-08-31
food_dining-en-012,en,food_dining,餐饮美食,Food and Dining,expense,"Toast and croissants at the bakery, 42 yuan",42,CNY,Bread,anchor,2026-08-31,2026-08-31
food_dining-en-013,en,food_dining,餐饮美食,Food and Dining,expense,"McDonald's grilled chicken combo, 36 bucks",36,CNY,Fast food,anchor,2026-08-31,2026-08-31
food_dining-en-014,en,food_dining,餐饮美食,Food and Dining,expense,"Salmon don at the sushi place, 78 HKD",78,HKD,Japanese food,anchor,2026-08-31,2026-08-31
food_dining-en-015,en,food_dining,餐饮美食,Food and Dining,expense,"Lemonade at Mixue, 6 yuan",6,CNY,Drinks,anchor,2026-08-31,2026-08-31
food_dining-en-016,en,food_dining,餐饮美食,Food and Dining,expense,"Cooked noodles with fried egg last night, 9 bucks",9,CNY,Home cooking,anchor,2026-08-31,2026-08-31
food_dining-en-017,en,food_dining,餐饮美食,Food and Dining,expense,"Late-night braised chicken rice delivery, 26 yuan",26,CNY,Late-night takeout,anchor,2026-08-31,2026-08-31
food_dining-en-018,en,food_dining,餐饮美食,Food and Dining,expense,"Luckin coconut latte, 19 bucks",19,CNY,Coffee,anchor,2026-08-31,2026-08-31
food_dining-en-019,en,food_dining,餐饮美食,Food and Dining,expense,"Beef noodle with egg today through day after tomorrow, 22 yuan",22,CNY,Noodles,span:0:2,2026-08-31|2026-09-01|2026-09-02,2026-08-31
food_dining-en-020,en,food_dining,餐饮美食,Food and Dining,expense,"Dinner at the dumpling house, 45 bucks",45,CNY,Dumplings,anchor,2026-08-31,2026-08-31
food_dining-en-021,en,food_dining,餐饮美食,Food and Dining,expense,"Afternoon tea: iced lemon tea and pineapple bun, 58 HKD",58,HKD,Afternoon tea,anchor,2026-08-31,2026-08-31
food_dining-en-022,en,food_dining,餐饮美食,Food and Dining,expense,"Two ice cream cones, 16 yuan",16,CNY,Dessert,anchor,2026-08-31,2026-08-31
food_dining-en-023,en,food_dining,餐饮美食,Food and Dining,expense,"Duck snacks from Juewei, 32 bucks",32,CNY,Braised snacks,anchor,2026-08-31,2026-08-31
food_dining-en-024,en,food_dining,餐饮美食,Food and Dining,expense,"Pre-cut fruit box, 28 yuan",28,CNY,Fruit,anchor,2026-08-31,2026-08-31
food_dining-en-025,en,food_dining,餐饮美食,Food and Dining,expense,"Bento box downstairs, 25 bucks",25,CNY,Bento,anchor,2026-08-31,2026-08-31
food_dining-en-026,en,food_dining,餐饮美食,Food and Dining,expense,"Ordered pizza takeout this Wednesday, 68 yuan",68,CNY,Pizza,weekday:3,2026-09-02,2026-08-31
food_dining-en-027,en,food_dining,餐饮美食,Food and Dining,expense,"Late-night skewers delivery, 55 bucks",55,CNY,Late-night snack,anchor,2026-08-31,2026-08-31
food_dining-en-028,en,food_dining,餐饮美食,Food and Dining,expense,"Shrimp dumplings and siu mai at yum cha, 138 yuan",138,CNY,Dim sum,anchor,2026-08-31,2026-08-31
food_dining-en-029,en,food_dining,餐饮美食,Food and Dining,expense,"Japanese set meal with coworkers, 72 bucks",72,CNY,Set meal,anchor,2026-08-31,2026-08-31
food_dining-en-030,en,food_dining,餐饮美食,Food and Dining,expense,"Half-baked cheesecake from Holiland, 49 yuan",49,CNY,Dessert,anchor,2026-08-31,2026-08-31
food_dining-en-031,en,food_dining,餐饮美食,Food and Dining,expense,"KFC family bucket, 99 bucks",99,CNY,Fast food,anchor,2026-08-31,2026-08-31
food_dining-en-032,en,food_dining,餐饮美食,Food and Dining,expense,"Izakaya dinner on Aug 20, 280 HKD",280,HKD,Japanese food,ymd:2026-08-20,2026-08-20,2026-08-31
food_dining-en-033,en,food_dining,餐饮美食,Food and Dining,expense,"Duck-shit fragrance lemon tea, 18 yuan",18,CNY,Drinks,anchor,2026-08-31,2026-08-31
food_dining-en-034,en,food_dining,餐饮美食,Food and Dining,expense,"Rice rolls and congee for breakfast every day last week, 12 bucks",12,CNY,Breakfast,week:-1,2026-08-24|2026-08-25|2026-08-26|2026-08-27|2026-08-28|2026-08-29|2026-08-30,2026-08-31
food_dining-en-035,en,food_dining,餐饮美食,Food and Dining,expense,"Big bowl of Lanzhou noodles, 20 yuan",20,CNY,Noodles,anchor,2026-08-31,2026-08-31
food_dining-en-036,en,food_dining,餐饮美食,Food and Dining,expense,"Lunch at Yang Guofu malatang, 35 bucks",35,CNY,Malatang,anchor,2026-08-31,2026-08-31
food_dining-en-037,en,food_dining,餐饮美食,Food and Dining,expense,"Korean BBQ group dinner, my share 160 yuan",160,CNY,Group dinner,anchor,2026-08-31,2026-08-31
food_dining-en-038,en,food_dining,餐饮美食,Food and Dining,expense,"Half a watermelon in summer, 28 bucks",28,CNY,Fruit,anchor,2026-08-31,2026-08-31
food_dining-en-039,en,food_dining,餐饮美食,Food and Dining,expense,"Oden at the convenience store, 18 yuan",18,CNY,Convenience store,anchor,2026-08-31,2026-08-31
food_dining-en-040,en,food_dining,餐饮美食,Food and Dining,expense,"Oat milk latte at the cafe, 32 bucks",32,CNY,Coffee,anchor,2026-08-31,2026-08-31
food_dining-en-041,en,food_dining,餐饮美食,Food and Dining,expense,"Pork congee and fried dough sticks, 15 yuan",15,CNY,Breakfast,anchor,2026-08-31,2026-08-31
food_dining-en-042,en,food_dining,餐饮美食,Food and Dining,expense,"Burger King Whopper combo, 41 bucks",41,CNY,Fast food,anchor,2026-08-31,2026-08-31
food_dining-en-043,en,food_dining,餐饮美食,Food and Dining,expense,"Tom yum rice at the Thai restaurant, 68 yuan",68,CNY,Thai food,anchor,2026-08-31,2026-08-31
food_dining-en-044,en,food_dining,餐饮美食,Food and Dining,expense,"Double-skin milk and ginger milk pudding, 30 bucks",30,CNY,Dessert,anchor,2026-08-31,2026-08-31
food_dining-en-045,en,food_dining,餐饮美食,Food and Dining,expense,"Ordered a cake roll for afternoon tea, 18 yuan",18,CNY,Afternoon tea,anchor,2026-08-31,2026-08-31
food_dining-en-046,en,food_dining,餐饮美食,Food and Dining,expense,"Spicy crayfish takeout, 188 bucks",188,CNY,Crayfish,anchor,2026-08-31,2026-08-31
food_dining-en-047,en,food_dining,餐饮美食,Food and Dining,expense,"Iced lemon tea, no ice, 24 HKD",24,HKD,Drinks,anchor,2026-08-31,2026-08-31
food_dining-en-048,en,food_dining,餐饮美食,Food and Dining,expense,"Steamed buns at the shop three days ago, 16 yuan",16,CNY,Breakfast,rel:-3,2026-08-28,2026-08-31
food_dining-en-049,en,food_dining,餐饮美食,Food and Dining,expense,"Steak set at the Western restaurant, 268 bucks",268,CNY,Western food,anchor,2026-08-31,2026-08-31
food_dining-en-050,en,food_dining,餐饮美食,Food and Dining,expense,"Lunch buffet, 128 yuan",128,CNY,Buffet,anchor,2026-08-31,2026-08-31
transport-en-001,en,transport,交通出行,Transport,expense,"Subway commute today, 8 HKD",8,HKD,Subway,rel:0,2026-08-31,2026-08-31
transport-en-002,en,transport,交通出行,Transport,expense,"Taxi to work yesterday, 45 bucks",45,CNY,Taxi,rel:-1,2026-08-30,2026-08-31
transport-en-003,en,transport,交通出行,Transport,expense,"Filled up with 92-octane gas, 300 yuan",300,CNY,Gas,anchor,2026-08-31,2026-08-31
transport-en-004,en,transport,交通出行,Transport,expense,"Transit card top-up, 100 yuan",100,CNY,Transit card,anchor,2026-08-31,2026-08-31
transport-en-005,en,transport,交通出行,Transport,expense,"Didi ride to the mall, 38 bucks",38,CNY,Ride-hail,anchor,2026-08-31,2026-08-31
transport-en-006,en,transport,交通出行,Transport,expense,"Second-class high-speed rail ticket, 550 yuan",550,CNY,High-speed rail,anchor,2026-08-31,2026-08-31
transport-en-007,en,transport,交通出行,Transport,expense,"Parking fee at the complex, 20 HKD",20,HKD,Parking,anchor,2026-08-31,2026-08-31
transport-en-008,en,transport,交通出行,Transport,expense,"Shared bike commute every day this week, 3 bucks",3,CNY,Shared bike,week:0,2026-08-31|2026-09-01|2026-09-02|2026-09-03|2026-09-04|2026-09-05|2026-09-06,2026-08-31
transport-en-009,en,transport,交通出行,Transport,expense,"Airport shuttle bus ticket, 25 yuan",25,CNY,Airport bus,anchor,2026-08-31,2026-08-31
transport-en-010,en,transport,交通出行,Transport,expense,"Highway tolls, 120 bucks",120,CNY,Tolls,anchor,2026-08-31,2026-08-31
transport-en-011,en,transport,交通出行,Transport,expense,"Bus to downtown today and tomorrow, 2 yuan each",2,CNY,Bus,"rel:0,1",2026-08-31|2026-09-01,2026-08-31
transport-en-012,en,transport,交通出行,Transport,expense,"Ride-hail to the airport, 120 bucks",120,CNY,Ride-hail,anchor,2026-08-31,2026-08-31
transport-en-013,en,transport,交通出行,Transport,expense,"EV charging, 15 yuan",15,CNY,Charging,anchor,2026-08-31,2026-08-31
transport-en-014,en,transport,交通出行,Transport,expense,"Bullet train ticket, 180 bucks",180,CNY,Bullet train,anchor,2026-08-31,2026-08-31
transport-en-015,en,transport,交通出行,Transport,expense,"Taxi meter fare, 56 yuan",56,CNY,Taxi,anchor,2026-08-31,2026-08-31
transport-en-016,en,transport,交通出行,Transport,expense,"Motorcycle gas, 80 bucks",80,CNY,Gas,anchor,2026-08-31,2026-08-31
transport-en-017,en,transport,交通出行,Transport,expense,"Ferry across the harbor, 15 HKD",15,HKD,Ferry,anchor,2026-08-31,2026-08-31
transport-en-018,en,transport,交通出行,Transport,expense,"Designated driver home, 80 yuan",80,CNY,Designated driver,anchor,2026-08-31,2026-08-31
transport-en-019,en,transport,交通出行,Transport,expense,"Car rental for a day, 300 bucks",300,CNY,Car rental,anchor,2026-08-31,2026-08-31
transport-en-020,en,transport,交通出行,Transport,expense,"Monthly subway pass top-up, 200 yuan",200,CNY,Subway card,anchor,2026-08-31,2026-08-31
transport-en-021,en,transport,交通出行,Transport,expense,"Carpool to the next city, 120 bucks",120,CNY,Carpool,anchor,2026-08-31,2026-08-31
transport-en-022,en,transport,交通出行,Transport,expense,"Economy flight ticket, 1200 yuan",1200,CNY,Flight,anchor,2026-08-31,2026-08-31
transport-en-023,en,transport,交通出行,Transport,expense,"Monthly parking pass, 300 yuan",300,CNY,Monthly parking,anchor,2026-08-31,2026-08-31
transport-en-024,en,transport,交通出行,Transport,expense,"Coach bus back home, 150 bucks",150,CNY,Coach bus,anchor,2026-08-31,2026-08-31
transport-en-025,en,transport,交通出行,Transport,expense,"Shared e-bike today through day after tomorrow, 5 yuan",5,CNY,Shared e-bike,span:0:2,2026-08-31|2026-09-01|2026-09-02,2026-08-31
transport-en-026,en,transport,交通出行,Transport,expense,"Didi express this Friday, 28 bucks",28,CNY,Ride-hail,weekday:5,2026-09-04,2026-08-31
transport-en-027,en,transport,交通出行,Transport,expense,"Car maintenance, 500 yuan",500,CNY,Maintenance,anchor,2026-08-31,2026-08-31
transport-en-028,en,transport,交通出行,Transport,expense,"Ferry ticket to the island, 180 bucks",180,CNY,Ferry ticket,anchor,2026-08-31,2026-08-31
transport-en-029,en,transport,交通出行,Transport,expense,"Bus plus subway transfer, 6 yuan",6,CNY,Bus transfer,anchor,2026-08-31,2026-08-31
transport-en-030,en,transport,交通出行,Transport,expense,"Taxi to the rail station on Aug 15, 60 bucks",60,CNY,Taxi,ymd:2026-08-15,2026-08-15,2026-08-31
transport-en-031,en,transport,交通出行,Transport,expense,"ETC toll charge, 85 yuan",85,CNY,ETC,anchor,2026-08-31,2026-08-31
transport-en-032,en,transport,交通出行,Transport,expense,"Light rail to the suburbs, 20 bucks",20,CNY,Light rail,anchor,2026-08-31,2026-08-31
transport-en-033,en,transport,交通出行,Transport,expense,"Pooled ride-hail, 18 yuan",18,CNY,Carpool,anchor,2026-08-31,2026-08-31
transport-en-034,en,transport,交通出行,Transport,expense,"Bike tire patch, 15 bucks",15,CNY,Bike repair,anchor,2026-08-31,2026-08-31
transport-en-035,en,transport,交通出行,Transport,expense,"Sleeper train ticket, 320 yuan",320,CNY,Train ticket,anchor,2026-08-31,2026-08-31
transport-en-036,en,transport,交通出行,Transport,expense,"Daily parking at the complex, 10 yuan",10,CNY,Parking,anchor,2026-08-31,2026-08-31
transport-en-037,en,transport,交通出行,Transport,expense,"Tram ride, 3 HKD",3,HKD,Tram,anchor,2026-08-31,2026-08-31
transport-en-038,en,transport,交通出行,Transport,expense,"Taxi to the hospital, 35 bucks",35,CNY,Taxi,anchor,2026-08-31,2026-08-31
transport-en-039,en,transport,交通出行,Transport,expense,"Annual vehicle inspection, 280 yuan",280,CNY,Inspection,anchor,2026-08-31,2026-08-31
transport-en-040,en,transport,交通出行,Transport,expense,"Long-distance coach, 220 bucks",220,CNY,Long-distance bus,anchor,2026-08-31,2026-08-31
transport-en-041,en,transport,交通出行,Transport,expense,"Shared car for two hours, 60 yuan",60,CNY,Shared car,anchor,2026-08-31,2026-08-31
transport-en-042,en,transport,交通出行,Transport,expense,"Subway commute top-up every day last week, 50 yuan",50,CNY,Subway top-up,week:-1,2026-08-24|2026-08-25|2026-08-26|2026-08-27|2026-08-28|2026-08-29|2026-08-30,2026-08-31
transport-en-043,en,transport,交通出行,Transport,expense,"Taxi to the bar, 45 bucks",45,CNY,Taxi,anchor,2026-08-31,2026-08-31
transport-en-044,en,transport,交通出行,Transport,expense,"New tires for the car, 800 yuan",800,CNY,New tires,anchor,2026-08-31,2026-08-31
transport-en-045,en,transport,交通出行,Transport,expense,"MTR to Tsim Sha Tsui, 22 HKD",22,HKD,MTR,anchor,2026-08-31,2026-08-31
transport-en-046,en,transport,交通出行,Transport,expense,"Carpool ride, 25 yuan",25,CNY,Carpool,anchor,2026-08-31,2026-08-31
transport-en-047,en,transport,交通出行,Transport,expense,"Toll booth payment, 50 bucks",50,CNY,Tolls,anchor,2026-08-31,2026-08-31
transport-en-048,en,transport,交通出行,Transport,expense,"Flight fuel surcharge, 150 yuan",150,CNY,Flight surcharge,anchor,2026-08-31,2026-08-31
transport-en-049,en,transport,交通出行,Transport,expense,"E-bike registration, 100 bucks",100,CNY,Registration,anchor,2026-08-31,2026-08-31
transport-en-050,en,transport,交通出行,Transport,expense,"Bus to Shenzhen Bay, 45 HKD",45,HKD,Bus,anchor,2026-08-31,2026-08-31
groceries-en-001,en,groceries,商超购物,Groceries,expense,"Groceries at Yonghui yesterday, 90 yuan",90,CNY,Supermarket groceries,rel:-1,2026-08-30,2026-08-31
groceries-en-002,en,groceries,商超购物,Groceries,expense,"Stocked up on snacks at the convenience store, 75 bucks",75,CNY,Snack stock-up,anchor,2026-08-31,2026-08-31
groceries-en-003,en,groceries,商超购物,Groceries,expense,"Shopping at the department store, 500 HKD",500,HKD,Mall shopping,anchor,2026-08-31,2026-08-31
groceries-en-004,en,groceries,商超购物,Groceries,expense,"Steaks at the import supermarket, 220 yuan",220,CNY,Import supermarket,anchor,2026-08-31,2026-08-31
groceries-en-005,en,groceries,商超购物,Groceries,expense,"Cigarettes at the downstairs market, 45 bucks",45,CNY,Cigarettes,anchor,2026-08-31,2026-08-31
groceries-en-006,en,groceries,商超购物,Groceries,expense,"Sam's Club stock-up this Saturday, 680 yuan",680,CNY,Warehouse club,weekday:6,2026-09-05,2026-08-31
groceries-en-007,en,groceries,商超购物,Groceries,expense,"Laundry detergent at the supermarket, 69 bucks",69,CNY,Household goods,anchor,2026-08-31,2026-08-31
groceries-en-008,en,groceries,商超购物,Groceries,expense,"Souvenirs abroad on Aug 18, 120 USD",120,USD,Souvenirs,ymd:2026-08-18,2026-08-18,2026-08-31
groceries-en-009,en,groceries,商超购物,Groceries,expense,"Ingredients at the wet market, 150 bucks",150,CNY,Wet market,anchor,2026-08-31,2026-08-31
groceries-en-010,en,groceries,商超购物,Groceries,expense,"Daily necessities at Walmart, 180 yuan",180,CNY,Daily necessities,anchor,2026-08-31,2026-08-31
groceries-en-011,en,groceries,商超购物,Groceries,expense,"Water and tissues at 7-Eleven every day this week, 12 HKD",12,HKD,Convenience store,week:0,2026-08-31|2026-09-01|2026-09-02|2026-09-03|2026-09-04|2026-09-05|2026-09-06,2026-08-31
groceries-en-012,en,groceries,商超购物,Groceries,expense,"Rice, flour and cooking oil at RT-Mart, 260 bucks",260,CNY,Staples,anchor,2026-08-31,2026-08-31
groceries-en-013,en,groceries,商超购物,Groceries,expense,"Carton of farm eggs, 15 yuan",15,CNY,Eggs,anchor,2026-08-31,2026-08-31
groceries-en-014,en,groceries,商超购物,Groceries,expense,"Cosmetics at the duty-free shop, 800 HKD",800,HKD,Duty-free,anchor,2026-08-31,2026-08-31
groceries-en-015,en,groceries,商超购物,Groceries,expense,"Seafood at the fresh market, 350 bucks",350,CNY,Seafood,anchor,2026-08-31,2026-08-31
groceries-en-016,en,groceries,商超购物,Groceries,expense,"Toilet paper at the supermarket, 89 yuan",89,CNY,Paper goods,anchor,2026-08-31,2026-08-31
groceries-en-017,en,groceries,商超购物,Groceries,expense,"Bento and drinks at FamilyMart, 32 bucks",32,CNY,Convenience store,anchor,2026-08-31,2026-08-31
groceries-en-018,en,groceries,商超购物,Groceries,expense,"Fruit at ParknShop, 128 HKD",128,HKD,Fruit,anchor,2026-08-31,2026-08-31
groceries-en-019,en,groceries,商超购物,Groceries,expense,"Drinks at the corner shop today and tomorrow, 8 yuan each",8,CNY,Corner shop,"rel:0,1",2026-08-31|2026-09-01,2026-08-31
groceries-en-020,en,groceries,商超购物,Groceries,expense,"Bulk tissues and detergent, 199 bucks",199,CNY,Stock-up,anchor,2026-08-31,2026-08-31
groceries-en-021,en,groceries,商超购物,Groceries,expense,"Milk and bread at the supermarket, 56 yuan",56,CNY,Milk and bread,anchor,2026-08-31,2026-08-31
groceries-en-022,en,groceries,商超购物,Groceries,expense,"Coffee at Circle K, 18 HKD",18,HKD,Convenience store,anchor,2026-08-31,2026-08-31
groceries-en-023,en,groceries,商超购物,Groceries,expense,"Meat and veggies at the market every day last week, 120 bucks",120,CNY,Groceries,week:-1,2026-08-24|2026-08-25|2026-08-26|2026-08-27|2026-08-28|2026-08-29|2026-08-30,2026-08-31
groceries-en-024,en,groceries,商超购物,Groceries,expense,"Imported chocolate, 88 yuan",88,CNY,Import supermarket,anchor,2026-08-31,2026-08-31
groceries-en-025,en,groceries,商超购物,Groceries,expense,"Sale stock-up at the supermarket, 300 bucks",300,CNY,Sale stock-up,anchor,2026-08-31,2026-08-31
groceries-en-026,en,groceries,商超购物,Groceries,expense,"Umbrella at the convenience store, 25 yuan",25,CNY,Convenience store,anchor,2026-08-31,2026-08-31
groceries-en-027,en,groceries,商超购物,Groceries,expense,"Snacks at Wellcome, 98 HKD",98,HKD,Snacks,anchor,2026-08-31,2026-08-31
groceries-en-028,en,groceries,商超购物,Groceries,expense,"Dish soap and trash bags, 35 yuan",35,CNY,Daily necessities,anchor,2026-08-31,2026-08-31
groceries-en-029,en,groceries,商超购物,Groceries,expense,"Pork ribs at the fresh shop, 78 bucks",78,CNY,Fresh meat,anchor,2026-08-31,2026-08-31
groceries-en-030,en,groceries,商超购物,Groceries,expense,"Toothpaste and toothbrush, 42 yuan",42,CNY,Daily necessities,anchor,2026-08-31,2026-08-31
groceries-en-031,en,groceries,商超购物,Groceries,expense,"Ice pops at the convenience store today through day after tomorrow, 10 bucks",10,CNY,Convenience store,span:0:2,2026-08-31|2026-09-01|2026-09-02,2026-08-31
groceries-en-032,en,groceries,商超购物,Groceries,expense,"Imported fruit at the city supermarket, 168 yuan",168,CNY,Imported fruit,anchor,2026-08-31,2026-08-31
groceries-en-033,en,groceries,商超购物,Groceries,expense,"Slippers at the supermarket, 29 bucks",29,CNY,Daily necessities,anchor,2026-08-31,2026-08-31
groceries-en-034,en,groceries,商超购物,Groceries,expense,"Power bank at the convenience store, 99 yuan",99,CNY,Convenience store,anchor,2026-08-31,2026-08-31
groceries-en-035,en,groceries,商超购物,Groceries,expense,"Seafood at the wet market, 280 bucks",280,CNY,Seafood,anchor,2026-08-31,2026-08-31
groceries-en-036,en,groceries,商超购物,Groceries,expense,"Shampoo and body wash, 118 yuan",118,CNY,Toiletries,anchor,2026-08-31,2026-08-31
groceries-en-037,en,groceries,商超购物,Groceries,expense,"Face masks at the convenience store, 15 bucks",15,CNY,Convenience store,anchor,2026-08-31,2026-08-31
groceries-en-038,en,groceries,商超购物,Groceries,expense,"Steak at the boutique supermarket, 198 yuan",198,CNY,Import supermarket,anchor,2026-08-31,2026-08-31
groceries-en-039,en,groceries,商超购物,Groceries,expense,"Soy sauce and seasonings, 45 bucks",45,CNY,Seasonings,anchor,2026-08-31,2026-08-31
groceries-en-040,en,groceries,商超购物,Groceries,expense,"Gum at the convenience store, 10 yuan",10,CNY,Convenience store,anchor,2026-08-31,2026-08-31
groceries-en-041,en,groceries,商超购物,Groceries,expense,"Nut gift box, 128 bucks",128,CNY,Nuts,anchor,2026-08-31,2026-08-31
groceries-en-042,en,groceries,商超购物,Groceries,expense,"Sanitary pads, 56 yuan",56,CNY,Daily necessities,anchor,2026-08-31,2026-08-31
groceries-en-043,en,groceries,商超购物,Groceries,expense,"Bottled water, 5 bucks",5,CNY,Convenience store,anchor,2026-08-31,2026-08-31
groceries-en-044,en,groceries,商超购物,Groceries,expense,"Frozen dumplings, 38 yuan",38,CNY,Frozen food,anchor,2026-08-31,2026-08-31
groceries-en-045,en,groceries,商超购物,Groceries,expense,"Fruit at the wet market, 60 bucks",60,CNY,Fruit,anchor,2026-08-31,2026-08-31
groceries-en-046,en,groceries,商超购物,Groceries,expense,"Laundry detergent refill, 49 yuan",49,CNY,Household goods,anchor,2026-08-31,2026-08-31
groceries-en-047,en,groceries,商超购物,Groceries,expense,"Bread at the convenience store, 12 bucks",12,CNY,Convenience store,anchor,2026-08-31,2026-08-31
groceries-en-048,en,groceries,商超购物,Groceries,expense,"Bedding set, 299 yuan",299,CNY,Home textiles,anchor,2026-08-31,2026-08-31
groceries-en-049,en,groceries,商超购物,Groceries,expense,"Pots and pans, 150 bucks",150,CNY,Kitchenware,anchor,2026-08-31,2026-08-31
groceries-en-050,en,groceries,商超购物,Groceries,expense,"Snack gift pack, 88 yuan",88,CNY,Snacks,anchor,2026-08-31,2026-08-31
household_goods-en-001,en,household_goods,日用百货,Household Goods,expense,"Trash bags and dish soap yesterday, 35 yuan",35,CNY,Cleaning supplies,rel:-1,2026-08-30,2026-08-31
household_goods-en-002,en,household_goods,日用百货,Household Goods,expense,"Stocked up on toilet paper, 89 bucks",89,CNY,Paper goods,anchor,2026-08-31,2026-08-31
household_goods-en-003,en,household_goods,日用百货,Household Goods,expense,"Toiletries, 120 HKD",120,HKD,Toiletries,anchor,2026-08-31,2026-08-31
household_goods-en-004,en,household_goods,日用百货,Household Goods,expense,"Kitchen cleaning supplies this Wednesday, 56 yuan",56,CNY,Cleaning supplies,weekday:3,2026-09-02,2026-08-31
household_goods-en-005,en,household_goods,日用百货,Household Goods,expense,"Disposable face masks, 45 bucks",45,CNY,Face masks,anchor,2026-08-31,2026-08-31
household_goods-en-006,en,household_goods,日用百货,Household Goods,expense,"Umbrella and slippers, 78 yuan",78,CNY,Daily goods,anchor,2026-08-31,2026-08-31
household_goods-en-007,en,household_goods,日用百货,Household Goods,expense,"Storage boxes, 99 HKD",99,HKD,Storage,anchor,2026-08-31,2026-08-31
household_goods-en-008,en,household_goods,日用百货,Household Goods,expense,"Laundry detergent and fabric softener, 109 yuan",109,CNY,Household goods,anchor,2026-08-31,2026-08-31
household_goods-en-009,en,household_goods,日用百货,Household Goods,expense,"Mosquito repellent on Aug 12, 32 USD",32,USD,Mosquito repellent,ymd:2026-08-12,2026-08-12,2026-08-31
household_goods-en-010,en,household_goods,日用百货,Household Goods,expense,"Cling wrap and foil, 28 bucks",28,CNY,Kitchen supplies,anchor,2026-08-31,2026-08-31
household_goods-en-011,en,household_goods,日用百货,Household Goods,expense,"Toothpaste and toothbrush set, 42 yuan",42,CNY,Toiletries,anchor,2026-08-31,2026-08-31
household_goods-en-012,en,household_goods,日用百货,Household Goods,expense,"Mop and broom, 65 bucks",65,CNY,Cleaning tools,anchor,2026-08-31,2026-08-31
household_goods-en-013,en,household_goods,日用百货,Household Goods,expense,"Trash can, 25 yuan",25,CNY,Daily goods,anchor,2026-08-31,2026-08-31
household_goods-en-014,en,household_goods,日用百货,Household Goods,expense,"Clothes and pants hangers, 38 bucks",38,CNY,Storage,anchor,2026-08-31,2026-08-31
household_goods-en-015,en,household_goods,日用百货,Household Goods,expense,"Dish cloth and steel wool, 12 yuan",12,CNY,Cleaning,anchor,2026-08-31,2026-08-31
household_goods-en-016,en,household_goods,日用百货,Household Goods,expense,"Restocked tissue boxes today and tomorrow, 99 bucks",99,CNY,Paper goods,"rel:0,1",2026-08-31|2026-09-01,2026-08-31
household_goods-en-017,en,household_goods,日用百货,Household Goods,expense,"Toilet bowl cleaner, 18 yuan",18,CNY,Cleaning,anchor,2026-08-31,2026-08-31
household_goods-en-018,en,household_goods,日用百货,Household Goods,expense,"Disposable gloves, 15 bucks",15,CNY,Daily goods,anchor,2026-08-31,2026-08-31
household_goods-en-019,en,household_goods,日用百货,Household Goods,expense,"Kitchen cleaning cloths, 20 yuan",20,CNY,Cleaning,anchor,2026-08-31,2026-08-31
household_goods-en-020,en,household_goods,日用百货,Household Goods,expense,"Vacuum storage bags, 56 bucks",56,CNY,Storage,anchor,2026-08-31,2026-08-31
household_goods-en-021,en,household_goods,日用百货,Household Goods,expense,"Power strip, 49 yuan",49,CNY,Electrical accessories,anchor,2026-08-31,2026-08-31
household_goods-en-022,en,household_goods,日用百货,Household Goods,expense,"AA and AAA batteries, 25 bucks",25,CNY,Batteries,anchor,2026-08-31,2026-08-31
household_goods-en-023,en,household_goods,日用百货,Household Goods,expense,"LED light bulb, 30 yuan",30,CNY,Lighting,anchor,2026-08-31,2026-08-31
household_goods-en-024,en,household_goods,日用百货,Household Goods,expense,"Lint roller, 19 bucks",19,CNY,Daily goods,anchor,2026-08-31,2026-08-31
household_goods-en-025,en,household_goods,日用百货,Household Goods,expense,"Shoe brush and polish, 22 yuan",22,CNY,Daily goods,anchor,2026-08-31,2026-08-31
household_goods-en-026,en,household_goods,日用百货,Household Goods,expense,"Sewing kit, 15 bucks",15,CNY,Daily goods,anchor,2026-08-31,2026-08-31
household_goods-en-027,en,household_goods,日用百货,Household Goods,expense,"Toilet seat cover, 18 yuan",18,CNY,Daily goods,anchor,2026-08-31,2026-08-31
household_goods-en-028,en,household_goods,日用百货,Household Goods,expense,"Mothballs, 10 bucks",10,CNY,Daily goods,anchor,2026-08-31,2026-08-31
household_goods-en-029,en,household_goods,日用百货,Household Goods,expense,"Raincoat and rain boots, 68 yuan",68,CNY,Rain gear,anchor,2026-08-31,2026-08-31
household_goods-en-030,en,household_goods,日用百货,Household Goods,expense,"Thermos flask, 89 bucks",89,CNY,Drinkware,anchor,2026-08-31,2026-08-31
household_goods-en-031,en,household_goods,日用百货,Household Goods,expense,"Cutting board and kitchen knife, 128 yuan",128,CNY,Kitchenware,anchor,2026-08-31,2026-08-31
household_goods-en-032,en,household_goods,日用百货,Household Goods,expense,"Bowl and plate set, 199 bucks",199,CNY,Tableware,anchor,2026-08-31,2026-08-31
household_goods-en-033,en,household_goods,日用百货,Household Goods,expense,"Spice jars, 35 yuan",35,CNY,Kitchen supplies,anchor,2026-08-31,2026-08-31
household_goods-en-034,en,household_goods,日用百货,Household Goods,expense,"Fruit bowl, 28 bucks",28,CNY,Tableware,anchor,2026-08-31,2026-08-31
household_goods-en-035,en,household_goods,日用百货,Household Goods,expense,"Rinsing cup, 15 yuan",15,CNY,Toiletries,anchor,2026-08-31,2026-08-31
household_goods-en-036,en,household_goods,日用百货,Household Goods,expense,"Towels and bath towels, 79 bucks",79,CNY,Towels,anchor,2026-08-31,2026-08-31
household_goods-en-037,en,household_goods,日用百货,Household Goods,expense,"Face towels, 45 yuan",45,CNY,Toiletries,anchor,2026-08-31,2026-08-31
household_goods-en-038,en,household_goods,日用百货,Household Goods,expense,"Cotton swabs and floss, 18 bucks",18,CNY,Toiletries,anchor,2026-08-31,2026-08-31
household_goods-en-039,en,household_goods,日用百货,Household Goods,expense,"Hand soap, 25 yuan",25,CNY,Cleaning,anchor,2026-08-31,2026-08-31
household_goods-en-040,en,household_goods,日用百货,Household Goods,expense,"Body lotion, 68 bucks",68,CNY,Personal care,anchor,2026-08-31,2026-08-31
household_goods-en-041,en,household_goods,日用百货,Household Goods,expense,"Bar soap, 12 yuan",12,CNY,Personal care,anchor,2026-08-31,2026-08-31
household_goods-en-042,en,household_goods,日用百货,Household Goods,expense,"Trash can and bag set, 39 bucks",39,CNY,Cleaning,anchor,2026-08-31,2026-08-31
household_goods-en-043,en,household_goods,日用百货,Household Goods,expense,"Scouring pad, 8 yuan",8,CNY,Cleaning,anchor,2026-08-31,2026-08-31
household_goods-en-044,en,household_goods,日用百货,Household Goods,expense,"Disposable food containers, 22 bucks",22,CNY,Kitchen supplies,anchor,2026-08-31,2026-08-31
household_goods-en-045,en,household_goods,日用百货,Household Goods,expense,"Air freshener, 19 yuan",19,CNY,Daily goods,anchor,2026-08-31,2026-08-31
household_goods-en-046,en,household_goods,日用百货,Household Goods,expense,"Moisture absorbers, 25 bucks",25,CNY,Daily goods,anchor,2026-08-31,2026-08-31
household_goods-en-047,en,household_goods,日用百货,Household Goods,expense,"Airtight food containers, 48 yuan",48,CNY,Kitchen supplies,anchor,2026-08-31,2026-08-31
household_goods-en-048,en,household_goods,日用百货,Household Goods,expense,"Peeler and fruit knife, 28 bucks",28,CNY,Kitchenware,anchor,2026-08-31,2026-08-31
household_goods-en-049,en,household_goods,日用百货,Household Goods,expense,"Spatula and ladle, 35 yuan",35,CNY,Kitchenware,anchor,2026-08-31,2026-08-31
household_goods-en-050,en,household_goods,日用百货,Household Goods,expense,"Cleaning sponges, 10 bucks",10,CNY,Cleaning,anchor,2026-08-31,2026-08-31
rent-en-001,en,rent,房屋租金,Rent,expense,"Paid this month's rent yesterday, 3500 yuan",3500,CNY,Monthly rent,rel:-1,2026-08-30,2026-08-31
rent-en-002,en,rent,房屋租金,Rent,expense,"Quarterly rent payment, 12000 bucks",12000,CNY,Quarterly rent,anchor,2026-08-31,2026-08-31
rent-en-003,en,rent,房屋租金,Rent,expense,"Monthly rent in Hong Kong, 8000 HKD",8000,HKD,HK monthly rent,anchor,2026-08-31,2026-08-31
rent-en-004,en,rent,房屋租金,Rent,expense,"Single room monthly rent, 2200 yuan",2200,CNY,Single room,anchor,2026-08-31,2026-08-31
rent-en-005,en,rent,房屋租金,Rent,expense,"Apartment rent paid, 4500 bucks",4500,CNY,Apartment,anchor,2026-08-31,2026-08-31
rent-en-006,en,rent,房屋租金,Rent,expense,"Shop monthly rent this Monday, 12000 yuan",12000,CNY,Shop rent,weekday:1,2026-08-31,2026-08-31
rent-en-007,en,rent,房屋租金,Rent,expense,"Sublet income for spare room, 1800 HKD",1800,HKD,Sublet income,anchor,2026-08-31,2026-08-31
rent-en-008,en,rent,房屋租金,Rent,expense,"Annual rent after discount, 36000 yuan",36000,CNY,Annual rent,anchor,2026-08-31,2026-08-31
rent-en-009,en,rent,房屋租金,Rent,expense,"Monthly rent overseas, 1200 USD",1200,USD,Overseas rent,anchor,2026-08-31,2026-08-31
rent-en-010,en,rent,房屋租金,Rent,expense,"Loft apartment rent, 5500 bucks",5500,CNY,Loft,anchor,2026-08-31,2026-08-31
rent-en-011,en,rent,房屋租金,Rent,expense,"One-bedroom rent paid on Aug 1, 3000 yuan",3000,CNY,One-bedroom,ymd:2026-08-01,2026-08-01,2026-08-31
rent-en-012,en,rent,房屋租金,Rent,expense,"Two-bedroom monthly rent, 4800 bucks",4800,CNY,Two-bedroom,anchor,2026-08-31,2026-08-31
rent-en-013,en,rent,房屋租金,Rent,expense,"Monthly rent in Mong Kok, 9500 HKD",9500,HKD,Mong Kok,anchor,2026-08-31,2026-08-31
rent-en-014,en,rent,房屋租金,Rent,expense,"Village housing monthly rent, 1500 yuan",1500,CNY,Village housing,anchor,2026-08-31,2026-08-31
rent-en-015,en,rent,房屋租金,Rent,expense,"Office space monthly rent, 8000 bucks",8000,CNY,Office space,anchor,2026-08-31,2026-08-31
rent-en-016,en,rent,房屋租金,Rent,expense,"Three-bedroom monthly rent, 6500 yuan",6500,CNY,Three-bedroom,anchor,2026-08-31,2026-08-31
rent-en-017,en,rent,房屋租金,Rent,expense,"Dorm bed fee monthly, 800 bucks",800,CNY,Dorm,anchor,2026-08-31,2026-08-31
rent-en-018,en,rent,房屋租金,Rent,expense,"Central apartment monthly rent, 15000 HKD",15000,HKD,Central,anchor,2026-08-31,2026-08-31
rent-en-019,en,rent,房屋租金,Rent,expense,"Factory monthly rent, 20000 yuan",20000,CNY,Factory,anchor,2026-08-31,2026-08-31
rent-en-020,en,rent,房屋租金,Rent,expense,"Studio apartment monthly rent, 2800 bucks",2800,CNY,Studio,anchor,2026-08-31,2026-08-31
rent-en-021,en,rent,房屋租金,Rent,expense,"Rent deposit paid three days ago, 7000 yuan",7000,CNY,Deposit,rel:-3,2026-08-28,2026-08-31
rent-en-022,en,rent,房屋租金,Rent,expense,"Semi-annual rent payment, 21000 bucks",21000,CNY,Semi-annual rent,anchor,2026-08-31,2026-08-31
rent-en-023,en,rent,房屋租金,Rent,expense,"Tenement building monthly rent, 6500 HKD",6500,HKD,Tenement,anchor,2026-08-31,2026-08-31
rent-en-024,en,rent,房屋租金,Rent,expense,"Master bedroom with ensuite, 3200 yuan",3200,CNY,Master bedroom,anchor,2026-08-31,2026-08-31
rent-en-025,en,rent,房屋租金,Rent,expense,"Storefront monthly rent, 10000 bucks",10000,CNY,Storefront,anchor,2026-08-31,2026-08-31
rent-en-026,en,rent,房屋租金,Rent,expense,"Sea-view flat monthly rent, 12000 yuan",12000,CNY,Sea-view flat,anchor,2026-08-31,2026-08-31
rent-en-027,en,rent,房屋租金,Rent,expense,"Public housing monthly rent, 800 bucks",800,CNY,Public housing,anchor,2026-08-31,2026-08-31
rent-en-028,en,rent,房屋租金,Rent,expense,"Causeway Bay shop monthly rent, 30000 HKD",30000,HKD,Shop rent,anchor,2026-08-31,2026-08-31
rent-en-029,en,rent,房屋租金,Rent,expense,"Talent apartment monthly rent, 1800 yuan",1800,CNY,Talent apartment,anchor,2026-08-31,2026-08-31
rent-en-030,en,rent,房屋租金,Rent,expense,"Shared flat rent split, 1500 bucks",1500,CNY,Shared flat,anchor,2026-08-31,2026-08-31
rent-en-031,en,rent,房屋租金,Rent,expense,"Villa monthly rent, 25000 yuan",25000,CNY,Villa,anchor,2026-08-31,2026-08-31
rent-en-032,en,rent,房屋租金,Rent,expense,"Warehouse monthly rent, 5000 bucks",5000,CNY,Warehouse,anchor,2026-08-31,2026-08-31
rent-en-033,en,rent,房屋租金,Rent,expense,"Prince Edward apartment rent, 7500 HKD",7500,HKD,Prince Edward,anchor,2026-08-31,2026-08-31
rent-en-034,en,rent,房屋租金,Rent,expense,"Furnished two-bedroom rent, 5500 yuan",5500,CNY,Furnished two-bed,anchor,2026-08-31,2026-08-31
rent-en-035,en,rent,房屋租金,Rent,expense,"Basic one-bedroom rent, 1800 bucks",1800,CNY,Basic one-bed,anchor,2026-08-31,2026-08-31
rent-en-036,en,rent,房屋租金,Rent,expense,"Office monthly rent, 15000 yuan",15000,CNY,Office,anchor,2026-08-31,2026-08-31
rent-en-037,en,rent,房屋租金,Rent,expense,"Staff dorm monthly rent, 3000 bucks",3000,CNY,Staff dorm,anchor,2026-08-31,2026-08-31
rent-en-038,en,rent,房屋租金,Rent,expense,"Yau Ma Tei monthly rent, 5800 HKD",5800,HKD,Yau Ma Tei,anchor,2026-08-31,2026-08-31
rent-en-039,en,rent,房屋租金,Rent,expense,"School district flat rent, 7000 yuan",7000,CNY,School district,anchor,2026-08-31,2026-08-31
rent-en-040,en,rent,房屋租金,Rent,expense,"Ground-floor shop rent, 18000 bucks",18000,CNY,Ground-floor shop,anchor,2026-08-31,2026-08-31
rent-en-041,en,rent,房屋租金,Rent,expense,"Duplex apartment monthly rent, 8000 yuan",8000,CNY,Duplex,anchor,2026-08-31,2026-08-31
rent-en-042,en,rent,房屋租金,Rent,expense,"Rural house monthly rent, 1200 bucks",1200,CNY,Rural house,anchor,2026-08-31,2026-08-31
rent-en-043,en,rent,房屋租金,Rent,expense,"Tsim Sha Tsui serviced apartment rent, 20000 HKD",20000,HKD,Serviced apartment,anchor,2026-08-31,2026-08-31
rent-en-044,en,rent,房屋租金,Rent,expense,"Old estate two-bedroom rent, 2500 yuan",2500,CNY,Old estate,anchor,2026-08-31,2026-08-31
rent-en-045,en,rent,房屋租金,Rent,expense,"New estate three-bedroom rent, 6000 bucks",6000,CNY,New estate,anchor,2026-08-31,2026-08-31
rent-en-046,en,rent,房屋租金,Rent,expense,"Studio workspace monthly rent, 4000 yuan",4000,CNY,Workspace,anchor,2026-08-31,2026-08-31
rent-en-047,en,rent,房屋租金,Rent,expense,"Parking spot monthly rent, 300 bucks",300,CNY,Parking spot,anchor,2026-08-31,2026-08-31
rent-en-048,en,rent,房屋租金,Rent,expense,"North Point monthly rent, 9000 HKD",9000,HKD,North Point,anchor,2026-08-31,2026-08-31
rent-en-049,en,rent,房屋租金,Rent,expense,"Resettlement housing rent, 2000 yuan",2000,CNY,Resettlement housing,anchor,2026-08-31,2026-08-31
rent-en-050,en,rent,房屋租金,Rent,expense,"Apart-hotel monthly rent, 4500 bucks",4500,CNY,Apart-hotel,anchor,2026-08-31,2026-08-31
property_mgmt-en-001,en,property_mgmt,物业费用,Property Fees,expense,"Paid this month's property fee yesterday, 280 yuan",280,CNY,Monthly property fee,rel:-1,2026-08-30,2026-08-31
property_mgmt-en-002,en,property_mgmt,物业费用,Property Fees,expense,Quarterly property fee came to 840 bucks,840,CNY,Quarterly property fee,anchor,2026-08-31,2026-08-31
property_mgmt-en-003,en,property_mgmt,物业费用,Property Fees,expense,"Estate property fee 3.5 yuan per sqm, total 320 HKD",320,HKD,Per square meter,anchor,2026-08-31,2026-08-31
property_mgmt-en-004,en,property_mgmt,物业费用,Property Fees,expense,"Paid office building property fee, 1500 yuan",1500,CNY,Office building,anchor,2026-08-31,2026-08-31
property_mgmt-en-005,en,property_mgmt,物业费用,Property Fees,expense,"Paid shared building expense this Friday, 50 bucks",50,CNY,Shared expense,weekday:5,2026-09-04,2026-08-31
property_mgmt-en-006,en,property_mgmt,物业费用,Property Fees,expense,"Annual property fee after discount, 2800 yuan",2800,CNY,Annual property fee,anchor,2026-08-31,2026-08-31
property_mgmt-en-007,en,property_mgmt,物业费用,Property Fees,expense,Apartment management fee 150 HKD a month,150,HKD,Management fee,anchor,2026-08-31,2026-08-31
property_mgmt-en-008,en,property_mgmt,物业费用,Property Fees,expense,"Paid garbage removal fee, 80 yuan",80,CNY,Garbage removal,anchor,2026-08-31,2026-08-31
property_mgmt-en-009,en,property_mgmt,物业费用,Property Fees,expense,"Paid overseas apartment property fee on Aug 5, 180 USD",180,USD,Overseas property,ymd:2026-08-05,2026-08-05,2026-08-31
property_mgmt-en-010,en,property_mgmt,物业费用,Property Fees,expense,"Paid industrial park property fee, 450 bucks",450,CNY,Industrial park,anchor,2026-08-31,2026-08-31
property_mgmt-en-011,en,property_mgmt,物业费用,Property Fees,expense,High-rise residential property fee 350 yuan a month,350,CNY,High-rise,anchor,2026-08-31,2026-08-31
property_mgmt-en-012,en,property_mgmt,物业费用,Property Fees,expense,Villa property fee 800 bucks a month,800,CNY,Villa,anchor,2026-08-31,2026-08-31
property_mgmt-en-013,en,property_mgmt,物业费用,Property Fees,expense,"Commercial building property fee 10 yuan per sqm, total 1200 HKD",1200,HKD,Commercial property,anchor,2026-08-31,2026-08-31
property_mgmt-en-014,en,property_mgmt,物业费用,Property Fees,expense,Parking management fee 100 yuan a month,100,CNY,Parking management,anchor,2026-08-31,2026-08-31
property_mgmt-en-015,en,property_mgmt,物业费用,Property Fees,expense,Property repair fee cost 200 bucks,200,CNY,Repairs,anchor,2026-08-31,2026-08-31
property_mgmt-en-016,en,property_mgmt,物业费用,Property Fees,expense,Half-year property fee 1500 yuan,1500,CNY,Half-year property fee,anchor,2026-08-31,2026-08-31
property_mgmt-en-017,en,property_mgmt,物业费用,Property Fees,expense,Serviced apartment management fee 300 HKD a month,300,HKD,Management fee,anchor,2026-08-31,2026-08-31
property_mgmt-en-018,en,property_mgmt,物业费用,Property Fees,expense,Renovation debris removal fee 500 yuan,500,CNY,Renovation debris removal,anchor,2026-08-31,2026-08-31
property_mgmt-en-019,en,property_mgmt,物业费用,Property Fees,expense,Property fee late charge 20 bucks,20,CNY,Late fee,anchor,2026-08-31,2026-08-31
property_mgmt-en-020,en,property_mgmt,物业费用,Property Fees,expense,Industrial park property fee 2000 yuan a month,2000,CNY,Industrial park,anchor,2026-08-31,2026-08-31
property_mgmt-en-021,en,property_mgmt,物业费用,Property Fees,expense,Landscaping fee share 50 yuan,50,CNY,Landscaping fee,anchor,2026-08-31,2026-08-31
property_mgmt-en-022,en,property_mgmt,物业费用,Property Fees,expense,Elevator maintenance 80 bucks a month,80,CNY,Elevator maintenance,anchor,2026-08-31,2026-08-31
property_mgmt-en-023,en,property_mgmt,物业费用,Property Fees,expense,HK estate management fee 400 HKD a month,400,HKD,Estate management,anchor,2026-08-31,2026-08-31
property_mgmt-en-024,en,property_mgmt,物业费用,Property Fees,expense,Mixed-use building property fee 600 yuan a month,600,CNY,Mixed-use building,anchor,2026-08-31,2026-08-31
property_mgmt-en-025,en,property_mgmt,物业费用,Property Fees,expense,Security fee share 30 bucks a month,30,CNY,Security fee,anchor,2026-08-31,2026-08-31
property_mgmt-en-026,en,property_mgmt,物业费用,Property Fees,expense,Annual property fee 3360 yuan,3360,CNY,Annual property fee,anchor,2026-08-31,2026-08-31
property_mgmt-en-027,en,property_mgmt,物业费用,Property Fees,expense,Common area energy fee 50 HKD a month,50,HKD,Common area utilities,anchor,2026-08-31,2026-08-31
property_mgmt-en-028,en,property_mgmt,物业费用,Property Fees,expense,Access control maintenance fee 80 yuan,80,CNY,Access control maintenance,anchor,2026-08-31,2026-08-31
property_mgmt-en-029,en,property_mgmt,物业费用,Property Fees,expense,Pool maintenance share 100 bucks,100,CNY,Pool maintenance,anchor,2026-08-31,2026-08-31
property_mgmt-en-030,en,property_mgmt,物业费用,Property Fees,expense,Office AC fee 500 yuan a month,500,CNY,AC fee,anchor,2026-08-31,2026-08-31
property_mgmt-en-031,en,property_mgmt,物业费用,Property Fees,expense,Common water and electric 60 bucks a month,60,CNY,Common utilities,anchor,2026-08-31,2026-08-31
property_mgmt-en-032,en,property_mgmt,物业费用,Property Fees,expense,Public housing management fee 80 HKD a month,80,HKD,Public housing,anchor,2026-08-31,2026-08-31
property_mgmt-en-033,en,property_mgmt,物业费用,Property Fees,expense,Shop property fee 200 yuan a month,200,CNY,Shop property fee,anchor,2026-08-31,2026-08-31
property_mgmt-en-034,en,property_mgmt,物业费用,Property Fees,expense,"Prepaid property fee for a year, 3000 bucks",3000,CNY,Prepaid property fee,anchor,2026-08-31,2026-08-31
property_mgmt-en-035,en,property_mgmt,物业费用,Property Fees,expense,Low-rise residential property fee 180 yuan a month,180,CNY,Low-rise building,anchor,2026-08-31,2026-08-31
property_mgmt-en-036,en,property_mgmt,物业费用,Property Fees,expense,Business center property fee 800 bucks a month,800,CNY,Business center,anchor,2026-08-31,2026-08-31
property_mgmt-en-037,en,property_mgmt,物业费用,Property Fees,expense,Home Ownership Scheme management fee 250 HKD a month,250,HKD,Home Ownership Scheme,anchor,2026-08-31,2026-08-31
property_mgmt-en-038,en,property_mgmt,物业费用,Property Fees,expense,Community renovation fee share 500 yuan,500,CNY,Renovation fee,anchor,2026-08-31,2026-08-31
property_mgmt-en-039,en,property_mgmt,物业费用,Property Fees,expense,Parking spot management fee 50 bucks a month,50,CNY,Parking spot fee,anchor,2026-08-31,2026-08-31
property_mgmt-en-040,en,property_mgmt,物业费用,Property Fees,expense,Apartment property fee 220 yuan a month,220,CNY,Apartment property fee,anchor,2026-08-31,2026-08-31
property_mgmt-en-041,en,property_mgmt,物业费用,Property Fees,expense,Mall property fee 1500 bucks a month,1500,CNY,Mall property fee,anchor,2026-08-31,2026-08-31
property_mgmt-en-042,en,property_mgmt,物业费用,Property Fees,expense,Luxury property fee 1200 HKD a month,1200,HKD,Luxury property fee,anchor,2026-08-31,2026-08-31
property_mgmt-en-043,en,property_mgmt,物业费用,Property Fees,expense,Standard residential property fee 200 yuan a month,200,CNY,Standard residential,anchor,2026-08-31,2026-08-31
property_mgmt-en-044,en,property_mgmt,物业费用,Property Fees,expense,"Property fee after increase, 320 bucks a month",320,CNY,After price increase,anchor,2026-08-31,2026-08-31
property_mgmt-en-045,en,property_mgmt,物业费用,Property Fees,expense,Industrial park property fee 1000 yuan a month,1000,CNY,Industrial park,anchor,2026-08-31,2026-08-31
property_mgmt-en-046,en,property_mgmt,物业费用,Property Fees,expense,Sanitation fee 15 bucks a month,15,CNY,Sanitation fee,anchor,2026-08-31,2026-08-31
property_mgmt-en-047,en,property_mgmt,物业费用,Property Fees,expense,Ding house management fee 180 HKD a month,180,HKD,Ding house,anchor,2026-08-31,2026-08-31
property_mgmt-en-048,en,property_mgmt,物业费用,Property Fees,expense,Mixed residential-commercial property fee 450 yuan a month,450,CNY,Mixed residential-commercial,anchor,2026-08-31,2026-08-31
property_mgmt-en-049,en,property_mgmt,物业费用,Property Fees,expense,Property-collected sewage fee 30 bucks,30,CNY,Sewage fee,anchor,2026-08-31,2026-08-31
property_mgmt-en-050,en,property_mgmt,物业费用,Property Fees,expense,"Annual property fee with 10% off, 2900 yuan",2900,CNY,Annual discount,anchor,2026-08-31,2026-08-31
utilities-en-001,en,utilities,水电燃气,Utilities,expense,"Paid this month's electric bill yesterday, 180 yuan",180,CNY,Electric bill,rel:-1,2026-08-30,2026-08-31
utilities-en-002,en,utilities,水电燃气,Utilities,expense,Water bill came to 45 bucks,45,CNY,Water bill,anchor,2026-08-31,2026-08-31
utilities-en-003,en,utilities,水电燃气,Utilities,expense,"Topped up gas bill this Tuesday, 200 HKD",200,HKD,Gas bill,weekday:2,2026-09-01,2026-08-31
utilities-en-004,en,utilities,水电燃气,Utilities,expense,"Paid water and electric together, 260 yuan",260,CNY,Water and electric,anchor,2026-08-31,2026-08-31
utilities-en-005,en,utilities,水电燃气,Utilities,expense,Summer AC electric bill 320 bucks,320,CNY,Summer AC bill,anchor,2026-08-31,2026-08-31
utilities-en-006,en,utilities,水电燃气,Utilities,expense,Gas water heater bill 85 yuan,85,CNY,Gas,anchor,2026-08-31,2026-08-31
utilities-en-007,en,utilities,水电燃气,Utilities,expense,"Paid commercial electric bill on Aug 10, 560 HKD",560,HKD,Commercial electric,ymd:2026-08-10,2026-08-10,2026-08-31
utilities-en-008,en,utilities,水电燃气,Utilities,expense,"Ordered 10 water jugs, 120 yuan",120,CNY,Bottled water,anchor,2026-08-31,2026-08-31
utilities-en-009,en,utilities,水电燃气,Utilities,expense,Overseas apartment utilities 150 USD,150,USD,Overseas utilities,anchor,2026-08-31,2026-08-31
utilities-en-010,en,utilities,水电燃气,Utilities,expense,Heating bill 2400 bucks,2400,CNY,Heating bill,anchor,2026-08-31,2026-08-31
utilities-en-011,en,utilities,水电燃气,Utilities,expense,"Topped up electric bill, 200 yuan",200,CNY,Electric top-up,anchor,2026-08-31,2026-08-31
utilities-en-012,en,utilities,水电燃气,Utilities,expense,Sewage treatment fee 15 bucks a month,15,CNY,Sewage fee,anchor,2026-08-31,2026-08-31
utilities-en-013,en,utilities,水电燃气,Utilities,expense,"Gas cylinder swap today and tomorrow, 120 HKD each time",120,HKD,Gas cylinder swap,"rel:0,1",2026-08-31|2026-09-01,2026-08-31
utilities-en-014,en,utilities,水电燃气,Utilities,expense,Second-tier electric bill 210 yuan,210,CNY,Tiered electric bill,anchor,2026-08-31,2026-08-31
utilities-en-015,en,utilities,水电燃气,Utilities,expense,Water plus sewage fee total 60 bucks,60,CNY,Water total,anchor,2026-08-31,2026-08-31
utilities-en-016,en,utilities,水电燃气,Utilities,expense,Natural gas account opening fee 300 yuan,300,CNY,Account opening fee,anchor,2026-08-31,2026-08-31
utilities-en-017,en,utilities,水电燃气,Utilities,expense,Water jug deposit 50 bucks,50,CNY,Deposit,anchor,2026-08-31,2026-08-31
utilities-en-018,en,utilities,水电燃气,Utilities,expense,HK electric bill 400 HKD a month,400,HKD,HK electric bill,anchor,2026-08-31,2026-08-31
utilities-en-019,en,utilities,水电燃气,Utilities,expense,Commercial electric bill 800 yuan,800,CNY,Commercial electric,anchor,2026-08-31,2026-08-31
utilities-en-020,en,utilities,水电燃气,Utilities,expense,Gas alarm install fee 150 bucks,150,CNY,Gas alarm install,anchor,2026-08-31,2026-08-31
utilities-en-021,en,utilities,水电燃气,Utilities,expense,Prepaid meter top-up 300 yuan,300,CNY,Meter top-up,anchor,2026-08-31,2026-08-31
utilities-en-022,en,utilities,水电燃气,Utilities,expense,Tap water account opening fee 200 bucks,200,CNY,Account opening fee,anchor,2026-08-31,2026-08-31
utilities-en-023,en,utilities,水电燃气,Utilities,expense,Bottled water delivery 80 HKD a month,80,HKD,Bottled water delivery,anchor,2026-08-31,2026-08-31
utilities-en-024,en,utilities,水电燃气,Utilities,expense,Peak-off-peak electric total 250 yuan,250,CNY,Peak-off-peak electric,anchor,2026-08-31,2026-08-31
utilities-en-025,en,utilities,水电燃气,Utilities,expense,Gas stove repair 80 bucks,80,CNY,Stove repair,anchor,2026-08-31,2026-08-31
utilities-en-026,en,utilities,水电燃气,Utilities,expense,Utility payment service fee 5 yuan,5,CNY,Payment service fee,anchor,2026-08-31,2026-08-31
utilities-en-027,en,utilities,水电燃气,Utilities,expense,Industrial electric bill 1500 bucks,1500,CNY,Industrial electric,anchor,2026-08-31,2026-08-31
utilities-en-028,en,utilities,水电燃气,Utilities,expense,HK water bill 80 HKD a month,80,HKD,HK water bill,anchor,2026-08-31,2026-08-31
utilities-en-029,en,utilities,水电燃气,Utilities,expense,"Paid overdue electric bill, 220 yuan",220,CNY,Arrears payment,anchor,2026-08-31,2026-08-31
utilities-en-030,en,utilities,水电燃气,Utilities,expense,Gas hose replacement 30 bucks,30,CNY,Gas hose replacement,anchor,2026-08-31,2026-08-31
utilities-en-031,en,utilities,水电燃气,Utilities,expense,Water dispenser refill 25 yuan,25,CNY,Water dispenser refill,anchor,2026-08-31,2026-08-31
utilities-en-032,en,utilities,水电燃气,Utilities,expense,Electric late payment penalty 10 bucks,10,CNY,Late payment penalty,anchor,2026-08-31,2026-08-31
utilities-en-033,en,utilities,水电燃气,Utilities,expense,Piped gas hookup fee 2500 yuan,2500,CNY,Gas hookup fee,anchor,2026-08-31,2026-08-31
utilities-en-034,en,utilities,水电燃气,Utilities,expense,Utility account transfer fee 50 bucks,50,CNY,Transfer fee,anchor,2026-08-31,2026-08-31
utilities-en-035,en,utilities,水电燃气,Utilities,expense,HK gas bill 300 HKD a month,300,HKD,HK gas bill,anchor,2026-08-31,2026-08-31
utilities-en-036,en,utilities,水电燃气,Utilities,expense,Rental unit utilities 200 yuan a month,200,CNY,Rental unit utilities,anchor,2026-08-31,2026-08-31
utilities-en-037,en,utilities,水电燃气,Utilities,expense,Water heater cleaning 80 bucks,80,CNY,Water heater cleaning,anchor,2026-08-31,2026-08-31
utilities-en-038,en,utilities,水电燃气,Utilities,expense,Water meter replacement 150 yuan,150,CNY,Water meter replacement,anchor,2026-08-31,2026-08-31
utilities-en-039,en,utilities,水电燃气,Utilities,expense,Electric meter calibration 50 bucks,50,CNY,Meter calibration,anchor,2026-08-31,2026-08-31
utilities-en-040,en,utilities,水电燃气,Utilities,expense,"Commercial water 5 yuan per ton, total 120 yuan",120,CNY,Commercial water,anchor,2026-08-31,2026-08-31
utilities-en-041,en,utilities,水电燃气,Utilities,expense,Gas insurance 20 yuan a year,20,CNY,Gas insurance,anchor,2026-08-31,2026-08-31
utilities-en-042,en,utilities,水电燃气,Utilities,expense,"Bottled water buy-10-get-2 deal, 200 bucks",200,CNY,Bottled water,anchor,2026-08-31,2026-08-31
utilities-en-043,en,utilities,水电燃气,Utilities,expense,"HK electric bill after subsidy, 350 HKD a month",350,HKD,After subsidy,anchor,2026-08-31,2026-08-31
utilities-en-044,en,utilities,水电燃气,Utilities,expense,"Residential electric 0.5 yuan per kWh, total 180 yuan",180,CNY,Residential electric,anchor,2026-08-31,2026-08-31
utilities-en-045,en,utilities,水电燃气,Utilities,expense,Gas meter replacement 280 bucks,280,CNY,Gas meter replacement,anchor,2026-08-31,2026-08-31
utilities-en-046,en,utilities,水电燃气,Utilities,expense,Shared hallway electric 10 yuan a month,10,CNY,Shared hallway electric,anchor,2026-08-31,2026-08-31
utilities-en-047,en,utilities,水电燃气,Utilities,expense,Secondary water supply fee 20 bucks a month,20,CNY,Secondary water supply,anchor,2026-08-31,2026-08-31
utilities-en-048,en,utilities,水电燃气,Utilities,expense,High-power electric upgrade fee 500 yuan,500,CNY,Power upgrade fee,anchor,2026-08-31,2026-08-31
utilities-en-049,en,utilities,水电燃气,Utilities,expense,Utility repair service call 60 bucks,60,CNY,Service call fee,anchor,2026-08-31,2026-08-31
utilities-en-050,en,utilities,水电燃气,Utilities,expense,One LPG cylinder 130 yuan,130,CNY,LPG cylinder,anchor,2026-08-31,2026-08-31
mobile_phone-en-001,en,mobile_phone,通讯话费,Mobile and Phone,expense,"Topped up phone credit yesterday, 100 yuan",100,CNY,Phone top-up,rel:-1,2026-08-30,2026-08-31
mobile_phone-en-002,en,mobile_phone,通讯话费,Mobile and Phone,expense,Phone bill came to 58 bucks,58,CNY,Phone bill,anchor,2026-08-31,2026-08-31
mobile_phone-en-003,en,mobile_phone,通讯话费,Mobile and Phone,expense,"Topped up HK phone card, 200 HKD",200,HKD,SIM top-up,anchor,2026-08-31,2026-08-31
mobile_phone-en-004,en,mobile_phone,通讯话费,Mobile and Phone,expense,"Data package renewal every day this week, 30 yuan",30,CNY,Data package,week:0,2026-08-31|2026-09-01|2026-09-02|2026-09-03|2026-09-04|2026-09-05|2026-09-06,2026-08-31
mobile_phone-en-005,en,mobile_phone,通讯话费,Mobile and Phone,expense,International call charges 120 bucks,120,CNY,International calls,anchor,2026-08-31,2026-08-31
mobile_phone-en-006,en,mobile_phone,通讯话费,Mobile and Phone,expense,Phone plan charge 99 yuan,99,CNY,Plan charge,anchor,2026-08-31,2026-08-31
mobile_phone-en-007,en,mobile_phone,通讯话费,Mobile and Phone,expense,Phone card monthly fee 68 HKD,68,HKD,Monthly fee,anchor,2026-08-31,2026-08-31
mobile_phone-en-008,en,mobile_phone,通讯话费,Mobile and Phone,expense,Roaming charges 45 yuan,45,CNY,Roaming,anchor,2026-08-31,2026-08-31
mobile_phone-en-009,en,mobile_phone,通讯话费,Mobile and Phone,expense,"Overseas SIM top-up today and tomorrow, 50 USD each",50,USD,Overseas SIM,"rel:0,1",2026-08-31|2026-09-01,2026-08-31
mobile_phone-en-010,en,mobile_phone,通讯话费,Mobile and Phone,expense,Broadband bundle phone charge 129 bucks,129,CNY,Broadband bundle,anchor,2026-08-31,2026-08-31
mobile_phone-en-011,en,mobile_phone,通讯话费,Mobile and Phone,expense,Number retention fee 5 yuan a month,5,CNY,Number retention fee,anchor,2026-08-31,2026-08-31
mobile_phone-en-012,en,mobile_phone,通讯话费,Mobile and Phone,expense,"Topped up low balance, 200 bucks",200,CNY,Top-up,anchor,2026-08-31,2026-08-31
mobile_phone-en-013,en,mobile_phone,通讯话费,Mobile and Phone,expense,HK contract plan 128 HKD a month,128,HKD,Contract plan,anchor,2026-08-31,2026-08-31
mobile_phone-en-014,en,mobile_phone,通讯话费,Mobile and Phone,expense,SMS package 10 yuan for 100 texts,10,CNY,SMS package,anchor,2026-08-31,2026-08-31
mobile_phone-en-015,en,mobile_phone,通讯话费,Mobile and Phone,expense,"Caller ID fee this Thursday, 6 bucks a month",6,CNY,Caller ID fee,weekday:4,2026-09-03,2026-08-31
mobile_phone-en-016,en,mobile_phone,通讯话费,Mobile and Phone,expense,Out-of-area call charges 25 yuan,25,CNY,Out-of-area calls,anchor,2026-08-31,2026-08-31
mobile_phone-en-017,en,mobile_phone,通讯话费,Mobile and Phone,expense,SIM replacement fee 20 bucks,20,CNY,SIM replacement,anchor,2026-08-31,2026-08-31
mobile_phone-en-018,en,mobile_phone,通讯话费,Mobile and Phone,expense,HK prepaid card top-up 100 HKD,100,HKD,Prepaid card,anchor,2026-08-31,2026-08-31
mobile_phone-en-019,en,mobile_phone,通讯话费,Mobile and Phone,expense,Corporate short code fee 10 yuan a month,10,CNY,Short code fee,anchor,2026-08-31,2026-08-31
mobile_phone-en-020,en,mobile_phone,通讯话费,Mobile and Phone,expense,"Paid overdue phone bill, 80 bucks",80,CNY,Arrears payment,anchor,2026-08-31,2026-08-31
mobile_phone-en-021,en,mobile_phone,通讯话费,Mobile and Phone,expense,"Value-added service fee on Aug 9, 15 yuan a month",15,CNY,Value-added service,ymd:2026-08-09,2026-08-09,2026-08-31
mobile_phone-en-022,en,mobile_phone,通讯话费,Mobile and Phone,expense,International roaming day pass 30 yuan,30,CNY,International roaming,anchor,2026-08-31,2026-08-31
mobile_phone-en-023,en,mobile_phone,通讯话费,Mobile and Phone,expense,Hutchison monthly fee 98 HKD,98,HKD,Monthly fee,anchor,2026-08-31,2026-08-31
mobile_phone-en-024,en,mobile_phone,通讯话费,Mobile and Phone,expense,Family number plan 5 yuan a month,5,CNY,Family number plan,anchor,2026-08-31,2026-08-31
mobile_phone-en-025,en,mobile_phone,通讯话费,Mobile and Phone,expense,Phone bill receipt printing fee 2 bucks,2,CNY,Receipt printing fee,anchor,2026-08-31,2026-08-31
mobile_phone-en-026,en,mobile_phone,通讯话费,Mobile and Phone,expense,4G to 5G plan upgrade 129 yuan a month,129,CNY,Plan upgrade,anchor,2026-08-31,2026-08-31
mobile_phone-en-027,en,mobile_phone,通讯话费,Mobile and Phone,expense,HK number transfer fee 50 HKD,50,HKD,Number transfer fee,anchor,2026-08-31,2026-08-31
mobile_phone-en-028,en,mobile_phone,通讯话费,Mobile and Phone,expense,Ringtone service 8 yuan a month,8,CNY,Ringtone service,anchor,2026-08-31,2026-08-31
mobile_phone-en-029,en,mobile_phone,通讯话费,Mobile and Phone,expense,Overtime call charge 30 bucks,30,CNY,Overtime charge,anchor,2026-08-31,2026-08-31
mobile_phone-en-030,en,mobile_phone,通讯话费,Mobile and Phone,expense,Secondary SIM fee 10 yuan a month,10,CNY,Secondary SIM,anchor,2026-08-31,2026-08-31
mobile_phone-en-031,en,mobile_phone,通讯话费,Mobile and Phone,expense,"HK roaming to mainland every day last week, 28 HKD daily",28,HKD,Roaming,week:-1,2026-08-24|2026-08-25|2026-08-26|2026-08-27|2026-08-28|2026-08-29|2026-08-30,2026-08-31
mobile_phone-en-032,en,mobile_phone,通讯话费,Mobile and Phone,expense,Points redeemed for 50 yuan off bill,50,CNY,Points redemption,anchor,2026-08-31,2026-08-31
mobile_phone-en-033,en,mobile_phone,通讯话费,Mobile and Phone,expense,Spam call blocker 3 yuan a month,3,CNY,Spam call blocker,anchor,2026-08-31,2026-08-31
mobile_phone-en-034,en,mobile_phone,通讯话费,Mobile and Phone,expense,Vanity number deposit 500 yuan,500,CNY,Vanity number deposit,anchor,2026-08-31,2026-08-31
mobile_phone-en-035,en,mobile_phone,通讯话费,Mobile and Phone,expense,HK contract deposit 200 HKD,200,HKD,Contract deposit,anchor,2026-08-31,2026-08-31
mobile_phone-en-036,en,mobile_phone,通讯话费,Mobile and Phone,expense,Night call package 10 yuan a month,10,CNY,Night call package,anchor,2026-08-31,2026-08-31
mobile_phone-en-037,en,mobile_phone,通讯话费,Mobile and Phone,expense,Domestic call plan 68 yuan a month,68,CNY,Call plan,anchor,2026-08-31,2026-08-31
mobile_phone-en-038,en,mobile_phone,通讯话费,Mobile and Phone,expense,HK unlimited local calls plan 88 HKD,88,HKD,Unlimited local calls,anchor,2026-08-31,2026-08-31
mobile_phone-en-039,en,mobile_phone,通讯话费,Mobile and Phone,expense,"Checked balance, 52 yuan left",52,CNY,Balance check,anchor,2026-08-31,2026-08-31
mobile_phone-en-040,en,mobile_phone,通讯话费,Mobile and Phone,expense,Overcharged phone bill refund 30 bucks,30,CNY,Refund,anchor,2026-08-31,2026-08-31
mobile_phone-en-041,en,mobile_phone,通讯话费,Mobile and Phone,expense,Final phone bill on account closure 45 yuan,45,CNY,Account closure,anchor,2026-08-31,2026-08-31
mobile_phone-en-042,en,mobile_phone,通讯话费,Mobile and Phone,expense,HK dual-number plan 50 HKD a month,50,HKD,Dual-number plan,anchor,2026-08-31,2026-08-31
mobile_phone-en-043,en,mobile_phone,通讯话费,Mobile and Phone,expense,App-specific data plan 19 yuan a month,19,CNY,App-specific data,anchor,2026-08-31,2026-08-31
mobile_phone-en-044,en,mobile_phone,通讯话费,Mobile and Phone,expense,General data package 50 yuan for 20GB,50,CNY,General data package,anchor,2026-08-31,2026-08-31
mobile_phone-en-045,en,mobile_phone,通讯话费,Mobile and Phone,expense,HK daily data plan 20 HKD,20,HKD,Data plan,anchor,2026-08-31,2026-08-31
mobile_phone-en-046,en,mobile_phone,通讯话费,Mobile and Phone,expense,Auto phone bill payment 99 yuan,99,CNY,Auto payment,anchor,2026-08-31,2026-08-31
mobile_phone-en-047,en,mobile_phone,通讯话费,Mobile and Phone,expense,Remote SIM replacement fee 30 bucks,30,CNY,Remote SIM replacement,anchor,2026-08-31,2026-08-31
mobile_phone-en-048,en,mobile_phone,通讯话费,Mobile and Phone,expense,"HK phone card top-up promo, paid 200 HKD",200,HKD,Top-up promo,anchor,2026-08-31,2026-08-31
mobile_phone-en-049,en,mobile_phone,通讯话费,Mobile and Phone,expense,HK 5G plan 168 HKD a month,168,HKD,5G plan,anchor,2026-08-31,2026-08-31
mobile_phone-en-050,en,mobile_phone,通讯话费,Mobile and Phone,expense,"Topped up phone balance, 50 yuan",50,CNY,Top-up,anchor,2026-08-31,2026-08-31
broadband-en-001,en,broadband,宽带网络,Broadband,expense,"Paid annual broadband fee, 600 yuan",600,CNY,Annual fee,anchor,2026-08-31,2026-08-31
broadband-en-002,en,broadband,宽带网络,Broadband,expense,"Monthly internet fee deducted yesterday, 50 bucks",50,CNY,Monthly fee,rel:-1,2026-08-30,2026-08-31
broadband-en-003,en,broadband,宽带网络,Broadband,expense,HK fiber broadband monthly fee 128 HKD,128,HKD,Fiber monthly fee,anchor,2026-08-31,2026-08-31
broadband-en-004,en,broadband,宽带网络,Broadband,expense,Broadband speed upgrade 200 yuan,200,CNY,Speed upgrade,anchor,2026-08-31,2026-08-31
broadband-en-005,en,broadband,宽带网络,Broadband,expense,Broadband installation fee 100 bucks,100,CNY,Installation fee,anchor,2026-08-31,2026-08-31
broadband-en-006,en,broadband,宽带网络,Broadband,expense,"Home gigabit broadband annual fee this Monday, 960 yuan",960,CNY,Gigabit annual fee,weekday:1,2026-08-31,2026-08-31
broadband-en-007,en,broadband,宽带网络,Broadband,expense,Business broadband monthly fee 380 HKD,380,HKD,Business broadband,anchor,2026-08-31,2026-08-31
broadband-en-008,en,broadband,宽带网络,Broadband,expense,Router rental 20 yuan a month,20,CNY,Router rental,anchor,2026-08-31,2026-08-31
broadband-en-009,en,broadband,宽带网络,Broadband,expense,Overseas internet fee 80 USD,80,USD,Overseas internet,anchor,2026-08-31,2026-08-31
broadband-en-010,en,broadband,宽带网络,Broadband,expense,"Broadband renewal after discount, 500 bucks",500,CNY,Renewal,anchor,2026-08-31,2026-08-31
broadband-en-011,en,broadband,宽带网络,Broadband,expense,"Broadband relocation fee on Aug 3, 80 yuan",80,CNY,Relocation,ymd:2026-08-03,2026-08-03,2026-08-31
broadband-en-012,en,broadband,宽带网络,Broadband,expense,Modem deposit 100 bucks,100,CNY,Modem deposit,anchor,2026-08-31,2026-08-31
broadband-en-013,en,broadband,宽带网络,Broadband,expense,HK 1000M broadband monthly fee 198 HKD,198,HKD,Gigabit monthly fee,anchor,2026-08-31,2026-08-31
broadband-en-014,en,broadband,宽带网络,Broadband,expense,Speed test refund 50 yuan,50,CNY,Refund,anchor,2026-08-31,2026-08-31
broadband-en-015,en,broadband,宽带网络,Broadband,expense,Broadband install labor fee 150 bucks,150,CNY,Installation labor,anchor,2026-08-31,2026-08-31
broadband-en-016,en,broadband,宽带网络,Broadband,expense,Campus broadband half-year fee 280 yuan,280,CNY,Campus broadband,anchor,2026-08-31,2026-08-31
broadband-en-017,en,broadband,宽带网络,Broadband,expense,HK residential broadband monthly fee 99 HKD,99,HKD,Residential broadband,anchor,2026-08-31,2026-08-31
broadband-en-018,en,broadband,宽带网络,Broadband,expense,Broadband repair visit 50 yuan,50,CNY,Repair visit,anchor,2026-08-31,2026-08-31
broadband-en-019,en,broadband,宽带网络,Broadband,expense,Broadband plus IPTV add-on 30 bucks a month,30,CNY,IPTV add-on,anchor,2026-08-31,2026-08-31
broadband-en-020,en,broadband,宽带网络,Broadband,expense,Enterprise broadband annual fee 5000 yuan,5000,CNY,Enterprise broadband,anchor,2026-08-31,2026-08-31
broadband-en-021,en,broadband,宽带网络,Broadband,expense,Broadband cancellation penalty 80 bucks,80,CNY,Cancellation fee,anchor,2026-08-31,2026-08-31
broadband-en-022,en,broadband,宽带网络,Broadband,expense,HK commercial broadband monthly fee 480 HKD,480,HKD,Commercial broadband,anchor,2026-08-31,2026-08-31
broadband-en-023,en,broadband,宽带网络,Broadband,expense,Wireless broadband 60 yuan a month,60,CNY,Wireless broadband,anchor,2026-08-31,2026-08-31
broadband-en-024,en,broadband,宽带网络,Broadband,expense,Broadband plan with phone bundle 129 bucks a month,129,CNY,Phone bundle,anchor,2026-08-31,2026-08-31
broadband-en-025,en,broadband,宽带网络,Broadband,expense,Fiber install labor fee 200 yuan,200,CNY,Fiber install labor,anchor,2026-08-31,2026-08-31
broadband-en-026,en,broadband,宽带网络,Broadband,expense,Modem replacement 150 bucks,150,CNY,Modem replacement,anchor,2026-08-31,2026-08-31
broadband-en-027,en,broadband,宽带网络,Broadband,expense,HK broadband renewal discount 200 HKD,200,HKD,Renewal discount,anchor,2026-08-31,2026-08-31
broadband-en-028,en,broadband,宽带网络,Broadband,expense,Community broadband monthly fee 80 yuan,80,CNY,Community broadband,anchor,2026-08-31,2026-08-31
broadband-en-029,en,broadband,宽带网络,Broadband,expense,Broadband overage charge 50 bucks,50,CNY,Overage charge,anchor,2026-08-31,2026-08-31
broadband-en-030,en,broadband,宽带网络,Broadband,expense,Dedicated line broadband 1000 yuan a month,1000,CNY,Dedicated line,anchor,2026-08-31,2026-08-31
broadband-en-031,en,broadband,宽带网络,Broadband,expense,HK 100M broadband monthly fee 88 HKD,88,HKD,100M monthly fee,anchor,2026-08-31,2026-08-31
broadband-en-032,en,broadband,宽带网络,Broadband,expense,Broadband suspension fee 10 yuan a month,10,CNY,Service suspension fee,anchor,2026-08-31,2026-08-31
broadband-en-033,en,broadband,宽带网络,Broadband,expense,Broadband account transfer fee 30 bucks,30,CNY,Account transfer,anchor,2026-08-31,2026-08-31
broadband-en-034,en,broadband,宽带网络,Broadband,expense,Home broadband phone bundle 99 yuan a month,99,CNY,Phone bundle plan,anchor,2026-08-31,2026-08-31
broadband-en-035,en,broadband,宽带网络,Broadband,expense,HK broadband installation fee 300 HKD,300,HKD,Installation fee,anchor,2026-08-31,2026-08-31
broadband-en-036,en,broadband,宽带网络,Broadband,expense,500M speed upgrade add-on 30 yuan a month,30,CNY,Speed upgrade add-on,anchor,2026-08-31,2026-08-31
broadband-en-037,en,broadband,宽带网络,Broadband,expense,"Paid overdue broadband bill, 120 bucks",120,CNY,Arrears payment,anchor,2026-08-31,2026-08-31
broadband-en-038,en,broadband,宽带网络,Broadband,expense,HK Netvigator broadband monthly fee 158 HKD,158,HKD,Netvigator plan,anchor,2026-08-31,2026-08-31
broadband-en-039,en,broadband,宽带网络,Broadband,expense,Rural broadband annual fee 480 yuan,480,CNY,Rural broadband,anchor,2026-08-31,2026-08-31
broadband-en-040,en,broadband,宽带网络,Broadband,expense,Router setup fee 50 bucks,50,CNY,Router setup fee,anchor,2026-08-31,2026-08-31
broadband-en-041,en,broadband,宽带网络,Broadband,expense,Apartment broadband 50 yuan a month,50,CNY,Apartment broadband,anchor,2026-08-31,2026-08-31
broadband-en-042,en,broadband,宽带网络,Broadband,expense,HK cable broadband monthly fee 78 HKD,78,HKD,Cable broadband,anchor,2026-08-31,2026-08-31
broadband-en-043,en,broadband,宽带网络,Broadband,expense,"Annual prepay with 2 free months, 600 yuan",600,CNY,Annual prepay deal,anchor,2026-08-31,2026-08-31
broadband-en-044,en,broadband,宽带网络,Broadband,expense,Optical module replacement 80 bucks,80,CNY,Optical module,anchor,2026-08-31,2026-08-31
broadband-en-045,en,broadband,宽带网络,Broadband,expense,Shop broadband 150 yuan a month,150,CNY,Shop broadband,anchor,2026-08-31,2026-08-31
broadband-en-046,en,broadband,宽带网络,Broadband,expense,HK shared antenna fee 30 HKD a month,30,HKD,Shared antenna fee,anchor,2026-08-31,2026-08-31
broadband-en-047,en,broadband,宽带网络,Broadband,expense,Broadband complaint refund 50 yuan,50,CNY,Complaint refund,anchor,2026-08-31,2026-08-31
broadband-en-048,en,broadband,宽带网络,Broadband,expense,Ethernet cable replacement 20 bucks,20,CNY,Ethernet cable,anchor,2026-08-31,2026-08-31
broadband-en-049,en,broadband,宽带网络,Broadband,expense,Gigabit broadband 120 yuan a month,120,CNY,Gigabit monthly fee,anchor,2026-08-31,2026-08-31
broadband-en-050,en,broadband,宽带网络,Broadband,expense,"HK broadband renewal discount after contract, 100 HKD",100,HKD,Renewal discount,anchor,2026-08-31,2026-08-31
medical-en-001,en,medical,医疗诊疗,Medical Care,expense,"Hospital registration and visit yesterday, 300 yuan",300,CNY,Outpatient visit,rel:-1,2026-08-30,2026-08-31
medical-en-002,en,medical,医疗诊疗,Medical Care,expense,Paid dentist 800 bucks,800,CNY,Dental visit,anchor,2026-08-31,2026-08-31
medical-en-003,en,medical,医疗诊疗,Medical Care,expense,Private hospital consultation 500 HKD,500,HKD,Private clinic visit,anchor,2026-08-31,2026-08-31
medical-en-004,en,medical,医疗诊疗,Medical Care,expense,Health checkup package 1200 yuan,1200,CNY,Health checkup,anchor,2026-08-31,2026-08-31
medical-en-005,en,medical,医疗诊疗,Medical Care,expense,Injection and IV treatment 280 bucks,280,CNY,IV treatment,anchor,2026-08-31,2026-08-31
medical-en-006,en,medical,医疗诊疗,Medical Care,expense,Eye exam 150 yuan,150,CNY,Eye exam,anchor,2026-08-31,2026-08-31
medical-en-007,en,medical,医疗诊疗,Medical Care,expense,TCM therapy 380 HKD,380,HKD,TCM therapy,anchor,2026-08-31,2026-08-31
medical-en-008,en,medical,医疗诊疗,Medical Care,expense,Prenatal checkup 600 yuan,600,CNY,Prenatal checkup,anchor,2026-08-31,2026-08-31
medical-en-009,en,medical,医疗诊疗,Medical Care,expense,Overseas doctor registration 200 USD,200,USD,Overseas registration,anchor,2026-08-31,2026-08-31
medical-en-010,en,medical,医疗诊疗,Medical Care,expense,Dermatology visit 450 bucks,450,CNY,Dermatology visit,anchor,2026-08-31,2026-08-31
medical-en-011,en,medical,医疗诊疗,Medical Care,expense,Orthopedic X-ray 180 yuan,180,CNY,X-ray,anchor,2026-08-31,2026-08-31
medical-en-012,en,medical,医疗诊疗,Medical Care,expense,"Dental cleaning today and tomorrow, 200 bucks each",200,CNY,Teeth cleaning,"rel:0,1",2026-08-31|2026-09-01,2026-08-31
medical-en-013,en,medical,医疗诊疗,Medical Care,expense,HK private hospital consultation fee 800 HKD,800,HKD,Private hospital fee,anchor,2026-08-31,2026-08-31
medical-en-014,en,medical,医疗诊疗,Medical Care,expense,Blood routine test 50 yuan,50,CNY,Blood test,anchor,2026-08-31,2026-08-31
medical-en-015,en,medical,医疗诊疗,Medical Care,expense,ECG test 80 bucks,80,CNY,ECG,anchor,2026-08-31,2026-08-31
medical-en-016,en,medical,医疗诊疗,Medical Care,expense,Gynecology visit 300 yuan,300,CNY,Gynecology visit,anchor,2026-08-31,2026-08-31
medical-en-017,en,medical,医疗诊疗,Medical Care,expense,"Acupuncture and massage today through the day after tomorrow, 120 bucks each",120,CNY,Acupuncture and massage,span:0:2,2026-08-31|2026-09-01|2026-09-02,2026-08-31
medical-en-018,en,medical,医疗诊疗,Medical Care,expense,HK public hospital registration fee 50 HKD,50,HKD,Public hospital fee,anchor,2026-08-31,2026-08-31
medical-en-019,en,medical,医疗诊疗,Medical Care,expense,CT scan 800 yuan,800,CNY,CT scan,anchor,2026-08-31,2026-08-31
medical-en-020,en,medical,医疗诊疗,Medical Care,expense,Tetanus shot 150 bucks,150,CNY,Tetanus shot,anchor,2026-08-31,2026-08-31
medical-en-021,en,medical,医疗诊疗,Medical Care,expense,ENT exam 200 yuan,200,CNY,ENT exam,anchor,2026-08-31,2026-08-31
medical-en-022,en,medical,医疗诊疗,Medical Care,expense,Cupping and scraping 80 bucks,80,CNY,Cupping and scraping,anchor,2026-08-31,2026-08-31
medical-en-023,en,medical,医疗诊疗,Medical Care,expense,HK health checkup package 1500 HKD,1500,HKD,Health checkup,anchor,2026-08-31,2026-08-31
medical-en-024,en,medical,医疗诊疗,Medical Care,expense,Ultrasound 120 yuan,120,CNY,Ultrasound,anchor,2026-08-31,2026-08-31
medical-en-025,en,medical,医疗诊疗,Medical Care,expense,Surgical sutures 300 bucks,300,CNY,Sutures,anchor,2026-08-31,2026-08-31
medical-en-026,en,medical,医疗诊疗,Medical Care,expense,"Internal medicine specialist fee this Wednesday, 100 yuan",100,CNY,Specialist registration,weekday:3,2026-09-02,2026-08-31
medical-en-027,en,medical,医疗诊疗,Medical Care,expense,Moxibustion session 90 bucks,90,CNY,Moxibustion session,anchor,2026-08-31,2026-08-31
medical-en-028,en,medical,医疗诊疗,Medical Care,expense,HK dental filling 500 HKD per tooth,500,HKD,Dental filling,anchor,2026-08-31,2026-08-31
medical-en-029,en,medical,医疗诊疗,Medical Care,expense,MRI scan 1200 yuan,1200,CNY,MRI scan,anchor,2026-08-31,2026-08-31
medical-en-030,en,medical,医疗诊疗,Medical Care,expense,"Rabies vaccine course, 5 shots 400 bucks",400,CNY,Rabies vaccine,anchor,2026-08-31,2026-08-31
medical-en-031,en,medical,医疗诊疗,Medical Care,expense,Pediatrics visit 180 yuan,180,CNY,Pediatrics visit,anchor,2026-08-31,2026-08-31
medical-en-032,en,medical,医疗诊疗,Medical Care,expense,Herbal steam therapy 150 bucks,150,CNY,Herbal steam therapy,anchor,2026-08-31,2026-08-31
medical-en-033,en,medical,医疗诊疗,Medical Care,expense,"HK emergency room visit on Aug 22, 180 HKD",180,HKD,Emergency room,ymd:2026-08-22,2026-08-22,2026-08-31
medical-en-034,en,medical,医疗诊疗,Medical Care,expense,Urinalysis 30 yuan,30,CNY,Urinalysis,anchor,2026-08-31,2026-08-31
medical-en-035,en,medical,医疗诊疗,Medical Care,expense,"Rehabilitation every day last week, 200 bucks per session",200,CNY,Rehabilitation,week:-1,2026-08-24|2026-08-25|2026-08-26|2026-08-27|2026-08-28|2026-08-29|2026-08-30,2026-08-31
medical-en-036,en,medical,医疗诊疗,Medical Care,expense,Respiratory clinic registration 25 yuan,25,CNY,Respiratory clinic,anchor,2026-08-31,2026-08-31
medical-en-037,en,medical,医疗诊疗,Medical Care,expense,Minor wound debridement and sutures 500 bucks,500,CNY,Minor surgery,anchor,2026-08-31,2026-08-31
medical-en-038,en,medical,医疗诊疗,Medical Care,expense,HK specialist clinic fee 600 HKD,600,HKD,Specialist clinic,anchor,2026-08-31,2026-08-31
medical-en-039,en,medical,医疗诊疗,Medical Care,expense,Liver function test 120 yuan,120,CNY,Liver function test,anchor,2026-08-31,2026-08-31
medical-en-040,en,medical,医疗诊疗,Medical Care,expense,Lumbar traction session 80 bucks,80,CNY,Lumbar traction,anchor,2026-08-31,2026-08-31
medical-en-041,en,medical,医疗诊疗,Medical Care,expense,Dermatology laser treatment 800 yuan,800,CNY,Laser treatment,anchor,2026-08-31,2026-08-31
medical-en-042,en,medical,医疗诊疗,Medical Care,expense,Vision exam 50 bucks,50,CNY,Eye exam,anchor,2026-08-31,2026-08-31
medical-en-043,en,medical,医疗诊疗,Medical Care,expense,HK TCM consultation 300 HKD,300,HKD,TCM consultation,anchor,2026-08-31,2026-08-31
medical-en-044,en,medical,医疗诊疗,Medical Care,expense,Gastroscopy 400 yuan,400,CNY,Gastroscopy,anchor,2026-08-31,2026-08-31
medical-en-045,en,medical,医疗诊疗,Medical Care,expense,Wound dressing change 30 bucks,30,CNY,Wound dressing,anchor,2026-08-31,2026-08-31
medical-en-046,en,medical,医疗诊疗,Medical Care,expense,Allergy test 600 yuan,600,CNY,Allergy test,anchor,2026-08-31,2026-08-31
medical-en-047,en,medical,医疗诊疗,Medical Care,expense,Massage therapy one hour 100 bucks,100,CNY,Massage therapy,anchor,2026-08-31,2026-08-31
medical-en-048,en,medical,医疗诊疗,Medical Care,expense,HK health screening 2000 HKD,2000,HKD,Health screening,anchor,2026-08-31,2026-08-31
medical-en-049,en,medical,医疗诊疗,Medical Care,expense,Orthodontic checkup 200 yuan,200,CNY,Orthodontic exam,anchor,2026-08-31,2026-08-31
medical-en-050,en,medical,医疗诊疗,Medical Care,expense,Dental X-ray 80 yuan,80,CNY,Dental X-ray,anchor,2026-08-31,2026-08-31
pharmacy-en-001,en,pharmacy,药品保健,Pharmacy,expense,Bought cold medicine yesterday for 45 yuan,45,CNY,cold medicine,rel:-1,2026-08-30,2026-08-31
pharmacy-en-002,en,pharmacy,药品保健,Pharmacy,expense,Stocked up on fever reducers for 120 bucks,120,CNY,fever medicine,anchor,2026-08-31,2026-08-31
pharmacy-en-003,en,pharmacy,药品保健,Pharmacy,expense,Vitamin pills cost 180 HKD,180,HKD,vitamins,anchor,2026-08-31,2026-08-31
pharmacy-en-004,en,pharmacy,药品保健,Pharmacy,expense,Band-aids and iodine cost 25 yuan,25,CNY,wound supplies,anchor,2026-08-31,2026-08-31
pharmacy-en-005,en,pharmacy,药品保健,Pharmacy,expense,Protein powder was 320 bucks,320,CNY,protein powder,anchor,2026-08-31,2026-08-31
pharmacy-en-006,en,pharmacy,药品保健,Pharmacy,expense,Log 150 yuan daily this week for blood pressure meds,150,CNY,blood pressure meds,week:0,2026-08-31|2026-09-01|2026-09-02|2026-09-03|2026-09-04|2026-09-05|2026-09-06,2026-08-31
pharmacy-en-007,en,pharmacy,药品保健,Pharmacy,expense,Probiotics cost 260 HKD,260,HKD,probiotics,anchor,2026-08-31,2026-08-31
pharmacy-en-008,en,pharmacy,药品保健,Pharmacy,expense,Eye drops were 68 yuan,68,CNY,eye drops,anchor,2026-08-31,2026-08-31
pharmacy-en-009,en,pharmacy,药品保健,Pharmacy,expense,Log 80 USD today and tomorrow for overseas supplements,80,USD,supplements,"rel:0,1",2026-08-31|2026-09-01,2026-08-31
pharmacy-en-010,en,pharmacy,药品保健,Pharmacy,expense,Calcium tablets cost 110 bucks,110,CNY,calcium tablets,anchor,2026-08-31,2026-08-31
pharmacy-en-011,en,pharmacy,药品保健,Pharmacy,expense,Ibuprofen cost 30 yuan,30,CNY,pain reliever,anchor,2026-08-31,2026-08-31
pharmacy-en-012,en,pharmacy,药品保健,Pharmacy,expense,Digestive tablets were 15 bucks,15,CNY,digestive tablets,anchor,2026-08-31,2026-08-31
pharmacy-en-013,en,pharmacy,药品保健,Pharmacy,expense,"Cod liver oil in HK this Saturday, 150 HKD",150,HKD,cod liver oil,weekday:6,2026-09-05,2026-08-31
pharmacy-en-014,en,pharmacy,药品保健,Pharmacy,expense,Iodine swabs cost 10 yuan,10,CNY,wound supplies,anchor,2026-08-31,2026-08-31
pharmacy-en-015,en,pharmacy,药品保健,Pharmacy,expense,Glucosamine supplement was 198 bucks,198,CNY,glucosamine,anchor,2026-08-31,2026-08-31
pharmacy-en-016,en,pharmacy,药品保健,Pharmacy,expense,Birth control pills cost 45 yuan,45,CNY,birth control,anchor,2026-08-31,2026-08-31
pharmacy-en-017,en,pharmacy,药品保健,Pharmacy,expense,Melatonin was 89 bucks,89,CNY,melatonin,anchor,2026-08-31,2026-08-31
pharmacy-en-018,en,pharmacy,药品保健,Pharmacy,expense,Stomach pills in HK cost 80 HKD,80,HKD,stomach medicine,anchor,2026-08-31,2026-08-31
pharmacy-en-019,en,pharmacy,药品保健,Pharmacy,expense,Cold syrup on Aug 11 cost 58 yuan,58,CNY,cold medicine,ymd:2026-08-11,2026-08-11,2026-08-31
pharmacy-en-020,en,pharmacy,药品保健,Pharmacy,expense,Liver support pills were 128 bucks,128,CNY,liver supplement,anchor,2026-08-31,2026-08-31
pharmacy-en-021,en,pharmacy,药品保健,Pharmacy,expense,Medical masks box cost 25 yuan,25,CNY,face masks,anchor,2026-08-31,2026-08-31
pharmacy-en-022,en,pharmacy,药品保健,Pharmacy,expense,Blood glucose meter was 299 bucks,299,CNY,glucose meter,anchor,2026-08-31,2026-08-31
pharmacy-en-023,en,pharmacy,药品保健,Pharmacy,expense,Vitamin C in HK cost 100 HKD,100,HKD,vitamins,anchor,2026-08-31,2026-08-31
pharmacy-en-024,en,pharmacy,药品保健,Pharmacy,expense,Thermometer cost 15 yuan,15,CNY,thermometer,anchor,2026-08-31,2026-08-31
pharmacy-en-025,en,pharmacy,药品保健,Pharmacy,expense,Fish oil capsules were 168 bucks,168,CNY,fish oil,anchor,2026-08-31,2026-08-31
pharmacy-en-026,en,pharmacy,药品保健,Pharmacy,expense,Skin cream cost 22 yuan,22,CNY,ointment,anchor,2026-08-31,2026-08-31
pharmacy-en-027,en,pharmacy,药品保健,Pharmacy,expense,Pain relief oil in HK cost 68 HKD,68,HKD,pain relief oil,anchor,2026-08-31,2026-08-31
pharmacy-en-028,en,pharmacy,药品保健,Pharmacy,expense,Cough syrup was 35 yuan,35,CNY,cough medicine,anchor,2026-08-31,2026-08-31
pharmacy-en-029,en,pharmacy,药品保健,Pharmacy,expense,Traditional Chinese pills cost 48 bucks,48,CNY,TCM pills,anchor,2026-08-31,2026-08-31
pharmacy-en-030,en,pharmacy,药品保健,Pharmacy,expense,Blood pressure monitor was 259 yuan,259,CNY,blood pressure monitor,anchor,2026-08-31,2026-08-31
pharmacy-en-031,en,pharmacy,药品保健,Pharmacy,expense,Health gift set in HK cost 380 HKD,380,HKD,gift set,anchor,2026-08-31,2026-08-31
pharmacy-en-032,en,pharmacy,药品保健,Pharmacy,expense,Mouth ulcer powder cost 12 yuan,12,CNY,mouth medicine,anchor,2026-08-31,2026-08-31
pharmacy-en-033,en,pharmacy,药品保健,Pharmacy,expense,Ejiao cake was 298 bucks,298,CNY,ejiao,anchor,2026-08-31,2026-08-31
pharmacy-en-034,en,pharmacy,药品保健,Pharmacy,expense,Erythromycin ointment cost 8 yuan,8,CNY,ointment,anchor,2026-08-31,2026-08-31
pharmacy-en-035,en,pharmacy,药品保健,Pharmacy,expense,Cold medicine in HK cost 50 HKD,50,HKD,cold medicine,anchor,2026-08-31,2026-08-31
pharmacy-en-036,en,pharmacy,药品保健,Pharmacy,expense,Omeprazole stomach pills cost 45 yuan,45,CNY,stomach medicine,anchor,2026-08-31,2026-08-31
pharmacy-en-037,en,pharmacy,药品保健,Pharmacy,expense,Lutein tablets were 79 bucks,79,CNY,lutein,anchor,2026-08-31,2026-08-31
pharmacy-en-038,en,pharmacy,药品保健,Pharmacy,expense,Medical alcohol cost 10 yuan,10,CNY,disinfectant,anchor,2026-08-31,2026-08-31
pharmacy-en-039,en,pharmacy,药品保健,Pharmacy,expense,Double Prawn oil in HK cost 45 HKD,45,HKD,medicinal oil,anchor,2026-08-31,2026-08-31
pharmacy-en-040,en,pharmacy,药品保健,Pharmacy,expense,Sore throat tablets cost 28 yuan,28,CNY,sore throat medicine,anchor,2026-08-31,2026-08-31
pharmacy-en-041,en,pharmacy,药品保健,Pharmacy,expense,Danshen pills were 65 bucks,65,CNY,TCM pills,anchor,2026-08-31,2026-08-31
pharmacy-en-042,en,pharmacy,药品保健,Pharmacy,expense,Waterproof band-aids cost 15 yuan,15,CNY,band-aids,anchor,2026-08-31,2026-08-31
pharmacy-en-043,en,pharmacy,药品保健,Pharmacy,expense,Calcium milk powder in HK cost 200 HKD,200,HKD,calcium supplement,anchor,2026-08-31,2026-08-31
pharmacy-en-044,en,pharmacy,药品保健,Pharmacy,expense,Loratadine allergy pills cost 30 yuan,30,CNY,allergy medicine,anchor,2026-08-31,2026-08-31
pharmacy-en-045,en,pharmacy,药品保健,Pharmacy,expense,Panax notoginseng powder was 128 bucks,128,CNY,notoginseng powder,anchor,2026-08-31,2026-08-31
pharmacy-en-046,en,pharmacy,药品保健,Pharmacy,expense,Gauze bandages cost 18 yuan,18,CNY,gauze,anchor,2026-08-31,2026-08-31
pharmacy-en-047,en,pharmacy,药品保健,Pharmacy,expense,Panadol in HK cost 60 HKD,60,HKD,pain reliever,anchor,2026-08-31,2026-08-31
pharmacy-en-048,en,pharmacy,药品保健,Pharmacy,expense,Laxative suppository cost 5 yuan,5,CNY,laxative,anchor,2026-08-31,2026-08-31
pharmacy-en-049,en,pharmacy,药品保健,Pharmacy,expense,Reishi spore powder was 398 bucks,398,CNY,reishi powder,anchor,2026-08-31,2026-08-31
pharmacy-en-050,en,pharmacy,药品保健,Pharmacy,expense,Fever reducers in HK cost 100 HKD,100,HKD,fever medicine,anchor,2026-08-31,2026-08-31
education-en-001,en,education,教育学习,Education,expense,"Signed up for English class yesterday, 3000 yuan",3000,CNY,English class,rel:-1,2026-08-30,2026-08-31
education-en-002,en,education,教育学习,Education,expense,Online course enrollment was 1200 bucks,1200,CNY,online course,anchor,2026-08-31,2026-08-31
education-en-003,en,education,教育学习,Education,expense,IELTS exam fee cost 2170 HKD,2170,HKD,IELTS,anchor,2026-08-31,2026-08-31
education-en-004,en,education,教育学习,Education,expense,Driving license registration cost 4500 yuan,4500,CNY,driving license,anchor,2026-08-31,2026-08-31
education-en-005,en,education,教育学习,Education,expense,Skills training course was 800 bucks,800,CNY,skills training,anchor,2026-08-31,2026-08-31
education-en-006,en,education,教育学习,Education,expense,Grad school prep class cost 6800 yuan,6800,CNY,grad school prep,anchor,2026-08-31,2026-08-31
education-en-007,en,education,教育学习,Education,expense,"Coding class tuition this Saturday, 3500 HKD",3500,HKD,coding class,weekday:6,2026-09-05,2026-08-31
education-en-008,en,education,教育学习,Education,expense,Piano lesson one session cost 200 yuan,200,CNY,piano lesson,anchor,2026-08-31,2026-08-31
education-en-009,en,education,教育学习,Education,expense,Study abroad application fee 500 USD,500,USD,study abroad app,anchor,2026-08-31,2026-08-31
education-en-010,en,education,教育学习,Education,expense,Professional exam registration was 300 bucks,300,CNY,certification exam,anchor,2026-08-31,2026-08-31
education-en-011,en,education,教育学习,Education,expense,Civil service exam training cost 2500 yuan,2500,CNY,civil service prep,anchor,2026-08-31,2026-08-31
education-en-012,en,education,教育学习,Education,expense,Japanese beginner class was 1200 bucks,1200,CNY,Japanese class,anchor,2026-08-31,2026-08-31
education-en-013,en,education,教育学习,Education,expense,HK DSE tutoring on Aug 8 cost 3000 HKD,3000,HKD,DSE tutoring,ymd:2026-08-08,2026-08-08,2026-08-31
education-en-014,en,education,教育学习,Education,expense,Accounting hands-on training cost 1500 yuan,1500,CNY,accounting training,anchor,2026-08-31,2026-08-31
education-en-015,en,education,教育学习,Education,expense,Dance class annual fee was 3600 bucks,3600,CNY,dance class,anchor,2026-08-31,2026-08-31
education-en-016,en,education,教育学习,Education,expense,TOEFL exam fee cost 2100 yuan,2100,CNY,TOEFL,anchor,2026-08-31,2026-08-31
education-en-017,en,education,教育学习,Education,expense,Design software course 2800 HKD,2800,HKD,design course,anchor,2026-08-31,2026-08-31
education-en-018,en,education,教育学习,Education,expense,Calligraphy class one term cost 800 yuan,800,CNY,calligraphy class,anchor,2026-08-31,2026-08-31
education-en-019,en,education,教育学习,Education,expense,Fitness trainer cert training was 2000 bucks,2000,CNY,trainer cert,anchor,2026-08-31,2026-08-31
education-en-020,en,education,教育学习,Education,expense,GRE exam fee cost 1600 yuan,1600,CNY,GRE,anchor,2026-08-31,2026-08-31
education-en-021,en,education,教育学习,Education,expense,Log 1500 HKD today and tomorrow for HK Mandarin training,1500,HKD,Mandarin training,"rel:0,1",2026-08-31|2026-09-01,2026-08-31
education-en-022,en,education,教育学习,Education,expense,Teacher cert interview class cost 1200 yuan,1200,CNY,teacher cert,anchor,2026-08-31,2026-08-31
education-en-023,en,education,教育学习,Education,expense,Pastry baking training was 2800 bucks,2800,CNY,baking class,anchor,2026-08-31,2026-08-31
education-en-024,en,education,教育学习,Education,expense,Cantonese class cost 600 yuan,600,CNY,Cantonese class,anchor,2026-08-31,2026-08-31
education-en-025,en,education,教育学习,Education,expense,Bar exam registration fee was 200 bucks,200,CNY,bar exam,anchor,2026-08-31,2026-08-31
education-en-026,en,education,教育学习,Education,expense,HK further study consulting fee 5000 HKD,5000,HKD,study consulting,anchor,2026-08-31,2026-08-31
education-en-027,en,education,教育学习,Education,expense,Photoshop tutorial cost 399 yuan,399,CNY,PS tutorial,anchor,2026-08-31,2026-08-31
education-en-028,en,education,教育学习,Education,expense,Public speaking training was 1500 bucks,1500,CNY,public speaking,anchor,2026-08-31,2026-08-31
education-en-029,en,education,教育学习,Education,expense,Associate degree tuition yearly cost 3000 yuan,3000,CNY,associate degree,anchor,2026-08-31,2026-08-31
education-en-030,en,education,教育学习,Education,expense,Childcare worker cert training was 800 bucks,800,CNY,childcare cert,anchor,2026-08-31,2026-08-31
education-en-031,en,education,教育学习,Education,expense,HK MBA application fee 10000 HKD,10000,HKD,MBA application,anchor,2026-08-31,2026-08-31
education-en-032,en,education,教育学习,Education,expense,Concept art online course cost 4500 yuan,4500,CNY,concept art class,anchor,2026-08-31,2026-08-31
education-en-033,en,education,教育学习,Education,expense,Forklift license exam registration was 600 bucks,600,CNY,forklift license,anchor,2026-08-31,2026-08-31
education-en-034,en,education,教育学习,Education,expense,Level 1 constructor training cost 5000 yuan,5000,CNY,constructor cert,anchor,2026-08-31,2026-08-31
education-en-035,en,education,教育学习,Education,expense,Counselor training was 2800 bucks,2800,CNY,counselor training,anchor,2026-08-31,2026-08-31
education-en-036,en,education,教育学习,Education,expense,HK IELTS one-on-one 500 HKD per hour,500,HKD,IELTS tutoring,anchor,2026-08-31,2026-08-31
education-en-037,en,education,教育学习,Education,expense,Securities exam registration cost 61 yuan,61,CNY,securities exam,anchor,2026-08-31,2026-08-31
education-en-038,en,education,教育学习,Education,expense,Host training was 1800 bucks,1800,CNY,host training,anchor,2026-08-31,2026-08-31
education-en-039,en,education,教育学习,Education,expense,CPA online course cost 3200 yuan,3200,CNY,CPA course,anchor,2026-08-31,2026-08-31
education-en-040,en,education,教育学习,Education,expense,Makeup artist training was 3500 bucks,3500,CNY,makeup training,anchor,2026-08-31,2026-08-31
education-en-041,en,education,教育学习,Education,expense,HK school planning consulting 2000 HKD,2000,HKD,school consulting,anchor,2026-08-31,2026-08-31
education-en-042,en,education,教育学习,Education,expense,Python intro course cost 99 yuan,99,CNY,Python course,anchor,2026-08-31,2026-08-31
education-en-043,en,education,教育学习,Education,expense,HR manager training was 1200 bucks,1200,CNY,HR cert,anchor,2026-08-31,2026-08-31
education-en-044,en,education,教育学习,Education,expense,Licensed pharmacist exam registration cost 150 yuan,150,CNY,pharmacist exam,anchor,2026-08-31,2026-08-31
education-en-045,en,education,教育学习,Education,expense,E-commerce operations training was 2000 bucks,2000,CNY,e-commerce training,anchor,2026-08-31,2026-08-31
education-en-046,en,education,教育学习,Education,expense,HK Cantonese one-on-one 300 HKD per hour,300,HKD,Cantonese tutoring,anchor,2026-08-31,2026-08-31
education-en-047,en,education,教育学习,Education,expense,New media operations course cost 899 yuan,899,CNY,new media course,anchor,2026-08-31,2026-08-31
education-en-048,en,education,教育学习,Education,expense,Tower crane license training was 1500 bucks,1500,CNY,crane license,anchor,2026-08-31,2026-08-31
education-en-049,en,education,教育学习,Education,expense,Grad school study materials cost 200 yuan,200,CNY,grad school materials,anchor,2026-08-31,2026-08-31
education-en-050,en,education,教育学习,Education,expense,HK tutoring center 200 HKD per hour,200,HKD,tutoring,anchor,2026-08-31,2026-08-31
books_stationery-en-001,en,books_stationery,书籍文具,Books and Stationery,expense,Professional books cost 120 yuan,120,CNY,professional books,anchor,2026-08-31,2026-08-31
books_stationery-en-002,en,books_stationery,书籍文具,Books and Stationery,expense,Bought notebooks and pens yesterday for 35 bucks,35,CNY,stationery,rel:-1,2026-08-30,2026-08-31
books_stationery-en-003,en,books_stationery,书籍文具,Books and Stationery,expense,English original edition book cost 180 HKD,180,HKD,original edition,anchor,2026-08-31,2026-08-31
books_stationery-en-004,en,books_stationery,书籍文具,Books and Stationery,expense,Printing materials cost 50 yuan,50,CNY,printing,anchor,2026-08-31,2026-08-31
books_stationery-en-005,en,books_stationery,书籍文具,Books and Stationery,expense,Stationery set this Wednesday cost 88 bucks,88,CNY,stationery,weekday:3,2026-09-02,2026-08-31
books_stationery-en-006,en,books_stationery,书籍文具,Books and Stationery,expense,Novel paperback cost 49 yuan,49,CNY,novel,anchor,2026-08-31,2026-08-31
books_stationery-en-007,en,books_stationery,书籍文具,Books and Stationery,expense,Art brushes and paper cost 150 HKD,150,HKD,art supplies,anchor,2026-08-31,2026-08-31
books_stationery-en-008,en,books_stationery,书籍文具,Books and Stationery,expense,Stapler and folders cost 60 yuan,60,CNY,office supplies,anchor,2026-08-31,2026-08-31
books_stationery-en-009,en,books_stationery,书籍文具,Books and Stationery,expense,Overseas textbook purchase 120 USD,120,USD,overseas textbook,anchor,2026-08-31,2026-08-31
books_stationery-en-010,en,books_stationery,书籍文具,Books and Stationery,expense,Calligraphy copybook was 28 bucks,28,CNY,copybook,anchor,2026-08-31,2026-08-31
books_stationery-en-011,en,books_stationery,书籍文具,Books and Stationery,expense,Grad school reference books cost 200 yuan,200,CNY,reference books,anchor,2026-08-31,2026-08-31
books_stationery-en-012,en,books_stationery,书籍文具,Books and Stationery,expense,Log 15 bucks daily this week for gel pens per box,15,CNY,stationery,week:0,2026-08-31|2026-09-01|2026-09-02|2026-09-03|2026-09-04|2026-09-05|2026-09-06,2026-08-31
books_stationery-en-013,en,books_stationery,书籍文具,Books and Stationery,expense,Books at HK Eslite cost 250 HKD,250,HKD,bookstore,anchor,2026-08-31,2026-08-31
books_stationery-en-014,en,books_stationery,书籍文具,Books and Stationery,expense,ID photocopy on Aug 16 cost 2 yuan,2,CNY,photocopy,ymd:2026-08-16,2026-08-16,2026-08-31
books_stationery-en-015,en,books_stationery,书籍文具,Books and Stationery,expense,Thesis binding was 30 bucks,30,CNY,binding,anchor,2026-08-31,2026-08-31
books_stationery-en-016,en,books_stationery,书籍文具,Books and Stationery,expense,Hardcover book cost 98 yuan,98,CNY,hardcover book,anchor,2026-08-31,2026-08-31
books_stationery-en-017,en,books_stationery,书籍文具,Books and Stationery,expense,Colored pencil set was 128 bucks,128,CNY,art supplies,anchor,2026-08-31,2026-08-31
books_stationery-en-018,en,books_stationery,书籍文具,Books and Stationery,expense,HK textbook cost 300 HKD,300,HKD,textbook,anchor,2026-08-31,2026-08-31
books_stationery-en-019,en,books_stationery,书籍文具,Books and Stationery,expense,Sticky notes today and tomorrow cost 8 yuan each,8,CNY,stationery,"rel:0,1",2026-08-31|2026-09-01,2026-08-31
books_stationery-en-020,en,books_stationery,书籍文具,Books and Stationery,expense,Glue stick and scissors cost 15 bucks,15,CNY,stationery,anchor,2026-08-31,2026-08-31
books_stationery-en-021,en,books_stationery,书籍文具,Books and Stationery,expense,Tech development book cost 158 yuan,158,CNY,tech book,anchor,2026-08-31,2026-08-31
books_stationery-en-022,en,books_stationery,书籍文具,Books and Stationery,expense,Sketchbook was 25 bucks,25,CNY,sketchbook,anchor,2026-08-31,2026-08-31
books_stationery-en-023,en,books_stationery,书籍文具,Books and Stationery,expense,HK comic book cost 100 HKD,100,HKD,comic,anchor,2026-08-31,2026-08-31
books_stationery-en-024,en,books_stationery,书籍文具,Books and Stationery,expense,Ten file folders cost 10 yuan,10,CNY,office supplies,anchor,2026-08-31,2026-08-31
books_stationery-en-025,en,books_stationery,书籍文具,Books and Stationery,expense,Fountain pen and ink cost 45 bucks,45,CNY,fountain pen,anchor,2026-08-31,2026-08-31
books_stationery-en-026,en,books_stationery,书籍文具,Books and Stationery,expense,Bestseller book cost 59 yuan,59,CNY,bestseller,anchor,2026-08-31,2026-08-31
books_stationery-en-027,en,books_stationery,书籍文具,Books and Stationery,expense,Marker pen set was 88 bucks,88,CNY,art supplies,anchor,2026-08-31,2026-08-31
books_stationery-en-028,en,books_stationery,书籍文具,Books and Stationery,expense,HK exam prep book cost 350 HKD,350,HKD,exam book,anchor,2026-08-31,2026-08-31
books_stationery-en-029,en,books_stationery,书籍文具,Books and Stationery,expense,Paper clips and binder clips cost 12 yuan,12,CNY,office supplies,anchor,2026-08-31,2026-08-31
books_stationery-en-030,en,books_stationery,书籍文具,Books and Stationery,expense,Laptop stand was 89 bucks,89,CNY,laptop accessory,anchor,2026-08-31,2026-08-31
books_stationery-en-031,en,books_stationery,书籍文具,Books and Stationery,expense,Poetry and essay collection cost 68 yuan,68,CNY,literature book,anchor,2026-08-31,2026-08-31
books_stationery-en-032,en,books_stationery,书籍文具,Books and Stationery,expense,Watercolor paint set was 128 bucks,128,CNY,art supplies,anchor,2026-08-31,2026-08-31
books_stationery-en-033,en,books_stationery,书籍文具,Books and Stationery,expense,HK dictionary cost 180 HKD,180,HKD,dictionary,anchor,2026-08-31,2026-08-31
books_stationery-en-034,en,books_stationery,书籍文具,Books and Stationery,expense,Bookmark set cost 20 yuan,20,CNY,stationery,anchor,2026-08-31,2026-08-31
books_stationery-en-035,en,books_stationery,书籍文具,Books and Stationery,expense,Calculator was 50 bucks,50,CNY,stationery,anchor,2026-08-31,2026-08-31
books_stationery-en-036,en,books_stationery,书籍文具,Books and Stationery,expense,History book cost 78 yuan,78,CNY,history book,anchor,2026-08-31,2026-08-31
books_stationery-en-037,en,books_stationery,书籍文具,Books and Stationery,expense,Easel and drawing board cost 150 bucks,150,CNY,art supplies,anchor,2026-08-31,2026-08-31
books_stationery-en-038,en,books_stationery,书籍文具,Books and Stationery,expense,HK children's picture book 120 HKD,120,HKD,picture book,anchor,2026-08-31,2026-08-31
books_stationery-en-039,en,books_stationery,书籍文具,Books and Stationery,expense,Eraser and ruler set cost 8 yuan,8,CNY,stationery,anchor,2026-08-31,2026-08-31
books_stationery-en-040,en,books_stationery,书籍文具,Books and Stationery,expense,Folder storage box was 35 bucks,35,CNY,office supplies,anchor,2026-08-31,2026-08-31
books_stationery-en-041,en,books_stationery,书籍文具,Books and Stationery,expense,Psychology book cost 128 yuan,128,CNY,psychology book,anchor,2026-08-31,2026-08-31
books_stationery-en-042,en,books_stationery,书籍文具,Books and Stationery,expense,Rice paper bundle was 50 bucks,50,CNY,calligraphy supplies,anchor,2026-08-31,2026-08-31
books_stationery-en-043,en,books_stationery,书籍文具,Books and Stationery,expense,HK business book cost 280 HKD,280,HKD,business book,anchor,2026-08-31,2026-08-31
books_stationery-en-044,en,books_stationery,书籍文具,Books and Stationery,expense,Memo pad cost 10 yuan,10,CNY,stationery,anchor,2026-08-31,2026-08-31
books_stationery-en-045,en,books_stationery,书籍文具,Books and Stationery,expense,Staples and paper clips cost 5 bucks,5,CNY,office supplies,anchor,2026-08-31,2026-08-31
books_stationery-en-046,en,books_stationery,书籍文具,Books and Stationery,expense,Programming tech book cost 199 yuan,199,CNY,tech book,anchor,2026-08-31,2026-08-31
books_stationery-en-047,en,books_stationery,书籍文具,Books and Stationery,expense,Brush and inkstone set was 200 bucks,200,CNY,calligraphy supplies,anchor,2026-08-31,2026-08-31
books_stationery-en-048,en,books_stationery,书籍文具,Books and Stationery,expense,HK travel guide book cost 88 HKD,88,HKD,travel book,anchor,2026-08-31,2026-08-31
books_stationery-en-049,en,books_stationery,书籍文具,Books and Stationery,expense,Error notebook cost 12 yuan,12,CNY,stationery,anchor,2026-08-31,2026-08-31
books_stationery-en-050,en,books_stationery,书籍文具,Books and Stationery,expense,Hardcover notebook was 68 bucks,68,CNY,notebook,anchor,2026-08-31,2026-08-31
leisure-en-001,en,leisure,休闲娱乐,Leisure,expense,KTV karaoke yesterday cost 380 yuan,380,CNY,KTV,rel:-1,2026-08-30,2026-08-31
leisure-en-002,en,leisure,休闲娱乐,Leisure,expense,Murder mystery game per person was 128 bucks,128,CNY,murder mystery,anchor,2026-08-31,2026-08-31
leisure-en-003,en,leisure,休闲娱乐,Leisure,expense,Escape room ticket cost 298 HKD,298,HKD,escape room,anchor,2026-08-31,2026-08-31
leisure-en-004,en,leisure,休闲娱乐,Leisure,expense,Log 80 yuan daily this week at board game cafe,80,CNY,board games,week:0,2026-08-31|2026-09-01|2026-09-02|2026-09-03|2026-09-04|2026-09-05|2026-09-06,2026-08-31
leisure-en-005,en,leisure,休闲娱乐,Leisure,expense,Claw machine cost 50 bucks,50,CNY,claw machine,anchor,2026-08-31,2026-08-31
leisure-en-006,en,leisure,休闲娱乐,Leisure,expense,Bar drinks cost 600 yuan,600,CNY,bar,anchor,2026-08-31,2026-08-31
leisure-en-007,en,leisure,休闲娱乐,Leisure,expense,Party house team building cost 800 HKD,800,HKD,party house,anchor,2026-08-31,2026-08-31
leisure-en-008,en,leisure,休闲娱乐,Leisure,expense,Archery range experience cost 150 yuan,150,CNY,archery,anchor,2026-08-31,2026-08-31
leisure-en-009,en,leisure,休闲娱乐,Leisure,expense,Overseas casino tip 100 USD,100,USD,casino tip,anchor,2026-08-31,2026-08-31
leisure-en-010,en,leisure,休闲娱乐,Leisure,expense,Log 40 bucks today and tomorrow for internet cafe,40,CNY,internet cafe,"rel:0,1",2026-08-31|2026-09-01,2026-08-31
leisure-en-011,en,leisure,休闲娱乐,Leisure,expense,Log 80 yuan today through day after tomorrow for pool hall,80,CNY,pool,span:0:2,2026-08-31|2026-09-01|2026-09-02,2026-08-31
leisure-en-012,en,leisure,休闲娱乐,Leisure,expense,Mahjong afternoon at card room cost 120 bucks,120,CNY,card room,anchor,2026-08-31,2026-08-31
leisure-en-013,en,leisure,休闲娱乐,Leisure,expense,HK board game cafe 150 HKD per person,150,HKD,board games,anchor,2026-08-31,2026-08-31
leisure-en-014,en,leisure,休闲娱乐,Leisure,expense,Arcade game tokens cost 100 yuan,100,CNY,arcade,anchor,2026-08-31,2026-08-31
leisure-en-015,en,leisure,休闲娱乐,Leisure,expense,DIY pottery workshop was 128 bucks,128,CNY,DIY,anchor,2026-08-31,2026-08-31
leisure-en-016,en,leisure,休闲娱乐,Leisure,expense,Dance hall ticket this Friday cost 50 yuan,50,CNY,dance hall,weekday:5,2026-09-04,2026-08-31
leisure-en-017,en,leisure,休闲娱乐,Leisure,expense,Party villa for one day cost 1500 bucks,1500,CNY,party villa,anchor,2026-08-31,2026-08-31
leisure-en-018,en,leisure,休闲娱乐,Leisure,expense,HK go-kart experience cost 200 HKD,200,HKD,go-kart,anchor,2026-08-31,2026-08-31
leisure-en-019,en,leisure,休闲娱乐,Leisure,expense,VR experience one hour cost 80 yuan,80,CNY,VR experience,anchor,2026-08-31,2026-08-31
leisure-en-020,en,leisure,休闲娱乐,Leisure,expense,Werewolf board game cafe 50 bucks per person,50,CNY,werewolf game,anchor,2026-08-31,2026-08-31
leisure-en-021,en,leisure,休闲娱乐,Leisure,expense,Tea and card room cost 100 yuan,100,CNY,tea and cards,anchor,2026-08-31,2026-08-31
leisure-en-022,en,leisure,休闲娱乐,Leisure,expense,Trampoline park ticket was 98 bucks,98,CNY,trampoline park,anchor,2026-08-31,2026-08-31
leisure-en-023,en,leisure,休闲娱乐,Leisure,expense,HK indoor skydiving cost 500 HKD,500,HKD,indoor skydiving,anchor,2026-08-31,2026-08-31
leisure-en-024,en,leisure,休闲娱乐,Leisure,expense,Ice rink ticket cost 40 yuan,40,CNY,ice skating,anchor,2026-08-31,2026-08-31
leisure-en-025,en,leisure,休闲娱乐,Leisure,expense,Paintball field was 150 bucks,150,CNY,paintball,anchor,2026-08-31,2026-08-31
leisure-en-026,en,leisure,休闲娱乐,Leisure,expense,Flower arranging class cost 88 yuan,88,CNY,flower class,anchor,2026-08-31,2026-08-31
leisure-en-027,en,leisure,休闲娱乐,Leisure,expense,Another murder mystery with friends cost 138 yuan,138,CNY,murder mystery,anchor,2026-08-31,2026-08-31
leisure-en-028,en,leisure,休闲娱乐,Leisure,expense,Rock climbing gym experience cost 120 yuan,120,CNY,rock climbing,anchor,2026-08-31,2026-08-31
leisure-en-029,en,leisure,休闲娱乐,Leisure,expense,Board game cards purchase was 80 bucks,80,CNY,board game cards,anchor,2026-08-31,2026-08-31
leisure-en-030,en,leisure,休闲娱乐,Leisure,expense,Horror escape room cost 198 yuan,198,CNY,escape room,anchor,2026-08-31,2026-08-31
leisure-en-031,en,leisure,休闲娱乐,Leisure,expense,Bar table minimum spend was 200 bucks,200,CNY,bar,anchor,2026-08-31,2026-08-31
leisure-en-032,en,leisure,休闲娱乐,Leisure,expense,HK Madame Tussauds ticket cost 290 HKD,290,HKD,wax museum,anchor,2026-08-31,2026-08-31
leisure-en-033,en,leisure,休闲娱乐,Leisure,expense,Esports hotel one night cost 300 yuan,300,CNY,esports hotel,anchor,2026-08-31,2026-08-31
leisure-en-034,en,leisure,休闲娱乐,Leisure,expense,DIY cake baking was 168 bucks,168,CNY,baking DIY,anchor,2026-08-31,2026-08-31
leisure-en-035,en,leisure,休闲娱乐,Leisure,expense,Open mic comedy ticket on Aug 21 cost 50 yuan,50,CNY,stand-up comedy,ymd:2026-08-21,2026-08-21,2026-08-31
leisure-en-036,en,leisure,休闲娱乐,Leisure,expense,Indoor ski slope three hours cost 300 bucks,300,CNY,indoor skiing,anchor,2026-08-31,2026-08-31
leisure-en-037,en,leisure,休闲娱乐,Leisure,expense,HK Sky100 observation deck ticket 188 HKD,188,HKD,observation deck,anchor,2026-08-31,2026-08-31
leisure-en-038,en,leisure,休闲娱乐,Leisure,expense,Archery range membership card cost 500 yuan,500,CNY,archery membership,anchor,2026-08-31,2026-08-31
leisure-en-039,en,leisure,休闲娱乐,Leisure,expense,City-limited murder mystery script was 198 bucks,198,CNY,limited script,anchor,2026-08-31,2026-08-31
leisure-en-040,en,leisure,休闲娱乐,Leisure,expense,Hot spring spa ticket cost 128 yuan,128,CNY,hot spring,anchor,2026-08-31,2026-08-31
leisure-en-041,en,leisure,休闲娱乐,Leisure,expense,Party house private booking cost 1200 bucks,1200,CNY,party booking,anchor,2026-08-31,2026-08-31
leisure-en-042,en,leisure,休闲娱乐,Leisure,expense,HK Noah's Ark ticket cost 168 HKD,168,HKD,attraction ticket,anchor,2026-08-31,2026-08-31
leisure-en-043,en,leisure,休闲娱乐,Leisure,expense,Log 30 yuan daily last week for internet cafe overnight,30,CNY,overnight cafe,week:-1,2026-08-24|2026-08-25|2026-08-26|2026-08-27|2026-08-28|2026-08-29|2026-08-30,2026-08-31
leisure-en-044,en,leisure,休闲娱乐,Leisure,expense,Claw machine top-up was 100 bucks,100,CNY,claw machine,anchor,2026-08-31,2026-08-31
leisure-en-045,en,leisure,休闲娱乐,Leisure,expense,Card room private room cost 200 yuan,200,CNY,private card room,anchor,2026-08-31,2026-08-31
leisure-en-046,en,leisure,休闲娱乐,Leisure,expense,Live escape room 88 bucks per person,88,CNY,escape room,anchor,2026-08-31,2026-08-31
leisure-en-047,en,leisure,休闲娱乐,Leisure,expense,HK Peng Chau day trip package 300 HKD,300,HKD,day trip,anchor,2026-08-31,2026-08-31
leisure-en-048,en,leisure,休闲娱乐,Leisure,expense,Board game cafe overnight session cost 100 yuan,100,CNY,overnight board games,anchor,2026-08-31,2026-08-31
leisure-en-049,en,leisure,休闲娱乐,Leisure,expense,KTV private room fee was 580 bucks,580,CNY,KTV room,anchor,2026-08-31,2026-08-31
leisure-en-050,en,leisure,休闲娱乐,Leisure,expense,HK bowling alley 50 HKD per game,50,HKD,bowling,anchor,2026-08-31,2026-08-31
shows_media-en-001,en,shows_media,影视演出,Shows and Media,expense,Two movie tickets yesterday cost 80 yuan,80,CNY,movie,rel:-1,2026-08-30,2026-08-31
shows_media-en-002,en,shows_media,影视演出,Shows and Media,expense,Concert ticket was 1280 bucks,1280,CNY,concert,anchor,2026-08-31,2026-08-31
shows_media-en-003,en,shows_media,影视演出,Shows and Media,expense,Stage play ticket cost 380 HKD,380,HKD,stage play,anchor,2026-08-31,2026-08-31
shows_media-en-004,en,shows_media,影视演出,Shows and Media,expense,Streaming annual membership cost 198 yuan,198,CNY,streaming membership,anchor,2026-08-31,2026-08-31
shows_media-en-005,en,shows_media,影视演出,Shows and Media,expense,Music festival ticket was 580 bucks,580,CNY,music festival,anchor,2026-08-31,2026-08-31
shows_media-en-006,en,shows_media,影视演出,Shows and Media,expense,Crosstalk show ticket this Saturday cost 299 yuan,299,CNY,crosstalk,weekday:6,2026-09-05,2026-08-31
shows_media-en-007,en,shows_media,影视演出,Shows and Media,expense,Disneyland ticket cost 650 HKD,650,HKD,Disneyland,anchor,2026-08-31,2026-08-31
shows_media-en-008,en,shows_media,影视演出,Shows and Media,expense,iQiyi monthly membership cost 25 yuan,25,CNY,streaming membership,anchor,2026-08-31,2026-08-31
shows_media-en-009,en,shows_media,影视演出,Shows and Media,expense,Broadway ticket 150 USD,150,USD,Broadway,anchor,2026-08-31,2026-08-31
shows_media-en-010,en,shows_media,影视演出,Shows and Media,expense,Stand-up comedy show was 180 bucks,180,CNY,stand-up comedy,anchor,2026-08-31,2026-08-31
shows_media-en-011,en,shows_media,影视演出,Shows and Media,expense,One IMAX ticket on Aug 19 cost 65 yuan,65,CNY,IMAX,ymd:2026-08-19,2026-08-19,2026-08-31
shows_media-en-012,en,shows_media,影视演出,Shows and Media,expense,JJ Lin concert floor seats 1880 bucks,1880,CNY,concert,anchor,2026-08-31,2026-08-31
shows_media-en-013,en,shows_media,影视演出,Shows and Media,expense,HK drama troupe show cost 280 HKD,280,HKD,stage play,anchor,2026-08-31,2026-08-31
shows_media-en-014,en,shows_media,影视演出,Shows and Media,expense,Tencent Video quarterly pass cost 58 yuan,58,CNY,streaming membership,anchor,2026-08-31,2026-08-31
shows_media-en-015,en,shows_media,影视演出,Shows and Media,expense,Strawberry Music Festival ticket was 380 bucks,380,CNY,music festival,anchor,2026-08-31,2026-08-31
shows_media-en-016,en,shows_media,影视演出,Shows and Media,expense,Peking opera ticket cost 180 yuan,180,CNY,Peking opera,anchor,2026-08-31,2026-08-31
shows_media-en-017,en,shows_media,影视演出,Shows and Media,expense,HK Disneyland one-day ticket 639 HKD,639,HKD,Disneyland,anchor,2026-08-31,2026-08-31
shows_media-en-018,en,shows_media,影视演出,Shows and Media,expense,Youku monthly pass cost 20 yuan,20,CNY,streaming membership,anchor,2026-08-31,2026-08-31
shows_media-en-019,en,shows_media,影视演出,Shows and Media,expense,Musical ticket was 480 bucks,480,CNY,musical,anchor,2026-08-31,2026-08-31
shows_media-en-020,en,shows_media,影视演出,Shows and Media,expense,Dance performance ticket cost 380 yuan,380,CNY,dance show,anchor,2026-08-31,2026-08-31
shows_media-en-021,en,shows_media,影视演出,Shows and Media,expense,New Year concert ticket on Aug 31 cost 880 bucks,880,CNY,New Year concert,ymd:2026-08-31,2026-08-31,2026-08-31
shows_media-en-022,en,shows_media,影视演出,Shows and Media,expense,HK Film Festival opening film 120 HKD,120,HKD,film festival,anchor,2026-08-31,2026-08-31
shows_media-en-023,en,shows_media,影视演出,Shows and Media,expense,Bilibili annual membership cost 148 yuan,148,CNY,streaming membership,anchor,2026-08-31,2026-08-31
shows_media-en-024,en,shows_media,影视演出,Shows and Media,expense,Livehouse show ticket was 150 bucks,150,CNY,Livehouse,anchor,2026-08-31,2026-08-31
shows_media-en-025,en,shows_media,影视演出,Shows and Media,expense,Acrobatics show ticket cost 80 yuan,80,CNY,acrobatics,anchor,2026-08-31,2026-08-31
shows_media-en-026,en,shows_media,影视演出,Shows and Media,expense,Stage play ticket cost 180 yuan,180,CNY,stage play,anchor,2026-08-31,2026-08-31
shows_media-en-027,en,shows_media,影视演出,Shows and Media,expense,Mango TV monthly pass cost 19 yuan,19,CNY,streaming membership,anchor,2026-08-31,2026-08-31
shows_media-en-028,en,shows_media,影视演出,Shows and Media,expense,Deyun Club crosstalk ticket was 280 bucks,280,CNY,crosstalk,anchor,2026-08-31,2026-08-31
shows_media-en-029,en,shows_media,影视演出,Shows and Media,expense,Children's theater ticket cost 120 yuan,120,CNY,children's theater,anchor,2026-08-31,2026-08-31
shows_media-en-030,en,shows_media,影视演出,Shows and Media,expense,EDM festival ticket was 680 bucks,680,CNY,EDM festival,anchor,2026-08-31,2026-08-31
shows_media-en-031,en,shows_media,影视演出,Shows and Media,expense,HK Cultural Centre show cost 200 HKD,200,HKD,performance,anchor,2026-08-31,2026-08-31
shows_media-en-032,en,shows_media,影视演出,Shows and Media,expense,Private cinema two hours cost 100 yuan,100,CNY,private cinema,anchor,2026-08-31,2026-08-31
shows_media-en-033,en,shows_media,影视演出,Shows and Media,expense,Rock band tour ticket was 280 bucks,280,CNY,tour concert,anchor,2026-08-31,2026-08-31
shows_media-en-034,en,shows_media,影视演出,Shows and Media,expense,Chinese opera ticket cost 50 yuan,50,CNY,Chinese opera,anchor,2026-08-31,2026-08-31
shows_media-en-035,en,shows_media,影视演出,Shows and Media,expense,HK Ngong Ping 360 cable car ticket 235 HKD,235,HKD,cable car,anchor,2026-08-31,2026-08-31
shows_media-en-036,en,shows_media,影视演出,Shows and Media,expense,NetEase Music annual pass cost 128 yuan,128,CNY,music membership,anchor,2026-08-31,2026-08-31
shows_media-en-037,en,shows_media,影视演出,Shows and Media,expense,Stand-up comedy special was 128 bucks,128,CNY,stand-up comedy,anchor,2026-08-31,2026-08-31
shows_media-en-038,en,shows_media,影视演出,Shows and Media,expense,Ballet ticket cost 580 yuan,580,CNY,ballet,anchor,2026-08-31,2026-08-31
shows_media-en-039,en,shows_media,影视演出,Shows and Media,expense,Music festival VIP ticket was 980 bucks,980,CNY,festival VIP,anchor,2026-08-31,2026-08-31
shows_media-en-040,en,shows_media,影视演出,Shows and Media,expense,HK Space Museum planetarium 30 HKD,30,HKD,space museum,anchor,2026-08-31,2026-08-31
shows_media-en-041,en,shows_media,影视演出,Shows and Media,expense,Tencent Sports monthly pass cost 30 yuan,30,CNY,sports membership,anchor,2026-08-31,2026-08-31
shows_media-en-042,en,shows_media,影视演出,Shows and Media,expense,Stage play Peach Blossom Land was 380 bucks,380,CNY,stage play,anchor,2026-08-31,2026-08-31
shows_media-en-043,en,shows_media,影视演出,Shows and Media,expense,Puppet show ticket cost 60 yuan,60,CNY,puppet show,anchor,2026-08-31,2026-08-31
shows_media-en-044,en,shows_media,影视演出,Shows and Media,expense,HK Science Museum ticket 30 HKD,30,HKD,science museum,anchor,2026-08-31,2026-08-31
shows_media-en-045,en,shows_media,影视演出,Shows and Media,expense,iQiyi TV annual membership cost 298 yuan,298,CNY,streaming membership,anchor,2026-08-31,2026-08-31
shows_media-en-046,en,shows_media,影视演出,Shows and Media,expense,Crosstalk special show was 199 bucks,199,CNY,crosstalk,anchor,2026-08-31,2026-08-31
shows_media-en-047,en,shows_media,影视演出,Shows and Media,expense,Classic film re-release ticket cost 40 yuan,40,CNY,movie,anchor,2026-08-31,2026-08-31
shows_media-en-048,en,shows_media,影视演出,Shows and Media,expense,HK Coliseum concert ticket 880 HKD,880,HKD,Coliseum concert,anchor,2026-08-31,2026-08-31
shows_media-en-049,en,shows_media,影视演出,Shows and Media,expense,Youku TV annual pass cost 248 yuan,248,CNY,streaming membership,anchor,2026-08-31,2026-08-31
shows_media-en-050,en,shows_media,影视演出,Shows and Media,expense,Comic convention ticket was 80 bucks,80,CNY,comic con,anchor,2026-08-31,2026-08-31
fitness-en-001,en,fitness,运动健身,Fitness,expense,Spent 2400 yuan on gym annual pass yesterday,2400,CNY,Gym annual pass,rel:-1,2026-08-30,2026-08-31
fitness-en-002,en,fitness,运动健身,Fitness,expense,Private training session cost 300 bucks,300,CNY,Private training,anchor,2026-08-31,2026-08-31
fitness-en-003,en,fitness,运动健身,Fitness,expense,Badminton court fee 120 HKD every day this week,120,HKD,Badminton,week:0,2026-08-31|2026-09-01|2026-09-02|2026-09-03|2026-09-04|2026-09-05|2026-09-06,2026-08-31
fitness-en-004,en,fitness,运动健身,Fitness,expense,Swimming ticket 50 yuan,50,CNY,Swimming,anchor,2026-08-31,2026-08-31
fitness-en-005,en,fitness,运动健身,Fitness,expense,Yoga monthly pass 800 bucks,800,CNY,Yoga,anchor,2026-08-31,2026-08-31
fitness-en-006,en,fitness,运动健身,Fitness,expense,Basketball court rental 400 yuan,400,CNY,Basketball,anchor,2026-08-31,2026-08-31
fitness-en-007,en,fitness,运动健身,Fitness,expense,Golf driving range 500 HKD,500,HKD,Golf,anchor,2026-08-31,2026-08-31
fitness-en-008,en,fitness,运动健身,Fitness,expense,Running gear 350 yuan,350,CNY,Running gear,anchor,2026-08-31,2026-08-31
fitness-en-009,en,fitness,运动健身,Fitness,expense,Overseas ski ticket 200 USD on August 16,200,USD,Skiing,ymd:2026-08-16,2026-08-16,2026-08-31
fitness-en-010,en,fitness,运动健身,Fitness,expense,Table tennis table rental 60 bucks,60,CNY,Table tennis,anchor,2026-08-31,2026-08-31
fitness-en-011,en,fitness,运动健身,Fitness,expense,Gym quarterly pass 800 yuan,800,CNY,Gym quarterly pass,anchor,2026-08-31,2026-08-31
fitness-en-012,en,fitness,运动健身,Fitness,expense,Boxing class 180 bucks per session,180,CNY,Boxing,anchor,2026-08-31,2026-08-31
fitness-en-013,en,fitness,运动健身,Fitness,expense,HK tennis court 150 HKD per hour today through day after tomorrow,150,HKD,Tennis,span:0:2,2026-08-31|2026-09-01|2026-09-02,2026-08-31
fitness-en-014,en,fitness,运动健身,Fitness,expense,Bowling three games 80 yuan,80,CNY,Bowling,anchor,2026-08-31,2026-08-31
fitness-en-015,en,fitness,运动健身,Fitness,expense,Dance class monthly pass 600 bucks,600,CNY,Dance class,anchor,2026-08-31,2026-08-31
fitness-en-016,en,fitness,运动健身,Fitness,expense,Fencing trial class 198 yuan,198,CNY,Fencing,anchor,2026-08-31,2026-08-31
fitness-en-017,en,fitness,运动健身,Fitness,expense,HK gym monthly pass 800 HKD,800,HKD,Gym monthly pass,anchor,2026-08-31,2026-08-31
fitness-en-018,en,fitness,运动健身,Fitness,expense,Roller skating rink fee 30 yuan,30,CNY,Roller skating,anchor,2026-08-31,2026-08-31
fitness-en-019,en,fitness,运动健身,Fitness,expense,Sanda class 150 bucks this Sunday,150,CNY,Sanda,weekday:7,2026-09-06,2026-08-31
fitness-en-020,en,fitness,运动健身,Fitness,expense,Squash court one hour 100 yuan,100,CNY,Squash,anchor,2026-08-31,2026-08-31
fitness-en-021,en,fitness,运动健身,Fitness,expense,HK bowling alley 50 HKD per game,50,HKD,Bowling,anchor,2026-08-31,2026-08-31
fitness-en-022,en,fitness,运动健身,Fitness,expense,Spin class monthly pass 300 yuan,300,CNY,Spin class,anchor,2026-08-31,2026-08-31
fitness-en-023,en,fitness,运动健身,Fitness,expense,Pilates session 280 bucks,280,CNY,Pilates,anchor,2026-08-31,2026-08-31
fitness-en-024,en,fitness,运动健身,Fitness,expense,Archery range one hour 80 yuan,80,CNY,Archery,anchor,2026-08-31,2026-08-31
fitness-en-025,en,fitness,运动健身,Fitness,expense,HK rock climbing gym 180 HKD,180,HKD,Rock climbing,anchor,2026-08-31,2026-08-31
fitness-en-026,en,fitness,运动健身,Fitness,expense,Gym 20-visit pass 500 yuan on August 14,500,CNY,Visit pass,ymd:2026-08-14,2026-08-14,2026-08-31
fitness-en-027,en,fitness,运动健身,Fitness,expense,Taekwondo monthly pass 400 bucks,400,CNY,Taekwondo,anchor,2026-08-31,2026-08-31
fitness-en-028,en,fitness,运动健身,Fitness,expense,Diving trial class 380 yuan,380,CNY,Diving,anchor,2026-08-31,2026-08-31
fitness-en-029,en,fitness,运动健身,Fitness,expense,HK surf lesson 500 HKD,500,HKD,Surfing,anchor,2026-08-31,2026-08-31
fitness-en-030,en,fitness,运动健身,Fitness,expense,Table tennis training course 1200 yuan,1200,CNY,Table tennis training,anchor,2026-08-31,2026-08-31
fitness-en-031,en,fitness,运动健身,Fitness,expense,Bought badminton racket 800 bucks last Saturday,800,CNY,Racket,weekday:-1:6,2026-08-29,2026-08-31
fitness-en-032,en,fitness,运动健身,Fitness,expense,Yoga mat 128 yuan,128,CNY,Yoga mat,anchor,2026-08-31,2026-08-31
fitness-en-033,en,fitness,运动健身,Fitness,expense,HK gym private training 400 HKD per session,400,HKD,Private training,anchor,2026-08-31,2026-08-31
fitness-en-034,en,fitness,运动健身,Fitness,expense,Basketball shoes 600 yuan,600,CNY,Basketball shoes,anchor,2026-08-31,2026-08-31
fitness-en-035,en,fitness,运动健身,Fitness,expense,Swimming lessons 10 sessions 1500 bucks,1500,CNY,Swimming lessons,anchor,2026-08-31,2026-08-31
fitness-en-036,en,fitness,运动健身,Fitness,expense,Treadmill 2999 yuan,2999,CNY,Treadmill,anchor,2026-08-31,2026-08-31
fitness-en-037,en,fitness,运动健身,Fitness,expense,HK yoga center monthly pass 900 HKD,900,HKD,Yoga monthly pass,anchor,2026-08-31,2026-08-31
fitness-en-038,en,fitness,运动健身,Fitness,expense,Dumbbell set 500 yuan,500,CNY,Dumbbells,anchor,2026-08-31,2026-08-31
fitness-en-039,en,fitness,运动健身,Fitness,expense,Badminton string restring 30 bucks,30,CNY,String restring,anchor,2026-08-31,2026-08-31
fitness-en-040,en,fitness,运动健身,Fitness,expense,Knee and wrist guard set 88 yuan,88,CNY,Protective gear,anchor,2026-08-31,2026-08-31
fitness-en-041,en,fitness,运动健身,Fitness,expense,Sports shoes at HK sports store 800 HKD,800,HKD,Sports shoes,anchor,2026-08-31,2026-08-31
fitness-en-042,en,fitness,运动健身,Fitness,expense,Protein powder 320 yuan,320,CNY,Protein powder,anchor,2026-08-31,2026-08-31
fitness-en-043,en,fitness,运动健身,Fitness,expense,Table tennis paddle set 200 bucks,200,CNY,Racket,anchor,2026-08-31,2026-08-31
fitness-en-044,en,fitness,运动健身,Fitness,expense,Quick-dry sport shirt 150 yuan,150,CNY,Sport shirt,anchor,2026-08-31,2026-08-31
fitness-en-045,en,fitness,运动健身,Fitness,expense,HK gym gloves 150 HKD,150,HKD,Gym gloves,anchor,2026-08-31,2026-08-31
fitness-en-046,en,fitness,运动健身,Fitness,expense,Swimming goggles 128 yuan,128,CNY,Swim goggles,anchor,2026-08-31,2026-08-31
fitness-en-047,en,fitness,运动健身,Fitness,expense,Basketball tournament entry fee 100 bucks,100,CNY,Entry fee,anchor,2026-08-31,2026-08-31
fitness-en-048,en,fitness,运动健身,Fitness,expense,Sports backpack 299 yuan,299,CNY,Sports bag,anchor,2026-08-31,2026-08-31
fitness-en-049,en,fitness,运动健身,Fitness,expense,HK badminton court 80 HKD per hour,80,HKD,Badminton,anchor,2026-08-31,2026-08-31
fitness-en-050,en,fitness,运动健身,Fitness,expense,HK gym monthly pass 1000 HKD,1000,HKD,Gym monthly pass,anchor,2026-08-31,2026-08-31
travel-en-001,en,travel,旅游度假,Travel,expense,Sanya trip cost 5000 yuan yesterday,5000,CNY,Sanya trip,rel:-1,2026-08-30,2026-08-31
travel-en-002,en,travel,旅游度假,Travel,expense,Provincial group tour 1200 bucks,1200,CNY,Group tour,anchor,2026-08-31,2026-08-31
travel-en-003,en,travel,旅游度假,Travel,expense,Japan trip 8000 HKD,8000,HKD,Japan trip,anchor,2026-08-31,2026-08-31
travel-en-004,en,travel,旅游度假,Travel,expense,Scenic spot ticket 180 yuan,180,CNY,Scenic ticket,anchor,2026-08-31,2026-08-31
travel-en-005,en,travel,旅游度假,Travel,expense,Group tour fee 3500 bucks,3500,CNY,Group tour,anchor,2026-08-31,2026-08-31
travel-en-006,en,travel,旅游度假,Travel,expense,Yunnan self-drive trip 6000 yuan this Friday,6000,CNY,Self-drive trip,weekday:5,2026-09-04,2026-08-31
travel-en-007,en,travel,旅游度假,Travel,expense,Thailand trip 12000 HKD,12000,HKD,Thailand trip,anchor,2026-08-31,2026-08-31
travel-en-008,en,travel,旅游度假,Travel,expense,Tour guide tip 200 yuan,200,CNY,Guide tip,anchor,2026-08-31,2026-08-31
travel-en-009,en,travel,旅游度假,Travel,expense,Europe trip 2000 USD,2000,USD,Europe trip,anchor,2026-08-31,2026-08-31
travel-en-010,en,travel,旅游度假,Travel,expense,Nearby road trip 800 bucks,800,CNY,Road trip,anchor,2026-08-31,2026-08-31
travel-en-011,en,travel,旅游度假,Travel,expense,Chengdu Chongqing trip 4000 yuan on August 7,4000,CNY,Sichuan Chongqing trip,ymd:2026-08-07,2026-08-07,2026-08-31
travel-en-012,en,travel,旅游度假,Travel,expense,Island group tour 3800 bucks,3800,CNY,Island trip,anchor,2026-08-31,2026-08-31
travel-en-013,en,travel,旅游度假,Travel,expense,Jeju Island trip 5000 HKD,5000,HKD,Jeju Island,anchor,2026-08-31,2026-08-31
travel-en-014,en,travel,旅游度假,Travel,expense,Ancient town day trip 199 yuan,199,CNY,Ancient town trip,anchor,2026-08-31,2026-08-31
travel-en-015,en,travel,旅游度假,Travel,expense,Family theme park trip 1500 bucks,1500,CNY,Family trip,anchor,2026-08-31,2026-08-31
travel-en-016,en,travel,旅游度假,Travel,expense,Xinjiang road trip 10000 yuan,10000,CNY,Xinjiang road trip,anchor,2026-08-31,2026-08-31
travel-en-017,en,travel,旅游度假,Travel,expense,Singapore trip 8000 HKD,8000,HKD,Singapore trip,anchor,2026-08-31,2026-08-31
travel-en-018,en,travel,旅游度假,Travel,expense,Rafting ticket 180 yuan,180,CNY,Rafting,anchor,2026-08-31,2026-08-31
travel-en-019,en,travel,旅游度假,Travel,expense,Hiking group tour 300 bucks,300,CNY,Hiking,anchor,2026-08-31,2026-08-31
travel-en-020,en,travel,旅游度假,Travel,expense,Maldives honeymoon trip 20000 yuan,20000,CNY,Honeymoon trip,anchor,2026-08-31,2026-08-31
travel-en-021,en,travel,旅游度假,Travel,expense,HK local day trip 300 HKD today and tomorrow,300,HKD,HK day trip,"rel:0,1",2026-08-31|2026-09-01,2026-08-31
travel-en-022,en,travel,旅游度假,Travel,expense,Zhangjiajie trip 2500 yuan,2500,CNY,Zhangjiajie,anchor,2026-08-31,2026-08-31
travel-en-023,en,travel,旅游度假,Travel,expense,Cruise trip three days two nights 1800 bucks,1800,CNY,Cruise trip,anchor,2026-08-31,2026-08-31
travel-en-024,en,travel,旅游度假,Travel,expense,Taiwan island tour 12000 HKD,12000,HKD,Island tour,anchor,2026-08-31,2026-08-31
travel-en-025,en,travel,旅游度假,Travel,expense,Grassland five-day tour 3000 yuan,3000,CNY,Grassland trip,anchor,2026-08-31,2026-08-31
travel-en-026,en,travel,旅游度假,Travel,expense,Hot spring resort two-day trip 880 bucks,880,CNY,Hot spring resort,anchor,2026-08-31,2026-08-31
travel-en-027,en,travel,旅游度假,Travel,expense,HK outlying island trip 200 HKD,200,HKD,Outlying island trip,anchor,2026-08-31,2026-08-31
travel-en-028,en,travel,旅游度假,Travel,expense,Tibet trip 8000 yuan,8000,CNY,Tibet trip,anchor,2026-08-31,2026-08-31
travel-en-029,en,travel,旅游度假,Travel,expense,Photo tour group 1500 bucks,1500,CNY,Photo tour,anchor,2026-08-31,2026-08-31
travel-en-030,en,travel,旅游度假,Travel,expense,US coast-to-coast trip 20000 HKD,20000,HKD,US trip,anchor,2026-08-31,2026-08-31
travel-en-031,en,travel,旅游度假,Travel,expense,Huangshan trip 1200 yuan,1200,CNY,Huangshan,anchor,2026-08-31,2026-08-31
travel-en-032,en,travel,旅游度假,Travel,expense,Farm stay two-day trip 600 bucks,600,CNY,Farm stay,anchor,2026-08-31,2026-08-31
travel-en-033,en,travel,旅游度假,Travel,expense,Hong Kong Macau five-day tour 3000 HKD,3000,HKD,HK Macau trip,anchor,2026-08-31,2026-08-31
travel-en-034,en,travel,旅游度假,Travel,expense,Guilin landscape trip 1800 yuan,1800,CNY,Guilin trip,anchor,2026-08-31,2026-08-31
travel-en-035,en,travel,旅游度假,Travel,expense,Desert crossing tour 2500 bucks,2500,CNY,Desert crossing,anchor,2026-08-31,2026-08-31
travel-en-036,en,travel,旅游度假,Travel,expense,HK Cheung Chau day trip 150 HKD,150,HKD,Cheung Chau,anchor,2026-08-31,2026-08-31
travel-en-037,en,travel,旅游度假,Travel,expense,Xi'an ancient capital trip 2000 yuan,2000,CNY,Xi'an trip,anchor,2026-08-31,2026-08-31
travel-en-038,en,travel,旅游度假,Travel,expense,Ski resort three-day trip 1500 bucks,1500,CNY,Ski resort trip,anchor,2026-08-31,2026-08-31
travel-en-039,en,travel,旅游度假,Travel,expense,Australia trip 15000 HKD,15000,HKD,Australia trip,anchor,2026-08-31,2026-08-31
travel-en-040,en,travel,旅游度假,Travel,expense,Wuyi Mountain trip 800 yuan,800,CNY,Wuyi Mountain,anchor,2026-08-31,2026-08-31
travel-en-041,en,travel,旅游度假,Travel,expense,Beach resort one week 5000 bucks,5000,CNY,Beach resort,anchor,2026-08-31,2026-08-31
travel-en-042,en,travel,旅游度假,Travel,expense,HK Lamma Island day trip 180 HKD,180,HKD,Lamma Island,anchor,2026-08-31,2026-08-31
travel-en-043,en,travel,旅游度假,Travel,expense,Jiuzhaigou trip 2200 yuan,2200,CNY,Jiuzhaigou,anchor,2026-08-31,2026-08-31
travel-en-044,en,travel,旅游度假,Travel,expense,Food tour eating trip 800 bucks,800,CNY,Food tour,anchor,2026-08-31,2026-08-31
travel-en-045,en,travel,旅游度假,Travel,expense,Ten-country Europe tour 25000 HKD,25000,HKD,Multi-country Europe trip,anchor,2026-08-31,2026-08-31
travel-en-046,en,travel,旅游度假,Travel,expense,Changbai Mountain trip 1800 yuan,1800,CNY,Changbai Mountain,anchor,2026-08-31,2026-08-31
travel-en-047,en,travel,旅游度假,Travel,expense,Camping gear rental 300 bucks,300,CNY,Camping,anchor,2026-08-31,2026-08-31
travel-en-048,en,travel,旅游度假,Travel,expense,HK Lantau day trip 250 HKD,250,HKD,Lantau,anchor,2026-08-31,2026-08-31
travel-en-049,en,travel,旅游度假,Travel,expense,Lijiang Dali trip 3000 yuan,3000,CNY,Lijiang Dali,anchor,2026-08-31,2026-08-31
travel-en-050,en,travel,旅游度假,Travel,expense,Visa application fee 500 bucks,500,CNY,Visa fee,anchor,2026-08-31,2026-08-31
lodging-en-001,en,lodging,酒店住宿,Lodging,expense,Hotel one night 380 yuan yesterday,380,CNY,Hotel,rel:-1,2026-08-30,2026-08-31
lodging-en-002,en,lodging,酒店住宿,Lodging,expense,Homestay two nights 600 bucks,600,CNY,Homestay,anchor,2026-08-31,2026-08-31
lodging-en-003,en,lodging,酒店住宿,Lodging,expense,HK hotel one night 1200 HKD,1200,HKD,HK hotel,anchor,2026-08-31,2026-08-31
lodging-en-004,en,lodging,酒店住宿,Lodging,expense,Business trip lodging 450 yuan before reimbursement,450,CNY,Business lodging,anchor,2026-08-31,2026-08-31
lodging-en-005,en,lodging,酒店住宿,Lodging,expense,Five-star hotel one night 1800 bucks this Thursday,1800,CNY,Five-star hotel,weekday:4,2026-09-03,2026-08-31
lodging-en-006,en,lodging,酒店住宿,Lodging,expense,Budget hotel three nights 750 yuan,750,CNY,Budget hotel,anchor,2026-08-31,2026-08-31
lodging-en-007,en,lodging,酒店住宿,Lodging,expense,Sea-view hotel one night 2500 HKD,2500,HKD,Sea-view hotel,anchor,2026-08-31,2026-08-31
lodging-en-008,en,lodging,酒店住宿,Lodging,expense,Hostel bunk 80 yuan,80,CNY,Hostel,anchor,2026-08-31,2026-08-31
lodging-en-009,en,lodging,酒店住宿,Lodging,expense,Overseas hotel one night 300 USD,300,USD,Overseas hotel,anchor,2026-08-31,2026-08-31
lodging-en-010,en,lodging,酒店住宿,Lodging,expense,Hourly room 120 bucks,120,CNY,Hourly room,anchor,2026-08-31,2026-08-31
lodging-en-011,en,lodging,酒店住宿,Lodging,expense,Chain hotel standard room 280 yuan on August 6,280,CNY,Chain hotel,ymd:2026-08-06,2026-08-06,2026-08-31
lodging-en-012,en,lodging,酒店住宿,Lodging,expense,Vacation villa one night 3000 bucks,3000,CNY,Vacation villa,anchor,2026-08-31,2026-08-31
lodging-en-013,en,lodging,酒店住宿,Lodging,expense,HK Causeway Bay hotel one night 1800 HKD,1800,HKD,Causeway Bay,anchor,2026-08-31,2026-08-31
lodging-en-014,en,lodging,酒店住宿,Lodging,expense,Business hotel one night 320 yuan,320,CNY,Business hotel,anchor,2026-08-31,2026-08-31
lodging-en-015,en,lodging,酒店住宿,Lodging,expense,Theme hotel one night 480 bucks,480,CNY,Theme hotel,anchor,2026-08-31,2026-08-31
lodging-en-016,en,lodging,酒店住宿,Lodging,expense,Airport hotel one night 350 yuan,350,CNY,Airport hotel,anchor,2026-08-31,2026-08-31
lodging-en-017,en,lodging,酒店住宿,Lodging,expense,HK Tsim Sha Tsui hotel one night 2000 HKD,2000,HKD,Tsim Sha Tsui,anchor,2026-08-31,2026-08-31
lodging-en-018,en,lodging,酒店住宿,Lodging,expense,Homestay whole courtyard one day 1500 yuan,1500,CNY,Whole courtyard,anchor,2026-08-31,2026-08-31
lodging-en-019,en,lodging,酒店住宿,Lodging,expense,Esports hotel double room one night 260 bucks,260,CNY,Esports hotel,anchor,2026-08-31,2026-08-31
lodging-en-020,en,lodging,酒店住宿,Lodging,expense,Hot spring hotel one night 680 yuan,680,CNY,Hot spring hotel,anchor,2026-08-31,2026-08-31
lodging-en-021,en,lodging,酒店住宿,Lodging,expense,HK Disneyland hotel one night 3000 HKD on August 27,3000,HKD,Disneyland hotel,ymd:2026-08-27,2026-08-27,2026-08-31
lodging-en-022,en,lodging,酒店住宿,Lodging,expense,Guesthouse one night 80 yuan,80,CNY,Guesthouse,anchor,2026-08-31,2026-08-31
lodging-en-023,en,lodging,酒店住宿,Lodging,expense,Serviced apartment two nights 800 bucks,800,CNY,Serviced apartment,anchor,2026-08-31,2026-08-31
lodging-en-024,en,lodging,酒店住宿,Lodging,expense,Sea-view homestay one night 580 yuan,580,CNY,Sea-view homestay,anchor,2026-08-31,2026-08-31
lodging-en-025,en,lodging,酒店住宿,Lodging,expense,HK Mong Kok hotel one night 800 HKD,800,HKD,Mong Kok,anchor,2026-08-31,2026-08-31
lodging-en-026,en,lodging,酒店住宿,Lodging,expense,Ji Hotel one night 350 yuan,350,CNY,Ji Hotel,anchor,2026-08-31,2026-08-31
lodging-en-027,en,lodging,酒店住宿,Lodging,expense,Courtyard homestay one night 1200 bucks,1200,CNY,Courtyard homestay,anchor,2026-08-31,2026-08-31
lodging-en-028,en,lodging,酒店住宿,Lodging,expense,HK Central hotel one night 2500 HKD,2500,HKD,Central,anchor,2026-08-31,2026-08-31
lodging-en-029,en,lodging,酒店住宿,Lodging,expense,Home Inn one night 220 yuan,220,CNY,Home Inn,anchor,2026-08-31,2026-08-31
lodging-en-030,en,lodging,酒店住宿,Lodging,expense,Resort hotel three nights 2400 bucks,2400,CNY,Resort hotel,anchor,2026-08-31,2026-08-31
lodging-en-031,en,lodging,酒店住宿,Lodging,expense,River-view hotel one night 420 yuan,420,CNY,River-view hotel,anchor,2026-08-31,2026-08-31
lodging-en-032,en,lodging,酒店住宿,Lodging,expense,HK Yau Ma Tei hotel one night 600 HKD,600,HKD,Yau Ma Tei,anchor,2026-08-31,2026-08-31
lodging-en-033,en,lodging,酒店住宿,Lodging,expense,Hanting hotel one night 199 yuan,199,CNY,Hanting,anchor,2026-08-31,2026-08-31
lodging-en-034,en,lodging,酒店住宿,Lodging,expense,Trendy homestay one night 520 bucks,520,CNY,Trendy homestay,anchor,2026-08-31,2026-08-31
lodging-en-035,en,lodging,酒店住宿,Lodging,expense,HK airport hotel one night 1000 HKD,1000,HKD,Airport hotel,anchor,2026-08-31,2026-08-31
lodging-en-036,en,lodging,酒店住宿,Lodging,expense,7 Days Inn one night 150 yuan,150,CNY,7 Days Inn,anchor,2026-08-31,2026-08-31
lodging-en-037,en,lodging,酒店住宿,Lodging,expense,Boutique hotel one night 380 bucks,380,CNY,Boutique hotel,anchor,2026-08-31,2026-08-31
lodging-en-038,en,lodging,酒店住宿,Lodging,expense,Mountain-view homestay one night 280 yuan,280,CNY,Mountain-view homestay,anchor,2026-08-31,2026-08-31
lodging-en-039,en,lodging,酒店住宿,Lodging,expense,HK North Point hotel one night 700 HKD,700,HKD,North Point,anchor,2026-08-31,2026-08-31
lodging-en-040,en,lodging,酒店住宿,Lodging,expense,Vienna hotel one night 260 yuan,260,CNY,Vienna hotel,anchor,2026-08-31,2026-08-31
lodging-en-041,en,lodging,酒店住宿,Lodging,expense,Loft hotel one night 450 bucks,450,CNY,Loft hotel,anchor,2026-08-31,2026-08-31
lodging-en-042,en,lodging,酒店住宿,Lodging,expense,HK Hung Hom hotel one night 900 HKD,900,HKD,Hung Hom,anchor,2026-08-31,2026-08-31
lodging-en-043,en,lodging,酒店住宿,Lodging,expense,Atour hotel one night 360 yuan,360,CNY,Atour,anchor,2026-08-31,2026-08-31
lodging-en-044,en,lodging,酒店住宿,Lodging,expense,Family suite one night 680 bucks,680,CNY,Family suite,anchor,2026-08-31,2026-08-31
lodging-en-045,en,lodging,酒店住宿,Lodging,expense,HK Causeway Bay mini hotel one night 500 HKD,500,HKD,Mini hotel,anchor,2026-08-31,2026-08-31
lodging-en-046,en,lodging,酒店住宿,Lodging,expense,GreenTree Inn one night 200 yuan,200,CNY,GreenTree Inn,anchor,2026-08-31,2026-08-31
lodging-en-047,en,lodging,酒店住宿,Lodging,expense,Beach cabin one night 380 bucks,380,CNY,Beach cabin,anchor,2026-08-31,2026-08-31
lodging-en-048,en,lodging,酒店住宿,Lodging,expense,HK Jordan hotel one night 650 HKD,650,HKD,Jordan,anchor,2026-08-31,2026-08-31
lodging-en-049,en,lodging,酒店住宿,Lodging,expense,Hotel deposit 500 yuan,500,CNY,Deposit,anchor,2026-08-31,2026-08-31
lodging-en-050,en,lodging,酒店住宿,Lodging,expense,Added breakfast 50 bucks per person,50,CNY,Breakfast,anchor,2026-08-31,2026-08-31
gifts-en-001,en,gifts,人情送礼,Gifts,expense,Bought friend birthday gift 300 yuan yesterday,300,CNY,Birthday gift,rel:-1,2026-08-30,2026-08-31
gifts-en-002,en,gifts,人情送礼,Gifts,expense,Fruit basket for hospital visit 150 bucks,150,CNY,Hospital visit,anchor,2026-08-31,2026-08-31
gifts-en-003,en,gifts,人情送礼,Gifts,expense,Client souvenir gift 500 HKD,500,HKD,Client souvenir,anchor,2026-08-31,2026-08-31
gifts-en-004,en,gifts,人情送礼,Gifts,expense,Teachers Day flowers for teacher 200 yuan this Wednesday,200,CNY,Teachers Day,weekday:3,2026-09-02,2026-08-31
gifts-en-005,en,gifts,人情送礼,Gifts,expense,Health supplements for elders 400 bucks,400,CNY,Elder gift,anchor,2026-08-31,2026-08-31
gifts-en-006,en,gifts,人情送礼,Gifts,expense,Housewarming gift 888 yuan,888,CNY,Housewarming gift,anchor,2026-08-31,2026-08-31
gifts-en-007,en,gifts,人情送礼,Gifts,expense,Wedding gift jewelry 2000 HKD,2000,HKD,Wedding gift,anchor,2026-08-31,2026-08-31
gifts-en-008,en,gifts,人情送礼,Gifts,expense,Coworker farewell gift 150 yuan,150,CNY,Farewell gift,anchor,2026-08-31,2026-08-31
gifts-en-009,en,gifts,人情送礼,Gifts,expense,Gift for foreign client 100 USD,100,USD,Client gift,anchor,2026-08-31,2026-08-31
gifts-en-010,en,gifts,人情送礼,Gifts,expense,Full moon gift 300 bucks,300,CNY,Full moon gift,anchor,2026-08-31,2026-08-31
gifts-en-011,en,gifts,人情送礼,Gifts,expense,Spring Festival gift for elders 500 yuan,500,CNY,Spring Festival gift,anchor,2026-08-31,2026-08-31
gifts-en-012,en,gifts,人情送礼,Gifts,expense,Dragon Boat Festival zongzi gift box 128 bucks,128,CNY,Dragon Boat gift,anchor,2026-08-31,2026-08-31
gifts-en-013,en,gifts,人情送礼,Gifts,expense,Tea gift box for HK client 800 HKD,800,HKD,Tea gift box,anchor,2026-08-31,2026-08-31
gifts-en-014,en,gifts,人情送礼,Gifts,expense,Mid-Autumn mooncake gift box 200 yuan,200,CNY,Mid-Autumn gift,anchor,2026-08-31,2026-08-31
gifts-en-015,en,gifts,人情送礼,Gifts,expense,Cigarettes and liquor for boss 600 bucks,600,CNY,Boss gift,anchor,2026-08-31,2026-08-31
gifts-en-016,en,gifts,人情送礼,Gifts,expense,Newborn gift set 399 yuan,399,CNY,Newborn gift,anchor,2026-08-31,2026-08-31
gifts-en-017,en,gifts,人情送礼,Gifts,expense,Decor for HK friend moving 1000 HKD,1000,HKD,Moving gift,anchor,2026-08-31,2026-08-31
gifts-en-018,en,gifts,人情送礼,Gifts,expense,Thanksgiving flowers for teacher 180 yuan,180,CNY,Thanksgiving gift,anchor,2026-08-31,2026-08-31
gifts-en-019,en,gifts,人情送礼,Gifts,expense,Custom gift for client 500 bucks,500,CNY,Custom gift,anchor,2026-08-31,2026-08-31
gifts-en-020,en,gifts,人情送礼,Gifts,expense,Birthday flowers and cake 288 yuan today and tomorrow,288,CNY,Birthday gift,"rel:0,1",2026-08-31|2026-09-01,2026-08-31
gifts-en-021,en,gifts,人情送礼,Gifts,expense,Gold jewelry gift for HK relative 3000 HKD,3000,HKD,Gold jewelry gift,anchor,2026-08-31,2026-08-31
gifts-en-022,en,gifts,人情送礼,Gifts,expense,Graduation gift fountain pen 200 yuan,200,CNY,Graduation gift,anchor,2026-08-31,2026-08-31
gifts-en-023,en,gifts,人情送礼,Gifts,expense,Milk and fruit visiting elders 150 bucks,150,CNY,Visiting elders,anchor,2026-08-31,2026-08-31
gifts-en-024,en,gifts,人情送礼,Gifts,expense,Business souvenir 80 yuan per person,80,CNY,Business souvenir,anchor,2026-08-31,2026-08-31
gifts-en-025,en,gifts,人情送礼,Gifts,expense,Health supplements for HK client 500 HKD,500,HKD,Health supplement gift,anchor,2026-08-31,2026-08-31
gifts-en-026,en,gifts,人情送礼,Gifts,expense,Valentine gift for girlfriend 520 yuan on August 14,520,CNY,Valentine gift,ymd:2026-08-14,2026-08-14,2026-08-31
gifts-en-027,en,gifts,人情送礼,Gifts,expense,Children's Day toy for kid 300 bucks,300,CNY,Children's Day gift,anchor,2026-08-31,2026-08-31
gifts-en-028,en,gifts,人情送礼,Gifts,expense,Double Ninth Festival tonic for elders 280 yuan,280,CNY,Double Ninth gift,anchor,2026-08-31,2026-08-31
gifts-en-029,en,gifts,人情送礼,Gifts,expense,Tableware set for HK friend wedding 800 HKD,800,HKD,Wedding tableware gift,anchor,2026-08-31,2026-08-31
gifts-en-030,en,gifts,人情送礼,Gifts,expense,New Year gift for friend 199 yuan,199,CNY,New Year gift,anchor,2026-08-31,2026-08-31
gifts-en-031,en,gifts,人情送礼,Gifts,expense,Cigarettes tea liquor for mentor 400 bucks,400,CNY,Mentor gift,anchor,2026-08-31,2026-08-31
gifts-en-032,en,gifts,人情送礼,Gifts,expense,Grand opening lucky cat gift 666 yuan,666,CNY,Grand opening gift,anchor,2026-08-31,2026-08-31
gifts-en-033,en,gifts,人情送礼,Gifts,expense,Local specialty for HK client 300 HKD,300,HKD,Local specialty,anchor,2026-08-31,2026-08-31
gifts-en-034,en,gifts,人情送礼,Gifts,expense,Mother's Day necklace for mom 888 yuan,888,CNY,Mother's Day gift,anchor,2026-08-31,2026-08-31
gifts-en-035,en,gifts,人情送礼,Gifts,expense,Father's Day watch for dad 1200 bucks,1200,CNY,Father's Day gift,anchor,2026-08-31,2026-08-31
gifts-en-036,en,gifts,人情送礼,Gifts,expense,Qixi gift for boyfriend 500 yuan,500,CNY,Qixi gift,anchor,2026-08-31,2026-08-31
gifts-en-037,en,gifts,人情送礼,Gifts,expense,Perfume for HK best friend birthday 600 HKD,600,HKD,Birthday perfume gift,anchor,2026-08-31,2026-08-31
gifts-en-038,en,gifts,人情送礼,Gifts,expense,Lantern Festival lantern gift 100 yuan,100,CNY,Lantern Festival gift,anchor,2026-08-31,2026-08-31
gifts-en-039,en,gifts,人情送礼,Gifts,expense,Desk calendar for client 50 bucks,50,CNY,Calendar gift,anchor,2026-08-31,2026-08-31
gifts-en-040,en,gifts,人情送礼,Gifts,expense,Promotion gift pen set 280 yuan,280,CNY,Promotion gift,anchor,2026-08-31,2026-08-31
gifts-en-041,en,gifts,人情送礼,Gifts,expense,Custom mug for HK coworker leaving 200 HKD,200,HKD,Farewell gift,anchor,2026-08-31,2026-08-31
gifts-en-042,en,gifts,人情送礼,Gifts,expense,Winter solstice thermal underwear for elders 300 yuan,300,CNY,Winter solstice gift,anchor,2026-08-31,2026-08-31
gifts-en-043,en,gifts,人情送礼,Gifts,expense,School admission gift for child 400 bucks,400,CNY,School admission gift,anchor,2026-08-31,2026-08-31
gifts-en-044,en,gifts,人情送礼,Gifts,expense,Christmas apple gift box 88 yuan,88,CNY,Christmas gift,anchor,2026-08-31,2026-08-31
gifts-en-045,en,gifts,人情送礼,Gifts,expense,Custom pen for HK client 500 HKD,500,HKD,Custom pen gift,anchor,2026-08-31,2026-08-31
gifts-en-046,en,gifts,人情送礼,Gifts,expense,Perfume gift for best friend 300 yuan,300,CNY,Best friend gift,anchor,2026-08-31,2026-08-31
gifts-en-047,en,gifts,人情送礼,Gifts,expense,Veteran reunion souvenir 150 bucks,150,CNY,Souvenir,anchor,2026-08-31,2026-08-31
gifts-en-048,en,gifts,人情送礼,Gifts,expense,Retirement gift for teacher 200 yuan,200,CNY,Retirement gift,anchor,2026-08-31,2026-08-31
gifts-en-049,en,gifts,人情送礼,Gifts,expense,Houseplant for HK friend moving 300 HKD,300,HKD,Moving plant gift,anchor,2026-08-31,2026-08-31
gifts-en-050,en,gifts,人情送礼,Gifts,expense,Birthday gift for HK coworker 300 HKD,300,HKD,Birthday gift,anchor,2026-08-31,2026-08-31
red_packet-en-001,en,red_packet,红包礼金,Red Packets,expense,Gave nephew New Year red packet 2000 bucks yesterday,2000,CNY,New Year money,rel:-1,2026-08-30,2026-08-31
red_packet-en-002,en,red_packet,红包礼金,Red Packets,expense,Friend wedding gift money 888 yuan,888,CNY,Wedding gift money,anchor,2026-08-31,2026-08-31
red_packet-en-003,en,red_packet,红包礼金,Red Packets,expense,WeChat group red packet 200 HKD,200,HKD,Group red packet,anchor,2026-08-31,2026-08-31
red_packet-en-004,en,red_packet,红包礼金,Red Packets,expense,Baby birth gift money 666 yuan,666,CNY,Full moon gift money,anchor,2026-08-31,2026-08-31
red_packet-en-005,en,red_packet,红包礼金,Red Packets,expense,New Year red packet for elders 5000 bucks,5000,CNY,New Year red packet,anchor,2026-08-31,2026-08-31
red_packet-en-006,en,red_packet,红包礼金,Red Packets,expense,Housewarming red packet 1888 yuan this Saturday,1888,CNY,Housewarming red packet,weekday:6,2026-09-05,2026-08-31
red_packet-en-007,en,red_packet,红包礼金,Red Packets,expense,Birthday red packet 520 HKD,520,HKD,Birthday red packet,anchor,2026-08-31,2026-08-31
red_packet-en-008,en,red_packet,红包礼金,Red Packets,expense,Work resumption lai see 100 yuan,100,CNY,Work resumption lai see,anchor,2026-08-31,2026-08-31
red_packet-en-009,en,red_packet,红包礼金,Red Packets,expense,Overseas friend wedding gift 200 USD,200,USD,Overseas wedding gift,anchor,2026-08-31,2026-08-31
red_packet-en-010,en,red_packet,红包礼金,Red Packets,expense,School admission red packet 1000 bucks,1000,CNY,School admission red packet,anchor,2026-08-31,2026-08-31
red_packet-en-011,en,red_packet,红包礼金,Red Packets,expense,Full moon banquet gift 500 yuan on August 13,500,CNY,Full moon banquet,ymd:2026-08-13,2026-08-13,2026-08-31
red_packet-en-012,en,red_packet,红包礼金,Red Packets,expense,Company annual party lucky draw red packet 888 bucks,888,CNY,Annual party red packet,anchor,2026-08-31,2026-08-31
red_packet-en-013,en,red_packet,红包礼金,Red Packets,expense,HK New Year lai see 500 HKD,500,HKD,New Year lai see,anchor,2026-08-31,2026-08-31
red_packet-en-014,en,red_packet,红包礼金,Red Packets,expense,Engagement red packet 1001 yuan,1001,CNY,Engagement red packet,anchor,2026-08-31,2026-08-31
red_packet-en-015,en,red_packet,红包礼金,Red Packets,expense,Moving gift money 666 bucks,666,CNY,Moving gift money,anchor,2026-08-31,2026-08-31
red_packet-en-016,en,red_packet,红包礼金,Red Packets,expense,Elder birthday red packet 2000 yuan,2000,CNY,Birthday red packet,anchor,2026-08-31,2026-08-31
red_packet-en-017,en,red_packet,红包礼金,Red Packets,expense,HK wedding gift money 10000 HKD,10000,HKD,Wedding gift money,anchor,2026-08-31,2026-08-31
red_packet-en-018,en,red_packet,红包礼金,Red Packets,expense,Children's Day red packet for kid 200 yuan,200,CNY,Children's Day red packet,anchor,2026-08-31,2026-08-31
red_packet-en-019,en,red_packet,红包礼金,Red Packets,expense,Grand opening red packet 888 bucks,888,CNY,Grand opening red packet,anchor,2026-08-31,2026-08-31
red_packet-en-020,en,red_packet,红包礼金,Red Packets,expense,College admission red packet 1666 yuan,1666,CNY,College admission red packet,anchor,2026-08-31,2026-08-31
red_packet-en-021,en,red_packet,红包礼金,Red Packets,expense,HK full moon gift money 3000 HKD today and tomorrow,3000,HKD,Full moon gift money,"rel:0,1",2026-08-31|2026-09-01,2026-08-31
red_packet-en-022,en,red_packet,红包礼金,Red Packets,expense,New Year's Eve red packet 1000 yuan,1000,CNY,New Year's Eve red packet,anchor,2026-08-31,2026-08-31
red_packet-en-023,en,red_packet,红包礼金,Red Packets,expense,Friend shop opening gift 1288 bucks,1288,CNY,Shop opening gift,anchor,2026-08-31,2026-08-31
red_packet-en-024,en,red_packet,红包礼金,Red Packets,expense,Birthday red packet 66.66 yuan,66.66,CNY,Birthday red packet,anchor,2026-08-31,2026-08-31
red_packet-en-025,en,red_packet,红包礼金,Red Packets,expense,HK housewarming gift money 5000 HKD,5000,HKD,Housewarming gift money,anchor,2026-08-31,2026-08-31
red_packet-en-026,en,red_packet,红包礼金,Red Packets,expense,Lantern Festival red packet 88 yuan,88,CNY,Lantern Festival red packet,anchor,2026-08-31,2026-08-31
red_packet-en-027,en,red_packet,红包礼金,Red Packets,expense,Engagement gift money 3180 bucks,3180,CNY,Engagement gift money,anchor,2026-08-31,2026-08-31
red_packet-en-028,en,red_packet,红包礼金,Red Packets,expense,Double Ninth red packet for elders 500 yuan,500,CNY,Double Ninth red packet,anchor,2026-08-31,2026-08-31
red_packet-en-029,en,red_packet,红包礼金,Red Packets,expense,HK hundred-day banquet gift 2000 HKD,2000,HKD,Hundred-day banquet gift,anchor,2026-08-31,2026-08-31
red_packet-en-030,en,red_packet,红包礼金,Red Packets,expense,Valentine red packet 520 yuan,520,CNY,Valentine red packet,anchor,2026-08-31,2026-08-31
red_packet-en-031,en,red_packet,红包礼金,Red Packets,expense,Wedding tea ceremony gift 9999 bucks,9999,CNY,Tea ceremony gift,anchor,2026-08-31,2026-08-31
red_packet-en-032,en,red_packet,红包礼金,Red Packets,expense,Qixi red packet 1314 yuan,1314,CNY,Qixi red packet,anchor,2026-08-31,2026-08-31
red_packet-en-033,en,red_packet,红包礼金,Red Packets,expense,HK Spring Festival lai see 50 HKD per person,50,HKD,Spring Festival lai see,anchor,2026-08-31,2026-08-31
red_packet-en-034,en,red_packet,红包礼金,Red Packets,expense,Winter solstice red packet 188 yuan,188,CNY,Winter solstice red packet,anchor,2026-08-31,2026-08-31
red_packet-en-035,en,red_packet,红包礼金,Red Packets,expense,Baby first birthday red packet 1000 bucks,1000,CNY,First birthday red packet,anchor,2026-08-31,2026-08-31
red_packet-en-036,en,red_packet,红包礼金,Red Packets,expense,Graduation red packet 666 yuan,666,CNY,Graduation red packet,anchor,2026-08-31,2026-08-31
red_packet-en-037,en,red_packet,红包礼金,Red Packets,expense,HK birthday banquet gift money 8000 HKD,8000,HKD,Birthday banquet gift,anchor,2026-08-31,2026-08-31
red_packet-en-038,en,red_packet,红包礼金,Red Packets,expense,Little New Year red packet 200 yuan,200,CNY,Little New Year red packet,anchor,2026-08-31,2026-08-31
red_packet-en-039,en,red_packet,红包礼金,Red Packets,expense,Coworker wedding gift money 300 bucks,300,CNY,Wedding gift money,anchor,2026-08-31,2026-08-31
red_packet-en-040,en,red_packet,红包礼金,Red Packets,expense,Moving red packet 888 yuan,888,CNY,Moving red packet,anchor,2026-08-31,2026-08-31
red_packet-en-041,en,red_packet,红包礼金,Red Packets,expense,HK engagement gift money 18888 HKD,18888,HKD,Engagement gift money,anchor,2026-08-31,2026-08-31
red_packet-en-042,en,red_packet,红包礼金,Red Packets,expense,520 red packet 520 yuan,520,CNY,520 red packet,anchor,2026-08-31,2026-08-31
red_packet-en-043,en,red_packet,红包礼金,Red Packets,expense,Second baby gift money 800 bucks,800,CNY,Second baby gift,anchor,2026-08-31,2026-08-31
red_packet-en-044,en,red_packet,红包礼金,Red Packets,expense,Lantern Festival red packet 88 yuan,88,CNY,Lantern Festival red packet,anchor,2026-08-31,2026-08-31
red_packet-en-045,en,red_packet,红包礼金,Red Packets,expense,HK new home gift money 10000 HKD,10000,HKD,New home gift money,anchor,2026-08-31,2026-08-31
red_packet-en-046,en,red_packet,红包礼金,Red Packets,expense,New Year red packet 188 yuan,188,CNY,New Year red packet,anchor,2026-08-31,2026-08-31
red_packet-en-047,en,red_packet,红包礼金,Red Packets,expense,Relative kid school admission gift 500 bucks,500,CNY,School admission gift,anchor,2026-08-31,2026-08-31
red_packet-en-048,en,red_packet,红包礼金,Red Packets,expense,Mother's Day red packet 888 yuan,888,CNY,Mother's Day red packet,anchor,2026-08-31,2026-08-31
red_packet-en-049,en,red_packet,红包礼金,Red Packets,expense,HK work resumption lai see 100 HKD per person,100,HKD,Work resumption lai see,anchor,2026-08-31,2026-08-31
red_packet-en-050,en,red_packet,红包礼金,Red Packets,expense,HK Lantern Festival lai see 200 HKD,200,HKD,Lantern Festival lai see,anchor,2026-08-31,2026-08-31
pets-en-001,en,pets,宠物养护,Pets,expense,Yesterday spent 180 yuan on cat food,180,CNY,Cat food,rel:-1,2026-08-30,2026-08-31
pets-en-002,en,pets,宠物养护,Pets,expense,Dog grooming and bath cost 150 bucks,150,CNY,Grooming bath,anchor,2026-08-31,2026-08-31
pets-en-003,en,pets,宠物养护,Pets,expense,Pet hospital visit cost 800 HKD,800,HKD,Pet vet visit,anchor,2026-08-31,2026-08-31
pets-en-004,en,pets,宠物养护,Pets,expense,Cat litter and toys cost 80 yuan,80,CNY,Litter and toys,anchor,2026-08-31,2026-08-31
pets-en-005,en,pets,宠物养护,Pets,expense,Pet deworming cost 120 bucks,120,CNY,Deworming,anchor,2026-08-31,2026-08-31
pets-en-006,en,pets,宠物养护,Pets,expense,This week log 320 yuan daily for dog food bags,320,CNY,Dog food,week:0,2026-08-31|2026-09-01|2026-09-02|2026-09-03|2026-09-04|2026-09-05|2026-09-06,2026-08-31
pets-en-007,en,pets,宠物养护,Pets,expense,Pet boarding three days cost 600 HKD,600,HKD,Boarding,anchor,2026-08-31,2026-08-31
pets-en-008,en,pets,宠物养护,Pets,expense,Dog vaccination cost 280 yuan,280,CNY,Vaccine,anchor,2026-08-31,2026-08-31
pets-en-009,en,pets,宠物养护,Pets,expense,Overseas pet supplies 50 USD,50,USD,Overseas supplies,anchor,2026-08-31,2026-08-31
pets-en-010,en,pets,宠物养护,Pets,expense,Pet treats cost 68 bucks,68,CNY,Treats,anchor,2026-08-31,2026-08-31
pets-en-011,en,pets,宠物养护,Pets,expense,Log 200 yuan today and tomorrow for cat cans,200,CNY,Cat food cans,"rel:0,1",2026-08-31|2026-09-01,2026-08-31
pets-en-012,en,pets,宠物养护,Pets,expense,Dog haircut cost 100 bucks,100,CNY,Hair trim,anchor,2026-08-31,2026-08-31
pets-en-013,en,pets,宠物养护,Pets,expense,HK pet clinic consultation fee 500 HKD,500,HKD,Clinic fee,anchor,2026-08-31,2026-08-31
pets-en-014,en,pets,宠物养护,Pets,expense,Scratching post and cat tree 150 yuan,150,CNY,Cat tree,anchor,2026-08-31,2026-08-31
pets-en-015,en,pets,宠物养护,Pets,expense,Pet leash and harness 80 bucks,80,CNY,Leash harness,anchor,2026-08-31,2026-08-31
pets-en-016,en,pets,宠物养护,Pets,expense,Log 58 yuan today through day after tomorrow for pet shampoo,58,CNY,Pet shampoo,span:0:2,2026-08-31|2026-09-01|2026-09-02,2026-08-31
pets-en-017,en,pets,宠物养护,Pets,expense,HK pet grooming 300 HKD,300,HKD,Pet grooming,anchor,2026-08-31,2026-08-31
pets-en-018,en,pets,宠物养护,Pets,expense,Internal and external dewormer 150 yuan,150,CNY,Dewormer meds,anchor,2026-08-31,2026-08-31
pets-en-019,en,pets,宠物养护,Pets,expense,Semi-enclosed litter box 68 bucks,68,CNY,Litter box,anchor,2026-08-31,2026-08-31
pets-en-020,en,pets,宠物养护,Pets,expense,Pet airline carrier crate 200 yuan,200,CNY,Pet carrier,anchor,2026-08-31,2026-08-31
pets-en-021,en,pets,宠物养护,Pets,expense,This Sunday HK pet boarding 200 HKD per day,200,HKD,Boarding,weekday:7,2026-09-06,2026-08-31
pets-en-022,en,pets,宠物养护,Pets,expense,Dog calcium and trace minerals 88 yuan,88,CNY,Supplements,anchor,2026-08-31,2026-08-31
pets-en-023,en,pets,宠物养护,Pets,expense,Cat hairball and nutritional paste 128 bucks,128,CNY,Nutritional paste,anchor,2026-08-31,2026-08-31
pets-en-024,en,pets,宠物养护,Pets,expense,Winter pet clothes 60 yuan,60,CNY,Pet clothing,anchor,2026-08-31,2026-08-31
pets-en-025,en,pets,宠物养护,Pets,expense,HK pet food 200 HKD,200,HKD,Pet food,anchor,2026-08-31,2026-08-31
pets-en-026,en,pets,宠物养护,Pets,expense,Pet pee pads and diapers 45 yuan,45,CNY,Pee pads,anchor,2026-08-31,2026-08-31
pets-en-027,en,pets,宠物养护,Pets,expense,Dog toy ball and chew stick 30 bucks,30,CNY,Toys,anchor,2026-08-31,2026-08-31
pets-en-028,en,pets,宠物养护,Pets,expense,Cat grass and catnip 20 yuan,20,CNY,Cat grass,anchor,2026-08-31,2026-08-31
pets-en-029,en,pets,宠物养护,Pets,expense,HK pet store snacks 100 HKD,100,HKD,Pet snacks,anchor,2026-08-31,2026-08-31
pets-en-030,en,pets,宠物养护,Pets,expense,Pet spay neuter surgery 800 yuan,800,CNY,Spay neuter,anchor,2026-08-31,2026-08-31
pets-en-031,en,pets,宠物养护,Pets,expense,Aug 17 cat checkup package 300 bucks,300,CNY,Checkup,ymd:2026-08-17,2026-08-17,2026-08-31
pets-en-032,en,pets,宠物养护,Pets,expense,Pet bed and house 120 yuan,120,CNY,Pet bed,anchor,2026-08-31,2026-08-31
pets-en-033,en,pets,宠物养护,Pets,expense,Dog nail clipper and trimmer 88 bucks,88,CNY,Grooming tools,anchor,2026-08-31,2026-08-31
pets-en-034,en,pets,宠物养护,Pets,expense,HK pet insurance monthly 100 HKD,100,HKD,Pet insurance,anchor,2026-08-31,2026-08-31
pets-en-035,en,pets,宠物养护,Pets,expense,Portable cat carrier bag 50 yuan,50,CNY,Cat carrier bag,anchor,2026-08-31,2026-08-31
pets-en-036,en,pets,宠物养护,Pets,expense,Pet probiotics for digestion 68 bucks,68,CNY,Probiotics,anchor,2026-08-31,2026-08-31
pets-en-037,en,pets,宠物养护,Pets,expense,Pet potty training spray 25 yuan,25,CNY,Training spray,anchor,2026-08-31,2026-08-31
pets-en-038,en,pets,宠物养护,Pets,expense,HK pet license fee 200 HKD,200,HKD,License fee,anchor,2026-08-31,2026-08-31
pets-en-039,en,pets,宠物养护,Pets,expense,Dog collar with bell 30 yuan,30,CNY,Collar,anchor,2026-08-31,2026-08-31
pets-en-040,en,pets,宠物养护,Pets,expense,Automatic cat feeder 299 bucks,299,CNY,Auto feeder,anchor,2026-08-31,2026-08-31
pets-en-041,en,pets,宠物养护,Pets,expense,Last Sunday pet water fountain 158 yuan,158,CNY,Water fountain,weekday:-1:7,2026-08-30,2026-08-31
pets-en-042,en,pets,宠物养护,Pets,expense,HK pet bath card 10 visits 1200 HKD,1200,HKD,Bath card,anchor,2026-08-31,2026-08-31
pets-en-043,en,pets,宠物养护,Pets,expense,Dog eye drops 35 yuan,35,CNY,Eye drops,anchor,2026-08-31,2026-08-31
pets-en-044,en,pets,宠物养护,Pets,expense,Cat ear mite medicine 50 bucks,50,CNY,Ear mite meds,anchor,2026-08-31,2026-08-31
pets-en-045,en,pets,宠物养护,Pets,expense,Pet clipper and electric trimmer 80 yuan,80,CNY,Pet clipper,anchor,2026-08-31,2026-08-31
pets-en-046,en,pets,宠物养护,Pets,expense,HK pet dewormer 150 HKD,150,HKD,Dewormer,anchor,2026-08-31,2026-08-31
pets-en-047,en,pets,宠物养护,Pets,expense,Pet hammock and cat bed 45 yuan,45,CNY,Cat bed,anchor,2026-08-31,2026-08-31
pets-en-048,en,pets,宠物养护,Pets,expense,Dog dental chews and bones 60 bucks,60,CNY,Dental chews,anchor,2026-08-31,2026-08-31
pets-en-049,en,pets,宠物养护,Pets,expense,Pet disinfectant spray 28 yuan,28,CNY,Disinfectant spray,anchor,2026-08-31,2026-08-31
pets-en-050,en,pets,宠物养护,Pets,expense,HK pet grooming and bath 350 HKD,350,HKD,Pet grooming,anchor,2026-08-31,2026-08-31
apparel-en-001,en,apparel,服饰鞋包,Apparel,expense,Yesterday bought a jacket for 599 yuan,599,CNY,Jacket,rel:-1,2026-08-30,2026-08-31
apparel-en-002,en,apparel,服饰鞋包,Apparel,expense,Bought sneakers for 799 bucks,799,CNY,Sneakers,anchor,2026-08-31,2026-08-31
apparel-en-003,en,apparel,服饰鞋包,Apparel,expense,Bought a handbag for 1200 HKD,1200,HKD,Handbag,anchor,2026-08-31,2026-08-31
apparel-en-004,en,apparel,服饰鞋包,Apparel,expense,Bought pants for 299 yuan,299,CNY,Pants,anchor,2026-08-31,2026-08-31
apparel-en-005,en,apparel,服饰鞋包,Apparel,expense,Bought underwear and socks for 150 bucks,150,CNY,Underwear socks,anchor,2026-08-31,2026-08-31
apparel-en-006,en,apparel,服饰鞋包,Apparel,expense,Bought a down jacket for 1299 yuan,1299,CNY,Down jacket,anchor,2026-08-31,2026-08-31
apparel-en-007,en,apparel,服饰鞋包,Apparel,expense,Bought high heels for 899 HKD,899,HKD,High heels,anchor,2026-08-31,2026-08-31
apparel-en-008,en,apparel,服饰鞋包,Apparel,expense,Bought hat and scarf for 180 yuan,180,CNY,Hat scarf,anchor,2026-08-31,2026-08-31
apparel-en-009,en,apparel,服饰鞋包,Apparel,expense,This Saturday bought luxury bag overseas 2000 USD,2000,USD,Luxury bag,weekday:6,2026-09-05,2026-08-31
apparel-en-010,en,apparel,服饰鞋包,Apparel,expense,Bought a T-shirt for 99 bucks,99,CNY,T-shirt,anchor,2026-08-31,2026-08-31
apparel-en-011,en,apparel,服饰鞋包,Apparel,expense,Bought a dress for 399 yuan,399,CNY,Dress,anchor,2026-08-31,2026-08-31
apparel-en-012,en,apparel,服饰鞋包,Apparel,expense,Bought leather shoes for 688 bucks,688,CNY,Leather shoes,anchor,2026-08-31,2026-08-31
apparel-en-013,en,apparel,服饰鞋包,Apparel,expense,Bought designer bag in HK 8000 HKD,8000,HKD,Designer bag,anchor,2026-08-31,2026-08-31
apparel-en-014,en,apparel,服饰鞋包,Apparel,expense,Bought jeans for 199 yuan,199,CNY,Jeans,anchor,2026-08-31,2026-08-31
apparel-en-015,en,apparel,服饰鞋包,Apparel,expense,Bought thermal underwear set for 299 bucks,299,CNY,Thermal underwear,anchor,2026-08-31,2026-08-31
apparel-en-016,en,apparel,服饰鞋包,Apparel,expense,Bought a trench coat for 899 yuan,899,CNY,Trench coat,anchor,2026-08-31,2026-08-31
apparel-en-017,en,apparel,服饰鞋包,Apparel,expense,Aug 4 bought sneakers in HK 1000 HKD,1000,HKD,Sneakers,ymd:2026-08-04,2026-08-04,2026-08-31
apparel-en-018,en,apparel,服饰鞋包,Apparel,expense,Bought a dress shirt for 159 yuan,159,CNY,Dress shirt,anchor,2026-08-31,2026-08-31
apparel-en-019,en,apparel,服饰鞋包,Apparel,expense,Bought sandals and slippers for 88 bucks,88,CNY,Sandals,anchor,2026-08-31,2026-08-31
apparel-en-020,en,apparel,服饰鞋包,Apparel,expense,Bought a leather wallet for 399 yuan,399,CNY,Wallet,anchor,2026-08-31,2026-08-31
apparel-en-021,en,apparel,服饰鞋包,Apparel,expense,Bought clothes in HK 2000 HKD,2000,HKD,Clothing,anchor,2026-08-31,2026-08-31
apparel-en-022,en,apparel,服饰鞋包,Apparel,expense,Bought a hoodie for 259 yuan,259,CNY,Hoodie,anchor,2026-08-31,2026-08-31
apparel-en-023,en,apparel,服饰鞋包,Apparel,expense,Bought combat boots for 599 bucks,599,CNY,Combat boots,anchor,2026-08-31,2026-08-31
apparel-en-024,en,apparel,服饰鞋包,Apparel,expense,Bought silk scarf and shawl for 199 yuan,199,CNY,Silk scarf,anchor,2026-08-31,2026-08-31
apparel-en-025,en,apparel,服饰鞋包,Apparel,expense,Aug 26 bought suit in HK 3000 HKD,3000,HKD,Suit,ymd:2026-08-26,2026-08-26,2026-08-31
apparel-en-026,en,apparel,服饰鞋包,Apparel,expense,Bought sweater and knit top for 299 yuan,299,CNY,Sweater,anchor,2026-08-31,2026-08-31
apparel-en-027,en,apparel,服饰鞋包,Apparel,expense,Bought chunky dad sneakers for 499 bucks,499,CNY,Dad sneakers,anchor,2026-08-31,2026-08-31
apparel-en-028,en,apparel,服饰鞋包,Apparel,expense,Bought a backpack for 299 yuan,299,CNY,Backpack,anchor,2026-08-31,2026-08-31
apparel-en-029,en,apparel,服饰鞋包,Apparel,expense,Bought sportswear in HK 800 HKD,800,HKD,Sportswear,anchor,2026-08-31,2026-08-31
apparel-en-030,en,apparel,服饰鞋包,Apparel,expense,Bought dress pants for 199 yuan,199,CNY,Dress pants,anchor,2026-08-31,2026-08-31
apparel-en-031,en,apparel,服饰鞋包,Apparel,expense,Bought snow boots for 399 bucks,399,CNY,Snow boots,anchor,2026-08-31,2026-08-31
apparel-en-032,en,apparel,服饰鞋包,Apparel,expense,Bought belt and waist strap for 199 yuan,199,CNY,Belt,anchor,2026-08-31,2026-08-31
apparel-en-033,en,apparel,服饰鞋包,Apparel,expense,Bought dress shirt in HK 500 HKD,500,HKD,Dress shirt,anchor,2026-08-31,2026-08-31
apparel-en-034,en,apparel,服饰鞋包,Apparel,expense,Bought a trench coat for 699 yuan,699,CNY,Trench coat,anchor,2026-08-31,2026-08-31
apparel-en-035,en,apparel,服饰鞋包,Apparel,expense,Bought canvas shoes for 199 bucks,199,CNY,Canvas shoes,anchor,2026-08-31,2026-08-31
apparel-en-036,en,apparel,服饰鞋包,Apparel,expense,Bought cashmere overcoat for 2999 yuan,2999,CNY,Cashmere coat,anchor,2026-08-31,2026-08-31
apparel-en-037,en,apparel,服饰鞋包,Apparel,expense,Bought necktie in HK 300 HKD,300,HKD,Necktie,anchor,2026-08-31,2026-08-31
apparel-en-038,en,apparel,服饰鞋包,Apparel,expense,Bought shorts for 89 yuan,89,CNY,Shorts,anchor,2026-08-31,2026-08-31
apparel-en-039,en,apparel,服饰鞋包,Apparel,expense,Bought rain boots for 128 bucks,128,CNY,Rain boots,anchor,2026-08-31,2026-08-31
apparel-en-040,en,apparel,服饰鞋包,Apparel,expense,Bought shoulder bag for 299 yuan,299,CNY,Shoulder bag,anchor,2026-08-31,2026-08-31
apparel-en-041,en,apparel,服饰鞋包,Apparel,expense,Bought jeans in HK 600 HKD,600,HKD,Jeans,anchor,2026-08-31,2026-08-31
apparel-en-042,en,apparel,服饰鞋包,Apparel,expense,Bought vest and sleeveless top for 159 yuan,159,CNY,Vest,anchor,2026-08-31,2026-08-31
apparel-en-043,en,apparel,服饰鞋包,Apparel,expense,Bought sandals and slippers for 129 bucks,129,CNY,Sandals,anchor,2026-08-31,2026-08-31
apparel-en-044,en,apparel,服饰鞋包,Apparel,expense,Bought leather jacket for 1599 yuan,1599,CNY,Leather jacket,anchor,2026-08-31,2026-08-31
apparel-en-045,en,apparel,服饰鞋包,Apparel,expense,Bought T-shirt in HK 200 HKD,200,HKD,T-shirt,anchor,2026-08-31,2026-08-31
apparel-en-046,en,apparel,服饰鞋包,Apparel,expense,Bought hanfu and lolita dress for 499 yuan,499,CNY,Hanfu,anchor,2026-08-31,2026-08-31
apparel-en-047,en,apparel,服饰鞋包,Apparel,expense,Bought safety work shoes for 199 bucks,199,CNY,Safety shoes,anchor,2026-08-31,2026-08-31
apparel-en-048,en,apparel,服饰鞋包,Apparel,expense,Bought wool sweater for 399 yuan,399,CNY,Wool sweater,anchor,2026-08-31,2026-08-31
apparel-en-049,en,apparel,服饰鞋包,Apparel,expense,Bought scarf in HK 400 HKD,400,HKD,Scarf,anchor,2026-08-31,2026-08-31
apparel-en-050,en,apparel,服饰鞋包,Apparel,expense,Bought jacket in HK 800 HKD,800,HKD,Jacket,anchor,2026-08-31,2026-08-31
beauty-en-001,en,beauty,美容个护,Beauty,expense,Yesterday haircut cost 68 yuan,68,CNY,Haircut,rel:-1,2026-08-30,2026-08-31
beauty-en-002,en,beauty,美容个护,Beauty,expense,Manicure cost 128 bucks,128,CNY,Manicure,anchor,2026-08-31,2026-08-31
beauty-en-003,en,beauty,美容个护,Beauty,expense,Facial treatment cost 380 HKD,380,HKD,Facial care,anchor,2026-08-31,2026-08-31
beauty-en-004,en,beauty,美容个护,Beauty,expense,Skincare products cost 500 yuan,500,CNY,Skincare,anchor,2026-08-31,2026-08-31
beauty-en-005,en,beauty,美容个护,Beauty,expense,Hair perm and dye cost 680 bucks,680,CNY,Perm and dye,anchor,2026-08-31,2026-08-31
beauty-en-006,en,beauty,美容个护,Beauty,expense,Lipstick cost 320 yuan,320,CNY,Lipstick,anchor,2026-08-31,2026-08-31
beauty-en-007,en,beauty,美容个护,Beauty,expense,This Friday SPA cost 980 HKD,980,HKD,SPA,weekday:5,2026-09-04,2026-08-31
beauty-en-008,en,beauty,美容个护,Beauty,expense,Face masks cost 150 yuan,150,CNY,Face masks,anchor,2026-08-31,2026-08-31
beauty-en-009,en,beauty,美容个护,Beauty,expense,Overseas cosmetics 200 USD,200,USD,Overseas cosmetics,anchor,2026-08-31,2026-08-31
beauty-en-010,en,beauty,美容个护,Beauty,expense,Eyebrow shaping cost 30 bucks,30,CNY,Eyebrow shaping,anchor,2026-08-31,2026-08-31
beauty-en-011,en,beauty,美容个护,Beauty,expense,Eyelash extensions cost 198 yuan,198,CNY,Lash extensions,anchor,2026-08-31,2026-08-31
beauty-en-012,en,beauty,美容个护,Beauty,expense,Eyelash beauty treatment 168 bucks,168,CNY,Lash beauty,anchor,2026-08-31,2026-08-31
beauty-en-013,en,beauty,美容个护,Beauty,expense,Aug 23 HK salon hydration facial 500 HKD,500,HKD,Hydration facial,ymd:2026-08-23,2026-08-23,2026-08-31
beauty-en-014,en,beauty,美容个护,Beauty,expense,Facial cleanser and toner 280 yuan,280,CNY,Cleanser toner,anchor,2026-08-31,2026-08-31
beauty-en-015,en,beauty,美容个护,Beauty,expense,Semi-permanent eyebrow tattoo 888 bucks,888,CNY,Eyebrow tattoo,anchor,2026-08-31,2026-08-31
beauty-en-016,en,beauty,美容个护,Beauty,expense,Body lotion and scrub 120 yuan,120,CNY,Body care,anchor,2026-08-31,2026-08-31
beauty-en-017,en,beauty,美容个护,Beauty,expense,HK manicure 200 HKD,200,HKD,Manicure,anchor,2026-08-31,2026-08-31
beauty-en-018,en,beauty,美容个护,Beauty,expense,DIY hair dye kit 80 yuan,80,CNY,Hair dye,anchor,2026-08-31,2026-08-31
beauty-en-019,en,beauty,美容个护,Beauty,expense,Log 199 bucks today and tomorrow for hair removal,199,CNY,Hair removal,"rel:0,1",2026-08-31|2026-09-01,2026-08-31
beauty-en-020,en,beauty,美容个护,Beauty,expense,Serum and essence 350 yuan,350,CNY,Serum,anchor,2026-08-31,2026-08-31
beauty-en-021,en,beauty,美容个护,Beauty,expense,HK beauty package 1500 HKD,1500,HKD,Beauty package,anchor,2026-08-31,2026-08-31
beauty-en-022,en,beauty,美容个护,Beauty,expense,Face cleansing session 50 yuan,50,CNY,Face cleansing,anchor,2026-08-31,2026-08-31
beauty-en-023,en,beauty,美容个护,Beauty,expense,Nail extensions 268 bucks,268,CNY,Nail extensions,anchor,2026-08-31,2026-08-31
beauty-en-024,en,beauty,美容个护,Beauty,expense,Eye cream and eye masks 280 yuan,280,CNY,Eye care,anchor,2026-08-31,2026-08-31
beauty-en-025,en,beauty,美容个护,Beauty,expense,Last Friday HK haircut 150 HKD,150,HKD,Haircut,weekday:-1:5,2026-08-28,2026-08-31
beauty-en-026,en,beauty,美容个护,Beauty,expense,Cosmetics gift set 680 yuan,680,CNY,Cosmetics set,anchor,2026-08-31,2026-08-31
beauty-en-027,en,beauty,美容个护,Beauty,expense,Ion perm hair treatment 500 bucks,500,CNY,Perm,anchor,2026-08-31,2026-08-31
beauty-en-028,en,beauty,美容个护,Beauty,expense,Hand cream and lip balm 50 yuan,50,CNY,Hand cream,anchor,2026-08-31,2026-08-31
beauty-en-029,en,beauty,美容个护,Beauty,expense,HK hair dye 800 HKD,800,HKD,Hair dye,anchor,2026-08-31,2026-08-31
beauty-en-030,en,beauty,美容个护,Beauty,expense,Blackhead cleansing treatment 88 yuan,88,CNY,Skin cleansing,anchor,2026-08-31,2026-08-31
beauty-en-031,en,beauty,美容个护,Beauty,expense,Eyelash implant 150 bucks,150,CNY,Lash implant,anchor,2026-08-31,2026-08-31
beauty-en-032,en,beauty,美容个护,Beauty,expense,Sunscreen and primer 120 yuan,120,CNY,Sunscreen,anchor,2026-08-31,2026-08-31
beauty-en-033,en,beauty,美容个护,Beauty,expense,HK facial treatment 600 HKD,600,HKD,Facial care,anchor,2026-08-31,2026-08-31
beauty-en-034,en,beauty,美容个护,Beauty,expense,Makeup remover oil and water 80 yuan,80,CNY,Makeup remover,anchor,2026-08-31,2026-08-31
beauty-en-035,en,beauty,美容个护,Beauty,expense,Hydrating mask 10-pack 99 bucks,99,CNY,Face masks,anchor,2026-08-31,2026-08-31
beauty-en-036,en,beauty,美容个护,Beauty,expense,Light perfume 300 yuan,300,CNY,Perfume,anchor,2026-08-31,2026-08-31
beauty-en-037,en,beauty,美容个护,Beauty,expense,Bought perfume in HK 500 HKD,500,HKD,Perfume,anchor,2026-08-31,2026-08-31
beauty-en-038,en,beauty,美容个护,Beauty,expense,Haircut and blow dry styling 50 yuan,50,CNY,Hair styling,anchor,2026-08-31,2026-08-31
beauty-en-039,en,beauty,美容个护,Beauty,expense,Accent nail color manicure 108 bucks,108,CNY,Manicure,anchor,2026-08-31,2026-08-31
beauty-en-040,en,beauty,美容个护,Beauty,expense,Acne spot treatment serum 280 yuan,280,CNY,Acne serum,anchor,2026-08-31,2026-08-31
beauty-en-041,en,beauty,美容个护,Beauty,expense,HK hair perm 1000 HKD,1000,HKD,Perm,anchor,2026-08-31,2026-08-31
beauty-en-042,en,beauty,美容个护,Beauty,expense,Lip gloss and lip tint 89 yuan,89,CNY,Lip gloss,anchor,2026-08-31,2026-08-31
beauty-en-043,en,beauty,美容个护,Beauty,expense,Hair treatment and hot oil 150 bucks,150,CNY,Hot oil treatment,anchor,2026-08-31,2026-08-31
beauty-en-044,en,beauty,美容个护,Beauty,expense,Facial cleansing device 199 yuan,199,CNY,Cleansing device,anchor,2026-08-31,2026-08-31
beauty-en-045,en,beauty,美容个护,Beauty,expense,HK beauty card top-up 3000 HKD,3000,HKD,Beauty card,anchor,2026-08-31,2026-08-31
beauty-en-046,en,beauty,美容个护,Beauty,expense,Hairline powder and contour 60 yuan,60,CNY,Contour powder,anchor,2026-08-31,2026-08-31
beauty-en-047,en,beauty,美容个护,Beauty,expense,Semi-permanent lip tattoo 1288 bucks,1288,CNY,Lip tattoo,anchor,2026-08-31,2026-08-31
beauty-en-048,en,beauty,美容个护,Beauty,expense,Toner and lotion 120 yuan,120,CNY,Toner,anchor,2026-08-31,2026-08-31
beauty-en-049,en,beauty,美容个护,Beauty,expense,Bought skincare in HK 1000 HKD,1000,HKD,Skincare,anchor,2026-08-31,2026-08-31
beauty-en-050,en,beauty,美容个护,Beauty,expense,HK beauty treatment 700 HKD,700,HKD,Beauty treatment,anchor,2026-08-31,2026-08-31
electronics-en-001,en,electronics,数码产品,Electronics,expense,Yesterday bought new phone for 5999 yuan,5999,CNY,Phone,rel:-1,2026-08-30,2026-08-31
electronics-en-002,en,electronics,数码产品,Electronics,expense,Bought wireless earbuds for 899 bucks,899,CNY,Wireless earbuds,anchor,2026-08-31,2026-08-31
electronics-en-003,en,electronics,数码产品,Electronics,expense,Bought tablet for 3299 HKD,3299,HKD,Tablet,anchor,2026-08-31,2026-08-31
electronics-en-004,en,electronics,数码产品,Electronics,expense,Bought keyboard and mouse for 299 yuan,299,CNY,Keyboard mouse,anchor,2026-08-31,2026-08-31
electronics-en-005,en,electronics,数码产品,Electronics,expense,Bought camera lens for 4500 bucks,4500,CNY,Camera lens,anchor,2026-08-31,2026-08-31
electronics-en-006,en,electronics,数码产品,Electronics,expense,This Wednesday bought laptop for 7999 yuan,7999,CNY,Laptop,weekday:3,2026-09-02,2026-08-31
electronics-en-007,en,electronics,数码产品,Electronics,expense,Bought smartwatch for 1899 HKD,1899,HKD,Smartwatch,anchor,2026-08-31,2026-08-31
electronics-en-008,en,electronics,数码产品,Electronics,expense,Bought power bank for 129 yuan,129,CNY,Power bank,anchor,2026-08-31,2026-08-31
electronics-en-009,en,electronics,数码产品,Electronics,expense,Overseas camera 1500 USD,1500,USD,Overseas camera,anchor,2026-08-31,2026-08-31
electronics-en-010,en,electronics,数码产品,Electronics,expense,Bought monitor for 1999 bucks,1999,CNY,Monitor,anchor,2026-08-31,2026-08-31
electronics-en-011,en,electronics,数码产品,Electronics,expense,Aug 2 bought Bluetooth earbuds for 199 yuan,199,CNY,Bluetooth earbuds,ymd:2026-08-02,2026-08-02,2026-08-31
electronics-en-012,en,electronics,数码产品,Electronics,expense,Bought external hard drive for 399 bucks,399,CNY,External drive,anchor,2026-08-31,2026-08-31
electronics-en-013,en,electronics,数码产品,Electronics,expense,Bought computer in HK 8000 HKD,8000,HKD,Computer,anchor,2026-08-31,2026-08-31
electronics-en-014,en,electronics,数码产品,Electronics,expense,Bought router for 159 yuan,159,CNY,Router,anchor,2026-08-31,2026-08-31
electronics-en-015,en,electronics,数码产品,Electronics,expense,Bought projector for 2999 bucks,2999,CNY,Projector,anchor,2026-08-31,2026-08-31
electronics-en-016,en,electronics,数码产品,Electronics,expense,Bought PS5 console for 3899 yuan,3899,CNY,Game console,anchor,2026-08-31,2026-08-31
electronics-en-017,en,electronics,数码产品,Electronics,expense,Bought phone in HK 6000 HKD,6000,HKD,Phone,anchor,2026-08-31,2026-08-31
electronics-en-018,en,electronics,数码产品,Electronics,expense,Bought webcam for 99 yuan,99,CNY,Webcam,anchor,2026-08-31,2026-08-31
electronics-en-019,en,electronics,数码产品,Electronics,expense,Bought graphics card for 3090 bucks,3090,CNY,Graphics card,anchor,2026-08-31,2026-08-31
electronics-en-020,en,electronics,数码产品,Electronics,expense,Bought RAM stick for 399 yuan,399,CNY,RAM,anchor,2026-08-31,2026-08-31
electronics-en-021,en,electronics,数码产品,Electronics,expense,This Friday bought headphones in HK 1200 HKD,1200,HKD,Headphones,weekday:5,2026-09-04,2026-08-31
electronics-en-022,en,electronics,数码产品,Electronics,expense,Bought speaker for 299 yuan,299,CNY,Speaker,anchor,2026-08-31,2026-08-31
electronics-en-023,en,electronics,数码产品,Electronics,expense,Bought CPU cooler for 89 bucks,89,CNY,CPU cooler,anchor,2026-08-31,2026-08-31
electronics-en-024,en,electronics,数码产品,Electronics,expense,Bought tablet stand for 49 yuan,49,CNY,Tablet stand,anchor,2026-08-31,2026-08-31
electronics-en-025,en,electronics,数码产品,Electronics,expense,Bought camera in HK 10000 HKD,10000,HKD,Camera,anchor,2026-08-31,2026-08-31
electronics-en-026,en,electronics,数码产品,Electronics,expense,Bought mechanical keyboard for 399 yuan,399,CNY,Mechanical keyboard,anchor,2026-08-31,2026-08-31
electronics-en-027,en,electronics,数码产品,Electronics,expense,Bought mouse pad for 29 bucks,29,CNY,Mouse pad,anchor,2026-08-31,2026-08-31
electronics-en-028,en,electronics,数码产品,Electronics,expense,Bought 64GB USB drive for 59 yuan,59,CNY,USB drive,anchor,2026-08-31,2026-08-31
electronics-en-029,en,electronics,数码产品,Electronics,expense,Bought tablet in HK 4000 HKD,4000,HKD,Tablet,anchor,2026-08-31,2026-08-31
electronics-en-030,en,electronics,数码产品,Electronics,expense,Bought fitness band for 199 yuan,199,CNY,Fitness band,anchor,2026-08-31,2026-08-31
electronics-en-031,en,electronics,数码产品,Electronics,expense,Bought laptop bag for 99 bucks,99,CNY,Laptop bag,anchor,2026-08-31,2026-08-31
electronics-en-032,en,electronics,数码产品,Electronics,expense,Bought SSD for 299 yuan,299,CNY,SSD,anchor,2026-08-31,2026-08-31
electronics-en-033,en,electronics,数码产品,Electronics,expense,Bought monitor in HK 2500 HKD,2500,HKD,Monitor,anchor,2026-08-31,2026-08-31
electronics-en-034,en,electronics,数码产品,Electronics,expense,Bought game controller for 299 yuan,299,CNY,Game controller,anchor,2026-08-31,2026-08-31
electronics-en-035,en,electronics,数码产品,Electronics,expense,Bought charging cable and adapter 50 bucks,50,CNY,Charging cable,anchor,2026-08-31,2026-08-31
electronics-en-036,en,electronics,数码产品,Electronics,expense,Bought PC case and PSU for 399 yuan,399,CNY,Case and PSU,anchor,2026-08-31,2026-08-31
electronics-en-037,en,electronics,数码产品,Electronics,expense,Bought game console in HK 5000 HKD,5000,HKD,Game console,anchor,2026-08-31,2026-08-31
electronics-en-038,en,electronics,数码产品,Electronics,expense,Bought sound card and mic for 499 yuan,499,CNY,Sound card mic,anchor,2026-08-31,2026-08-31
electronics-en-039,en,electronics,数码产品,Electronics,expense,Bought laptop stand for 89 bucks,89,CNY,Laptop stand,anchor,2026-08-31,2026-08-31
electronics-en-040,en,electronics,数码产品,Electronics,expense,Bought e-reader for 998 yuan,998,CNY,E-reader,anchor,2026-08-31,2026-08-31
electronics-en-041,en,electronics,数码产品,Electronics,expense,Bought smartwatch in HK 2000 HKD,2000,HKD,Smartwatch,anchor,2026-08-31,2026-08-31
electronics-en-042,en,electronics,数码产品,Electronics,expense,Bought USB-C hub for 199 yuan,199,CNY,USB-C hub,anchor,2026-08-31,2026-08-31
electronics-en-043,en,electronics,数码产品,Electronics,expense,Bought gaming chair for 999 bucks,999,CNY,Gaming chair,anchor,2026-08-31,2026-08-31
electronics-en-044,en,electronics,数码产品,Electronics,expense,Bought desk lamp for 199 yuan,199,CNY,Desk lamp,anchor,2026-08-31,2026-08-31
electronics-en-045,en,electronics,数码产品,Electronics,expense,Bought PC parts in HK 1500 HKD,1500,HKD,PC parts,anchor,2026-08-31,2026-08-31
electronics-en-046,en,electronics,数码产品,Electronics,expense,Bought instant camera for 899 yuan,899,CNY,Instant camera,anchor,2026-08-31,2026-08-31
electronics-en-047,en,electronics,数码产品,Electronics,expense,Bought PC power supply for 399 bucks,399,CNY,Power supply,anchor,2026-08-31,2026-08-31
electronics-en-048,en,electronics,数码产品,Electronics,expense,Bought Bluetooth adapter for 49 yuan,49,CNY,Bluetooth adapter,anchor,2026-08-31,2026-08-31
electronics-en-049,en,electronics,数码产品,Electronics,expense,Bought wireless earbuds in HK 1000 HKD,1000,HKD,Wireless earbuds,anchor,2026-08-31,2026-08-31
electronics-en-050,en,electronics,数码产品,Electronics,expense,Bought power bank in HK 200 HKD,200,HKD,Power bank,anchor,2026-08-31,2026-08-31
home_decor-en-001,en,home_decor,家居家装,Home and Decor,expense,Yesterday bought sofa for 3500 yuan,3500,CNY,Sofa,rel:-1,2026-08-30,2026-08-31
home_decor-en-002,en,home_decor,家居家装,Home and Decor,expense,Bought curtains for 800 bucks,800,CNY,Curtains,anchor,2026-08-31,2026-08-31
home_decor-en-003,en,home_decor,家居家装,Home and Decor,expense,Renovation labor cost 20000 HKD,20000,HKD,Renovation labor,anchor,2026-08-31,2026-08-31
home_decor-en-004,en,home_decor,家居家装,Home and Decor,expense,Bought light fixtures for 600 yuan,600,CNY,Light fixtures,anchor,2026-08-31,2026-08-31
home_decor-en-005,en,home_decor,家居家装,Home and Decor,expense,Replaced door lock for 300 bucks,300,CNY,Door lock,anchor,2026-08-31,2026-08-31
home_decor-en-006,en,home_decor,家居家装,Home and Decor,expense,This Sunday bought wardrobe for 2800 yuan,2800,CNY,Wardrobe,weekday:7,2026-09-06,2026-08-31
home_decor-en-007,en,home_decor,家居家装,Home and Decor,expense,Wallpaper installation 1500 HKD,1500,HKD,Wallpaper,anchor,2026-08-31,2026-08-31
home_decor-en-008,en,home_decor,家居家装,Home and Decor,expense,Bought rug for 450 yuan,450,CNY,Rug,anchor,2026-08-31,2026-08-31
home_decor-en-009,en,home_decor,家居家装,Home and Decor,expense,Overseas furniture 800 USD,800,USD,Overseas furniture,anchor,2026-08-31,2026-08-31
home_decor-en-010,en,home_decor,家居家装,Home and Decor,expense,Toilet unclogging cost 120 bucks,120,CNY,Unclogging,anchor,2026-08-31,2026-08-31
home_decor-en-011,en,home_decor,家居家装,Home and Decor,expense,Aug 25 bought dining table for 1500 yuan,1500,CNY,Dining table,ymd:2026-08-25,2026-08-25,2026-08-31
home_decor-en-012,en,home_decor,家居家装,Home and Decor,expense,Bed and mattress 3000 bucks,3000,CNY,Bed and mattress,anchor,2026-08-31,2026-08-31
home_decor-en-013,en,home_decor,家居家装,Home and Decor,expense,HK interior design fee 10000 HKD,10000,HKD,Design fee,anchor,2026-08-31,2026-08-31
home_decor-en-014,en,home_decor,家居家装,Home and Decor,expense,Coffee table and TV stand 2000 yuan,2000,CNY,Table and stand,anchor,2026-08-31,2026-08-31
home_decor-en-015,en,home_decor,家居家装,Home and Decor,expense,Wall painting and latex paint 3000 bucks,3000,CNY,Wall painting,anchor,2026-08-31,2026-08-31
home_decor-en-016,en,home_decor,家居家装,Home and Decor,expense,Bought shoe cabinet for 800 yuan,800,CNY,Shoe cabinet,anchor,2026-08-31,2026-08-31
home_decor-en-017,en,home_decor,家居家装,Home and Decor,expense,Bought furniture in HK 15000 HKD,15000,HKD,Furniture,anchor,2026-08-31,2026-08-31
home_decor-en-018,en,home_decor,家居家装,Home and Decor,expense,Bought clothes drying rack for 300 yuan,300,CNY,Drying rack,anchor,2026-08-31,2026-08-31
home_decor-en-019,en,home_decor,家居家装,Home and Decor,expense,Plumbing and electrical rework 5000 bucks,5000,CNY,Plumbing electrical,anchor,2026-08-31,2026-08-31
home_decor-en-020,en,home_decor,家居家装,Home and Decor,expense,Desk and bookshelf 1200 yuan,1200,CNY,Desk bookshelf,anchor,2026-08-31,2026-08-31
home_decor-en-021,en,home_decor,家居家装,Home and Decor,expense,Aug 28 HK custom kitchen cabinets 20000 HKD,20000,HKD,Custom cabinets,ymd:2026-08-28,2026-08-28,2026-08-31
home_decor-en-022,en,home_decor,家居家装,Home and Decor,expense,Bought toilet for 800 yuan,800,CNY,Toilet,anchor,2026-08-31,2026-08-31
home_decor-en-023,en,home_decor,家居家装,Home and Decor,expense,Floor tiles 8000 bucks,8000,CNY,Floor tiles,anchor,2026-08-31,2026-08-31
home_decor-en-024,en,home_decor,家居家装,Home and Decor,expense,Bought bathroom heater fan for 300 yuan,300,CNY,Bathroom heater,anchor,2026-08-31,2026-08-31
home_decor-en-025,en,home_decor,家居家装,Home and Decor,expense,Bought lighting in HK 3000 HKD,3000,HKD,Lighting,anchor,2026-08-31,2026-08-31
home_decor-en-026,en,home_decor,家居家装,Home and Decor,expense,Bought washing machine for 2000 yuan,2000,CNY,Washing machine,anchor,2026-08-31,2026-08-31
home_decor-en-027,en,home_decor,家居家装,Home and Decor,expense,Double-door fridge 3500 bucks,3500,CNY,Fridge,anchor,2026-08-31,2026-08-31
home_decor-en-028,en,home_decor,家居家装,Home and Decor,expense,Range hood and gas stove 2500 yuan,2500,CNY,Kitchen appliances,anchor,2026-08-31,2026-08-31
home_decor-en-029,en,home_decor,家居家装,Home and Decor,expense,Bought appliances in HK 8000 HKD,8000,HKD,Appliances,anchor,2026-08-31,2026-08-31
home_decor-en-030,en,home_decor,家居家装,Home and Decor,expense,Bought air conditioner for 2800 yuan,2800,CNY,Air conditioner,anchor,2026-08-31,2026-08-31
home_decor-en-031,en,home_decor,家居家装,Home and Decor,expense,Gas water heater 1500 bucks,1500,CNY,Water heater,anchor,2026-08-31,2026-08-31
home_decor-en-032,en,home_decor,家居家装,Home and Decor,expense,Bought microwave for 500 yuan,500,CNY,Microwave,anchor,2026-08-31,2026-08-31
home_decor-en-033,en,home_decor,家居家装,Home and Decor,expense,Bought sofa in HK 10000 HKD,10000,HKD,Sofa,anchor,2026-08-31,2026-08-31
home_decor-en-034,en,home_decor,家居家装,Home and Decor,expense,Bought vacuum cleaner for 899 yuan,899,CNY,Vacuum cleaner,anchor,2026-08-31,2026-08-31
home_decor-en-035,en,home_decor,家居家装,Home and Decor,expense,Robot vacuum 2599 bucks,2599,CNY,Robot vacuum,anchor,2026-08-31,2026-08-31
home_decor-en-036,en,home_decor,家居家装,Home and Decor,expense,Bought air purifier for 1299 yuan,1299,CNY,Air purifier,anchor,2026-08-31,2026-08-31
home_decor-en-037,en,home_decor,家居家装,Home and Decor,expense,Bought bedding in HK 5000 HKD,5000,HKD,Bedding,anchor,2026-08-31,2026-08-31
home_decor-en-038,en,home_decor,家居家装,Home and Decor,expense,Bought rice cooker for 399 yuan,399,CNY,Rice cooker,anchor,2026-08-31,2026-08-31
home_decor-en-039,en,home_decor,家居家装,Home and Decor,expense,Electric pressure cooker 299 bucks,299,CNY,Pressure cooker,anchor,2026-08-31,2026-08-31
home_decor-en-040,en,home_decor,家居家装,Home and Decor,expense,Bought water purifier for 1500 yuan,1500,CNY,Water purifier,anchor,2026-08-31,2026-08-31
home_decor-en-041,en,home_decor,家居家装,Home and Decor,expense,Bought home appliances in HK 10000 HKD,10000,HKD,Home appliances,anchor,2026-08-31,2026-08-31
home_decor-en-042,en,home_decor,家居家装,Home and Decor,expense,Bought humidifier for 199 yuan,199,CNY,Humidifier,anchor,2026-08-31,2026-08-31
home_decor-en-043,en,home_decor,家居家装,Home and Decor,expense,Garment steamer 299 bucks,299,CNY,Garment steamer,anchor,2026-08-31,2026-08-31
home_decor-en-044,en,home_decor,家居家装,Home and Decor,expense,Bought fingerprint lock for 1299 yuan,1299,CNY,Fingerprint lock,anchor,2026-08-31,2026-08-31
home_decor-en-045,en,home_decor,家居家装,Home and Decor,expense,HK custom wardrobe 15000 HKD,15000,HKD,Custom wardrobe,anchor,2026-08-31,2026-08-31
home_decor-en-046,en,home_decor,家居家装,Home and Decor,expense,Bought blender for 499 yuan,499,CNY,Blender,anchor,2026-08-31,2026-08-31
home_decor-en-047,en,home_decor,家居家装,Home and Decor,expense,Projector screen 300 bucks,300,CNY,Projector screen,anchor,2026-08-31,2026-08-31
home_decor-en-048,en,home_decor,家居家装,Home and Decor,expense,Bought wall art for 299 yuan,299,CNY,Wall art,anchor,2026-08-31,2026-08-31
home_decor-en-049,en,home_decor,家居家装,Home and Decor,expense,HK renovation materials 5000 HKD,5000,HKD,Renovation materials,anchor,2026-08-31,2026-08-31
home_decor-en-050,en,home_decor,家居家装,Home and Decor,expense,Bought curtains in HK 1200 HKD,1200,HKD,Curtains,anchor,2026-08-31,2026-08-31
insurance-en-001,en,insurance,保险缴费,Insurance,expense,paid 6000 yuan annual critical illness insurance premium,6000,CNY,critical illness insurance,anchor,2026-08-31,2026-08-31
insurance-en-002,en,insurance,保险缴费,Insurance,expense,yesterday car insurance cost 3500 bucks,3500,CNY,car insurance,rel:-1,2026-08-30,2026-08-31
insurance-en-003,en,insurance,保险缴费,Insurance,expense,this Monday medical insurance monthly deduction 300 HKD,300,HKD,medical insurance,weekday:1,2026-08-31,2026-08-31
insurance-en-004,en,insurance,保险缴费,Insurance,expense,Aug 1 accident insurance annual fee 199 yuan,199,CNY,accident insurance,ymd:2026-08-01,2026-08-01,2026-08-31
insurance-en-005,en,insurance,保险缴费,Insurance,expense,life insurance annual premium 8000 bucks,8000,CNY,life insurance,anchor,2026-08-31,2026-08-31
insurance-en-006,en,insurance,保险缴费,Insurance,expense,home property insurance cost 299 yuan,299,CNY,home property insurance,anchor,2026-08-31,2026-08-31
insurance-en-007,en,insurance,保险缴费,Insurance,expense,Hong Kong insurance annual premium 12000 HKD,12000,HKD,Hong Kong insurance,anchor,2026-08-31,2026-08-31
insurance-en-008,en,insurance,保险缴费,Insurance,expense,today and tomorrow social insurance personal share deducted 500 yuan,500,CNY,social insurance,"rel:0,1",2026-08-31|2026-09-01,2026-08-31
insurance-en-009,en,insurance,保险缴费,Insurance,expense,overseas medical insurance 500 USD,500,USD,overseas medical insurance,anchor,2026-08-31,2026-08-31
insurance-en-010,en,insurance,保险缴费,Insurance,expense,pet insurance cost 365 bucks,365,CNY,pet insurance,anchor,2026-08-31,2026-08-31
insurance-en-011,en,insurance,保险缴费,Insurance,expense,pension insurance annual premium 8000 yuan,8000,CNY,pension insurance,anchor,2026-08-31,2026-08-31
insurance-en-012,en,insurance,保险缴费,Insurance,expense,compulsory traffic insurance 950 bucks,950,CNY,compulsory traffic insurance,anchor,2026-08-31,2026-08-31
insurance-en-013,en,insurance,保险缴费,Insurance,expense,Hong Kong critical illness insurance annual premium 15000 HKD,15000,HKD,Hong Kong critical illness insurance,anchor,2026-08-31,2026-08-31
insurance-en-014,en,insurance,保险缴费,Insurance,expense,unemployment insurance monthly deduction 50 yuan,50,CNY,unemployment insurance,anchor,2026-08-31,2026-08-31
insurance-en-015,en,insurance,保险缴费,Insurance,expense,student accident insurance 100 bucks per year,100,CNY,student accident insurance,anchor,2026-08-31,2026-08-31
insurance-en-016,en,insurance,保险缴费,Insurance,expense,million-yuan medical insurance 300 yuan per year,300,CNY,million-yuan medical,anchor,2026-08-31,2026-08-31
insurance-en-017,en,insurance,保险缴费,Insurance,expense,Hong Kong inpatient medical insurance annual premium 5000 HKD,5000,HKD,inpatient medical insurance,anchor,2026-08-31,2026-08-31
insurance-en-018,en,insurance,保险缴费,Insurance,expense,work injury insurance personal contribution cost 280 yuan,280,CNY,work injury insurance,anchor,2026-08-31,2026-08-31
insurance-en-019,en,insurance,保险缴费,Insurance,expense,car third-party liability insurance 1200 bucks,1200,CNY,third-party liability,anchor,2026-08-31,2026-08-31
insurance-en-020,en,insurance,保险缴费,Insurance,expense,annuity insurance annual premium 20000 yuan,20000,CNY,annuity insurance,anchor,2026-08-31,2026-08-31
insurance-en-021,en,insurance,保险缴费,Insurance,expense,Hong Kong savings insurance annual premium 30000 HKD,30000,HKD,savings insurance,anchor,2026-08-31,2026-08-31
insurance-en-022,en,insurance,保险缴费,Insurance,expense,maternity insurance monthly deduction 10 yuan,10,CNY,maternity insurance,anchor,2026-08-31,2026-08-31
insurance-en-023,en,insurance,保险缴费,Insurance,expense,car damage insurance 1800 bucks,1800,CNY,car damage insurance,anchor,2026-08-31,2026-08-31
insurance-en-024,en,insurance,保险缴费,Insurance,expense,cancer insurance 500 yuan per year,500,CNY,cancer insurance,anchor,2026-08-31,2026-08-31
insurance-en-025,en,insurance,保险缴费,Insurance,expense,Hong Kong accident insurance annual premium 500 HKD,500,HKD,Hong Kong accident insurance,anchor,2026-08-31,2026-08-31
insurance-en-026,en,insurance,保险缴费,Insurance,expense,urban-rural resident medical insurance 380 yuan per year,380,CNY,resident medical insurance,anchor,2026-08-31,2026-08-31
insurance-en-027,en,insurance,保险缴费,Insurance,expense,whole life insurance annual premium 10000 bucks,10000,CNY,whole life insurance,anchor,2026-08-31,2026-08-31
insurance-en-028,en,insurance,保险缴费,Insurance,expense,property insurance 800 yuan per year,800,CNY,property insurance,anchor,2026-08-31,2026-08-31
insurance-en-029,en,insurance,保险缴费,Insurance,expense,Hong Kong life insurance annual premium 20000 HKD,20000,HKD,Hong Kong life insurance,anchor,2026-08-31,2026-08-31
insurance-en-030,en,insurance,保险缴费,Insurance,expense,critical illness mutual aid fund 60 yuan per year,60,CNY,critical illness mutual aid,anchor,2026-08-31,2026-08-31
insurance-en-031,en,insurance,保险缴费,Insurance,expense,seat insurance 100 bucks per seat,100,CNY,seat insurance,anchor,2026-08-31,2026-08-31
insurance-en-032,en,insurance,保险缴费,Insurance,expense,child critical illness insurance 800 yuan per year,800,CNY,child critical illness insurance,anchor,2026-08-31,2026-08-31
insurance-en-033,en,insurance,保险缴费,Insurance,expense,Hong Kong medical insurance 500 HKD monthly,500,HKD,Hong Kong medical insurance,anchor,2026-08-31,2026-08-31
insurance-en-034,en,insurance,保险缴费,Insurance,expense,supplementary medical insurance 200 yuan per year,200,CNY,supplementary medical,anchor,2026-08-31,2026-08-31
insurance-en-035,en,insurance,保险缴费,Insurance,expense,theft insurance 300 bucks per year,300,CNY,theft insurance,anchor,2026-08-31,2026-08-31
insurance-en-036,en,insurance,保险缴费,Insurance,expense,senior accident insurance 200 yuan per year,200,CNY,senior accident insurance,anchor,2026-08-31,2026-08-31
insurance-en-037,en,insurance,保险缴费,Insurance,expense,Hong Kong travel insurance single trip 100 HKD,100,HKD,travel insurance,anchor,2026-08-31,2026-08-31
insurance-en-038,en,insurance,保险缴费,Insurance,expense,Huiminbao insurance 69 yuan per year,69,CNY,Huiminbao,anchor,2026-08-31,2026-08-31
insurance-en-039,en,insurance,保险缴费,Insurance,expense,water damage insurance 150 bucks per year,150,CNY,water damage insurance,anchor,2026-08-31,2026-08-31
insurance-en-040,en,insurance,保险缴费,Insurance,expense,women-only insurance 300 yuan per year,300,CNY,women-only insurance,anchor,2026-08-31,2026-08-31
insurance-en-041,en,insurance,保险缴费,Insurance,expense,Hong Kong employee insurance 300 HKD monthly,300,HKD,employee insurance,anchor,2026-08-31,2026-08-31
insurance-en-042,en,insurance,保险缴费,Insurance,expense,commercial medical insurance 1500 yuan per year,1500,CNY,commercial medical insurance,anchor,2026-08-31,2026-08-31
insurance-en-043,en,insurance,保险缴费,Insurance,expense,spontaneous combustion insurance 100 bucks per year,100,CNY,spontaneous combustion insurance,anchor,2026-08-31,2026-08-31
insurance-en-044,en,insurance,保险缴费,Insurance,expense,education fund insurance annual premium 5000 yuan,5000,CNY,education fund insurance,anchor,2026-08-31,2026-08-31
insurance-en-045,en,insurance,保险缴费,Insurance,expense,Hong Kong home insurance 800 HKD per year,800,HKD,home insurance,anchor,2026-08-31,2026-08-31
insurance-en-046,en,insurance,保险缴费,Insurance,expense,social insurance back payment 1200 yuan,1200,CNY,social insurance back payment,anchor,2026-08-31,2026-08-31
insurance-en-047,en,insurance,保险缴费,Insurance,expense,deductible waiver insurance 200 bucks per year,200,CNY,deductible waiver,anchor,2026-08-31,2026-08-31
insurance-en-048,en,insurance,保险缴费,Insurance,expense,dental insurance 500 yuan per year,500,CNY,dental insurance,anchor,2026-08-31,2026-08-31
insurance-en-049,en,insurance,保险缴费,Insurance,expense,Hong Kong premium auto-deducted 8000 HKD,8000,HKD,auto deduction,anchor,2026-08-31,2026-08-31
insurance-en-050,en,insurance,保险缴费,Insurance,expense,Hong Kong car insurance annual premium 6000 HKD,6000,HKD,car insurance,anchor,2026-08-31,2026-08-31
loan_repay-en-001,en,loan_repay,还贷支出,Loan Repayment,expense,yesterday mortgage monthly payment 5000 yuan,5000,CNY,mortgage,rel:-1,2026-08-30,2026-08-31
loan_repay-en-002,en,loan_repay,还贷支出,Loan Repayment,expense,car loan monthly payment 2000 bucks,2000,CNY,car loan,anchor,2026-08-31,2026-08-31
loan_repay-en-003,en,loan_repay,还贷支出,Loan Repayment,expense,credit card repayment cost 8000 HKD,8000,HKD,credit card,anchor,2026-08-31,2026-08-31
loan_repay-en-004,en,loan_repay,还贷支出,Loan Repayment,expense,Huabei repayment cost 1500 yuan,1500,CNY,Huabei,anchor,2026-08-31,2026-08-31
loan_repay-en-005,en,loan_repay,还贷支出,Loan Repayment,expense,Jiebei repayment cost 3000 bucks,3000,CNY,Jiebei,anchor,2026-08-31,2026-08-31
loan_repay-en-006,en,loan_repay,还贷支出,Loan Repayment,expense,this Wednesday business loan monthly payment 12000 yuan,12000,CNY,business loan,weekday:3,2026-09-02,2026-08-31
loan_repay-en-007,en,loan_repay,还贷支出,Loan Repayment,expense,Hong Kong mortgage monthly payment 15000 HKD,15000,HKD,Hong Kong mortgage,anchor,2026-08-31,2026-08-31
loan_repay-en-008,en,loan_repay,还贷支出,Loan Repayment,expense,JD Baitiao repayment cost 800 yuan,800,CNY,Baitiao,anchor,2026-08-31,2026-08-31
loan_repay-en-009,en,loan_repay,还贷支出,Loan Repayment,expense,overseas loan monthly payment 2000 USD,2000,USD,overseas loan,anchor,2026-08-31,2026-08-31
loan_repay-en-010,en,loan_repay,还贷支出,Loan Repayment,expense,student loan repayment cost 1200 bucks,1200,CNY,student loan,anchor,2026-08-31,2026-08-31
loan_repay-en-011,en,loan_repay,还贷支出,Loan Repayment,expense,Aug 9 commercial loan monthly payment 8000 yuan,8000,CNY,commercial loan,ymd:2026-08-09,2026-08-09,2026-08-31
loan_repay-en-012,en,loan_repay,还贷支出,Loan Repayment,expense,housing provident fund loan 3000 bucks monthly,3000,CNY,housing provident fund loan,anchor,2026-08-31,2026-08-31
loan_repay-en-013,en,loan_repay,还贷支出,Loan Repayment,expense,Hong Kong private housing monthly payment 20000 HKD,20000,HKD,Hong Kong private housing,anchor,2026-08-31,2026-08-31
loan_repay-en-014,en,loan_repay,还贷支出,Loan Repayment,expense,consumer loan monthly payment 1500 yuan,1500,CNY,consumer loan,anchor,2026-08-31,2026-08-31
loan_repay-en-015,en,loan_repay,还贷支出,Loan Repayment,expense,renovation loan monthly payment 2000 bucks,2000,CNY,renovation loan,anchor,2026-08-31,2026-08-31
loan_repay-en-016,en,loan_repay,还贷支出,Loan Repayment,expense,mortgage loan monthly payment 10000 yuan,10000,CNY,mortgage loan,anchor,2026-08-31,2026-08-31
loan_repay-en-017,en,loan_repay,还贷支出,Loan Repayment,expense,Hong Kong car loan monthly payment 5000 HKD,5000,HKD,Hong Kong car loan,anchor,2026-08-31,2026-08-31
loan_repay-en-018,en,loan_repay,还贷支出,Loan Repayment,expense,Weilidai repayment 800 yuan,800,CNY,Weilidai,anchor,2026-08-31,2026-08-31
loan_repay-en-019,en,loan_repay,还贷支出,Loan Repayment,expense,360 Jietiao repayment 1000 bucks,1000,CNY,Jietiao,anchor,2026-08-31,2026-08-31
loan_repay-en-020,en,loan_repay,还贷支出,Loan Repayment,expense,mortgage early repayment 100000 yuan,100000,CNY,early mortgage repayment,anchor,2026-08-31,2026-08-31
loan_repay-en-021,en,loan_repay,还贷支出,Loan Repayment,expense,today and tomorrow Hong Kong credit card repayment 10000 HKD each,10000,HKD,credit card,"rel:0,1",2026-08-31|2026-09-01,2026-08-31
loan_repay-en-022,en,loan_repay,还贷支出,Loan Repayment,expense,car loan early repayment 20000 yuan,20000,CNY,early car loan repayment,anchor,2026-08-31,2026-08-31
loan_repay-en-023,en,loan_repay,还贷支出,Loan Repayment,expense,Meituan living expense loan repayment 500 bucks,500,CNY,living expense loan,anchor,2026-08-31,2026-08-31
loan_repay-en-024,en,loan_repay,还贷支出,Loan Repayment,expense,mortgage interest 2000 yuan monthly,2000,CNY,mortgage interest,anchor,2026-08-31,2026-08-31
loan_repay-en-025,en,loan_repay,还贷支出,Loan Repayment,expense,Hong Kong tax loan monthly payment 8000 HKD,8000,HKD,tax loan,anchor,2026-08-31,2026-08-31
loan_repay-en-026,en,loan_repay,还贷支出,Loan Repayment,expense,credit card installment monthly payment 500 yuan,500,CNY,credit card installment,anchor,2026-08-31,2026-08-31
loan_repay-en-027,en,loan_repay,还贷支出,Loan Repayment,expense,online loan repayment 1500 bucks,1500,CNY,online loan,anchor,2026-08-31,2026-08-31
loan_repay-en-028,en,loan_repay,还贷支出,Loan Repayment,expense,combined loan monthly payment 6000 yuan,6000,CNY,combined loan,anchor,2026-08-31,2026-08-31
loan_repay-en-029,en,loan_repay,还贷支出,Loan Repayment,expense,Hong Kong installment loan 3000 HKD monthly,3000,HKD,installment loan,anchor,2026-08-31,2026-08-31
loan_repay-en-030,en,loan_repay,还贷支出,Loan Repayment,expense,mortgage principal plus interest 5500 yuan monthly,5500,CNY,mortgage principal and interest,anchor,2026-08-31,2026-08-31
loan_repay-en-031,en,loan_repay,还贷支出,Loan Repayment,expense,three-year car loan 3000 bucks monthly,3000,CNY,car loan installment,anchor,2026-08-31,2026-08-31
loan_repay-en-032,en,loan_repay,还贷支出,Loan Repayment,expense,credit loan monthly payment 2500 yuan,2500,CNY,credit loan,anchor,2026-08-31,2026-08-31
loan_repay-en-033,en,loan_repay,还贷支出,Loan Repayment,expense,Hong Kong second mortgage monthly payment 10000 HKD,10000,HKD,second mortgage,anchor,2026-08-31,2026-08-31
loan_repay-en-034,en,loan_repay,还贷支出,Loan Repayment,expense,Huabei installment monthly payment 300 yuan,300,CNY,Huabei installment,anchor,2026-08-31,2026-08-31
loan_repay-en-035,en,loan_repay,还贷支出,Loan Repayment,expense,Jiebei early repayment fee 50 bucks,50,CNY,early repayment fee,anchor,2026-08-31,2026-08-31
loan_repay-en-036,en,loan_repay,还贷支出,Loan Repayment,expense,business operating loan monthly payment 15000 yuan,15000,CNY,business loan,anchor,2026-08-31,2026-08-31
loan_repay-en-037,en,loan_repay,还贷支出,Loan Repayment,expense,Hong Kong cash advance repayment 5000 HKD monthly,5000,HKD,cash advance repayment,anchor,2026-08-31,2026-08-31
loan_repay-en-038,en,loan_repay,还贷支出,Loan Repayment,expense,student loan interest 500 yuan per year,500,CNY,student loan interest,anchor,2026-08-31,2026-08-31
loan_repay-en-039,en,loan_repay,还贷支出,Loan Repayment,expense,mortgage LPR adjustment extra payment 200 bucks,200,CNY,LPR adjustment,anchor,2026-08-31,2026-08-31
loan_repay-en-040,en,loan_repay,还贷支出,Loan Repayment,expense,credit card minimum payment 800 yuan,800,CNY,minimum payment,anchor,2026-08-31,2026-08-31
loan_repay-en-041,en,loan_repay,还贷支出,Loan Repayment,expense,Hong Kong card cash repayment 8000 HKD,8000,HKD,card cash repayment,anchor,2026-08-31,2026-08-31
loan_repay-en-042,en,loan_repay,还贷支出,Loan Repayment,expense,renovation loan early repayment 50000 yuan,50000,CNY,early loan repayment,anchor,2026-08-31,2026-08-31
loan_repay-en-043,en,loan_repay,还贷支出,Loan Repayment,expense,JD Jintiao repayment 1000 bucks,1000,CNY,Jintiao,anchor,2026-08-31,2026-08-31
loan_repay-en-044,en,loan_repay,还贷支出,Loan Repayment,expense,mortgage bank auto-deduction 5000 yuan,5000,CNY,auto deduction,anchor,2026-08-31,2026-08-31
loan_repay-en-045,en,loan_repay,还贷支出,Loan Repayment,expense,Hong Kong Yijiebao repayment 3000 HKD,3000,HKD,Yijiebao,anchor,2026-08-31,2026-08-31
loan_repay-en-046,en,loan_repay,还贷支出,Loan Repayment,expense,car loan release fee 200 yuan,200,CNY,release fee,anchor,2026-08-31,2026-08-31
loan_repay-en-047,en,loan_repay,还贷支出,Loan Repayment,expense,online loan settlement certificate fee 50 bucks,50,CNY,settlement fee,anchor,2026-08-31,2026-08-31
loan_repay-en-048,en,loan_repay,还贷支出,Loan Repayment,expense,mortgage tax refund received 12000 yuan,12000,CNY,tax refund received,anchor,2026-08-31,2026-08-31
loan_repay-en-049,en,loan_repay,还贷支出,Loan Repayment,expense,Hong Kong loan penalty interest 500 HKD,500,HKD,penalty interest,anchor,2026-08-31,2026-08-31
loan_repay-en-050,en,loan_repay,还贷支出,Loan Repayment,expense,Hong Kong Huabei repayment 2000 HKD,2000,HKD,Huabei,anchor,2026-08-31,2026-08-31
tax-en-001,en,tax,税费支出,Taxes,expense,yesterday personal income tax deducted 800 yuan,800,CNY,personal income tax,rel:-1,2026-08-30,2026-08-31
tax-en-002,en,tax,税费支出,Taxes,expense,property tax paid 5000 bucks,5000,CNY,property tax,anchor,2026-08-31,2026-08-31
tax-en-003,en,tax,税费支出,Taxes,expense,Hong Kong salaries tax deducted 3000 HKD,3000,HKD,salaries tax,anchor,2026-08-31,2026-08-31
tax-en-004,en,tax,税费支出,Taxes,expense,value-added tax paid 2000 yuan,2000,CNY,value-added tax,anchor,2026-08-31,2026-08-31
tax-en-005,en,tax,税费支出,Taxes,expense,vehicle purchase tax cost 12000 bucks,12000,CNY,vehicle purchase tax,anchor,2026-08-31,2026-08-31
tax-en-006,en,tax,税费支出,Taxes,expense,this Friday stamp duty paid 500 yuan,500,CNY,stamp duty,weekday:5,2026-09-04,2026-08-31
tax-en-007,en,tax,税费支出,Taxes,expense,property tax paid 1800 HKD,1800,HKD,property tax,anchor,2026-08-31,2026-08-31
tax-en-008,en,tax,税费支出,Taxes,expense,personal income tax special back payment 1200 yuan,1200,CNY,personal income tax back payment,anchor,2026-08-31,2026-08-31
tax-en-009,en,tax,税费支出,Taxes,expense,overseas consumption tax 300 USD,300,USD,overseas consumption tax,anchor,2026-08-31,2026-08-31
tax-en-010,en,tax,税费支出,Taxes,expense,deed tax cost 9000 bucks,9000,CNY,deed tax,anchor,2026-08-31,2026-08-31
tax-en-011,en,tax,税费支出,Taxes,expense,Aug 15 corporate income tax paid 20000 yuan,20000,CNY,corporate income tax,ymd:2026-08-15,2026-08-15,2026-08-31
tax-en-012,en,tax,税费支出,Taxes,expense,vehicle and vessel tax 360 bucks per year,360,CNY,vehicle and vessel tax,anchor,2026-08-31,2026-08-31
tax-en-013,en,tax,税费支出,Taxes,expense,Hong Kong profits tax 15000 HKD,15000,HKD,profits tax,anchor,2026-08-31,2026-08-31
tax-en-014,en,tax,税费支出,Taxes,expense,urban maintenance and construction tax 200 yuan,200,CNY,urban maintenance tax,anchor,2026-08-31,2026-08-31
tax-en-015,en,tax,税费支出,Taxes,expense,education surcharge 100 bucks,100,CNY,education surcharge,anchor,2026-08-31,2026-08-31
tax-en-016,en,tax,税费支出,Taxes,expense,land value-added tax 50000 yuan,50000,CNY,land value-added tax,anchor,2026-08-31,2026-08-31
tax-en-017,en,tax,税费支出,Taxes,expense,Hong Kong rates 5000 HKD per year,5000,HKD,rates,anchor,2026-08-31,2026-08-31
tax-en-018,en,tax,税费支出,Taxes,expense,personal business income tax 3000 yuan,3000,CNY,business income tax,anchor,2026-08-31,2026-08-31
tax-en-019,en,tax,税费支出,Taxes,expense,consumption tax 1500 bucks,1500,CNY,consumption tax,anchor,2026-08-31,2026-08-31
tax-en-020,en,tax,税费支出,Taxes,expense,farmland occupation tax 8000 yuan,8000,CNY,farmland occupation tax,anchor,2026-08-31,2026-08-31
tax-en-021,en,tax,税费支出,Taxes,expense,today and tomorrow Hong Kong stamp duty 2000 HKD each,2000,HKD,Hong Kong stamp duty,"rel:0,1",2026-08-31|2026-09-01,2026-08-31
tax-en-022,en,tax,税费支出,Taxes,expense,resource tax 500 yuan,500,CNY,resource tax,anchor,2026-08-31,2026-08-31
tax-en-023,en,tax,税费支出,Taxes,expense,property tax back payment 2000 bucks,2000,CNY,property tax back payment,anchor,2026-08-31,2026-08-31
tax-en-024,en,tax,税费支出,Taxes,expense,urban land use tax 1000 yuan,1000,CNY,land use tax,anchor,2026-08-31,2026-08-31
tax-en-025,en,tax,税费支出,Taxes,expense,Hong Kong betting duty 1000 HKD,1000,HKD,betting duty,anchor,2026-08-31,2026-08-31
tax-en-026,en,tax,税费支出,Taxes,expense,customs duty 3000 yuan,3000,CNY,customs duty,anchor,2026-08-31,2026-08-31
tax-en-027,en,tax,税费支出,Taxes,expense,vehicle purchase tax after half-rate 6000 bucks,6000,CNY,half-rate purchase tax,anchor,2026-08-31,2026-08-31
tax-en-028,en,tax,税费支出,Taxes,expense,first-home deed tax 1.5% total 9000 yuan,9000,CNY,first-home deed tax,anchor,2026-08-31,2026-08-31
tax-en-029,en,tax,税费支出,Taxes,expense,Hong Kong personal assessment tax 4000 HKD,4000,HKD,personal assessment tax,anchor,2026-08-31,2026-08-31
tax-en-030,en,tax,税费支出,Taxes,expense,personal income tax refund received 1200 yuan,1200,CNY,personal income tax refund,anchor,2026-08-31,2026-08-31
tax-en-031,en,tax,税费支出,Taxes,expense,VAT surcharge 300 bucks,300,CNY,VAT surcharge,anchor,2026-08-31,2026-08-31
tax-en-032,en,tax,税费支出,Taxes,expense,corporate income tax annual settlement back payment 5000 yuan,5000,CNY,annual settlement,anchor,2026-08-31,2026-08-31
tax-en-033,en,tax,税费支出,Taxes,expense,Hong Kong property tax 500 HKD monthly,500,HKD,property tax,anchor,2026-08-31,2026-08-31
tax-en-034,en,tax,税费支出,Taxes,expense,stamp duty per document 5 yuan,5,CNY,stamp per document,anchor,2026-08-31,2026-08-31
tax-en-035,en,tax,税费支出,Taxes,expense,vehicle and vessel tax agency payment 360 bucks,360,CNY,vehicle and vessel tax,anchor,2026-08-31,2026-08-31
tax-en-036,en,tax,税费支出,Taxes,expense,land grant fee 100000 yuan,100000,CNY,land grant fee,anchor,2026-08-31,2026-08-31
tax-en-037,en,tax,税费支出,Taxes,expense,Hong Kong import-export duty 8000 HKD,8000,HKD,import-export duty,anchor,2026-08-31,2026-08-31
tax-en-038,en,tax,税费支出,Taxes,expense,personal income tax threshold 5000 yuan,5000,CNY,tax threshold,anchor,2026-08-31,2026-08-31
tax-en-039,en,tax,税费支出,Taxes,expense,urban maintenance tax 7% total 140 yuan,140,CNY,urban maintenance tax,anchor,2026-08-31,2026-08-31
tax-en-040,en,tax,税费支出,Taxes,expense,education surcharge 3% total 60 bucks,60,CNY,education surcharge,anchor,2026-08-31,2026-08-31
tax-en-041,en,tax,税费支出,Taxes,expense,Hong Kong salaries tax allowance 132000 HKD,132000,HKD,tax allowance,anchor,2026-08-31,2026-08-31
tax-en-042,en,tax,税费支出,Taxes,expense,small taxpayer VAT back payment 800 yuan,800,CNY,value-added tax,anchor,2026-08-31,2026-08-31
tax-en-043,en,tax,税费支出,Taxes,expense,vehicle purchase tax rate 10%,10,CNY,purchase tax rate,anchor,2026-08-31,2026-08-31
tax-en-044,en,tax,税费支出,Taxes,expense,second-home deed tax 3% total 18000 yuan,18000,CNY,second-home deed tax,anchor,2026-08-31,2026-08-31
tax-en-045,en,tax,税费支出,Taxes,expense,Hong Kong profits tax rate 16.5%,16.5,HKD,profits tax rate,anchor,2026-08-31,2026-08-31
tax-en-046,en,tax,税费支出,Taxes,expense,personal service income tax 20%,20,CNY,service income tax,anchor,2026-08-31,2026-08-31
tax-en-047,en,tax,税费支出,Taxes,expense,property tax rental basis 12%,12,CNY,rental basis tax,anchor,2026-08-31,2026-08-31
tax-en-048,en,tax,税费支出,Taxes,expense,Hong Kong rates collection rate 5%,5,HKD,rates collection rate,anchor,2026-08-31,2026-08-31
tax-en-049,en,tax,税费支出,Taxes,expense,VAT special invoice deduction 1000 yuan,1000,CNY,invoice deduction,anchor,2026-08-31,2026-08-31
tax-en-050,en,tax,税费支出,Taxes,expense,Hong Kong rates back payment 3000 HKD,3000,HKD,rates,anchor,2026-08-31,2026-08-31
salary-en-001,en,salary,工资收入,Salary,income,yesterday this month's salary paid 15000 HKD,15000,HKD,monthly salary,rel:-1,2026-08-30,2026-08-31
salary-en-002,en,salary,工资收入,Salary,income,company payroll received 8000 bucks,8000,CNY,monthly salary,anchor,2026-08-31,2026-08-31
salary-en-003,en,salary,工资收入,Salary,income,last month after-tax salary received 12000 yuan,12000,CNY,after-tax salary,anchor,2026-08-31,2026-08-31
salary-en-004,en,salary,工资收入,Salary,income,base pay plus commission total 25000 bucks,25000,CNY,base pay and commission,anchor,2026-08-31,2026-08-31
salary-en-005,en,salary,工资收入,Salary,income,probation salary paid 6000 yuan,6000,CNY,probation salary,anchor,2026-08-31,2026-08-31
salary-en-006,en,salary,工资收入,Salary,income,this Thursday Hong Kong monthly salary received 20000 HKD,20000,HKD,Hong Kong monthly salary,weekday:4,2026-09-03,2026-08-31
salary-en-007,en,salary,工资收入,Salary,income,year-end bonus paid 30000 yuan,30000,CNY,year-end bonus,anchor,2026-08-31,2026-08-31
salary-en-008,en,salary,工资收入,Salary,income,overtime pay paid 800 bucks,800,CNY,overtime pay,anchor,2026-08-31,2026-08-31
salary-en-009,en,salary,工资收入,Salary,income,overseas monthly salary received 4000 USD,4000,USD,overseas monthly salary,anchor,2026-08-31,2026-08-31
salary-en-010,en,salary,工资收入,Salary,income,performance bonus paid 5000 bucks,5000,CNY,performance bonus,anchor,2026-08-31,2026-08-31
salary-en-011,en,salary,工资收入,Salary,income,Aug 10 basic salary 5000 yuan,5000,CNY,basic salary,ymd:2026-08-10,2026-08-10,2026-08-31
salary-en-012,en,salary,工资收入,Salary,income,position allowance 2000 bucks,2000,CNY,position allowance,anchor,2026-08-31,2026-08-31
salary-en-013,en,salary,工资收入,Salary,income,Hong Kong base salary 18000 HKD,18000,HKD,Hong Kong base salary,anchor,2026-08-31,2026-08-31
salary-en-014,en,salary,工资收入,Salary,income,perfect attendance bonus 500 yuan,500,CNY,perfect attendance bonus,anchor,2026-08-31,2026-08-31
salary-en-015,en,salary,工资收入,Salary,income,transport allowance 300 bucks,300,CNY,transport allowance,anchor,2026-08-31,2026-08-31
salary-en-016,en,salary,工资收入,Salary,income,meal allowance 400 yuan monthly,400,CNY,meal allowance,anchor,2026-08-31,2026-08-31
salary-en-017,en,salary,工资收入,Salary,income,Aug 29 Hong Kong housing allowance 5000 HKD,5000,HKD,housing allowance,ymd:2026-08-29,2026-08-29,2026-08-31
salary-en-018,en,salary,工资收入,Salary,income,seniority pay 200 yuan,200,CNY,seniority pay,anchor,2026-08-31,2026-08-31
salary-en-019,en,salary,工资收入,Salary,income,quarterly bonus 10000 bucks,10000,CNY,quarterly bonus,anchor,2026-08-31,2026-08-31
salary-en-020,en,salary,工资收入,Salary,income,project bonus 8000 yuan,8000,CNY,project bonus,anchor,2026-08-31,2026-08-31
salary-en-021,en,salary,工资收入,Salary,income,today and tomorrow Hong Kong double pay received 18000 HKD each,18000,HKD,double pay,"rel:0,1",2026-08-31|2026-09-01,2026-08-31
salary-en-022,en,salary,工资收入,Salary,income,night shift allowance 500 yuan,500,CNY,night shift allowance,anchor,2026-08-31,2026-08-31
salary-en-023,en,salary,工资收入,Salary,income,high-temperature allowance 300 bucks,300,CNY,high-temperature allowance,anchor,2026-08-31,2026-08-31
salary-en-024,en,salary,工资收入,Salary,income,commission bonus 15000 yuan,15000,CNY,commission,anchor,2026-08-31,2026-08-31
salary-en-025,en,salary,工资收入,Salary,income,Hong Kong commission income 10000 HKD,10000,HKD,commission,anchor,2026-08-31,2026-08-31
salary-en-026,en,salary,工资收入,Salary,income,thirteenth-month pay paid 8000 yuan,8000,CNY,thirteenth-month pay,anchor,2026-08-31,2026-08-31
salary-en-027,en,salary,工资收入,Salary,income,year-end dividend paid 50000 bucks,50000,CNY,year-end dividend,anchor,2026-08-31,2026-08-31
salary-en-028,en,salary,工资收入,Salary,income,basic salary plus performance total 12000 yuan,12000,CNY,salary and performance,anchor,2026-08-31,2026-08-31
salary-en-029,en,salary,工资收入,Salary,income,Hong Kong overtime allowance 2000 HKD,2000,HKD,overtime allowance,anchor,2026-08-31,2026-08-31
salary-en-030,en,salary,工资收入,Salary,income,housing allowance 1000 yuan,1000,CNY,housing allowance,anchor,2026-08-31,2026-08-31
salary-en-031,en,salary,工资收入,Salary,income,last week daily phone allowance 100 bucks,100,CNY,phone allowance,week:-1,2026-08-24|2026-08-25|2026-08-26|2026-08-27|2026-08-28|2026-08-29|2026-08-30,2026-08-31
salary-en-032,en,salary,工资收入,Salary,income,this week daily travel allowance 200 yuan,200,CNY,travel allowance,week:0,2026-08-31|2026-09-01|2026-09-02|2026-09-03|2026-09-04|2026-09-05|2026-09-06,2026-08-31
salary-en-033,en,salary,工资收入,Salary,income,Hong Kong meal allowance 1500 HKD,1500,HKD,meal allowance,anchor,2026-08-31,2026-08-31
salary-en-034,en,salary,工资收入,Salary,income,skill allowance 500 yuan,500,CNY,skill allowance,anchor,2026-08-31,2026-08-31
salary-en-035,en,salary,工资收入,Salary,income,management allowance 2000 bucks,2000,CNY,management allowance,anchor,2026-08-31,2026-08-31
salary-en-036,en,salary,工资收入,Salary,income,sales commission 20000 yuan,20000,CNY,sales commission,anchor,2026-08-31,2026-08-31
salary-en-037,en,salary,工资收入,Salary,income,Hong Kong bonus 10000 HKD,10000,HKD,bonus,anchor,2026-08-31,2026-08-31
salary-en-038,en,salary,工资收入,Salary,income,monthly outstanding employee award 500 yuan,500,CNY,outstanding employee award,anchor,2026-08-31,2026-08-31
salary-en-039,en,salary,工资收入,Salary,income,semi-annual bonus 15000 bucks,15000,CNY,semi-annual bonus,anchor,2026-08-31,2026-08-31
salary-en-040,en,salary,工资收入,Salary,income,non-compete compensation 3000 yuan,3000,CNY,non-compete compensation,anchor,2026-08-31,2026-08-31
salary-en-041,en,salary,工资收入,Salary,income,Hong Kong long service payment 20000 HKD,20000,HKD,long service payment,anchor,2026-08-31,2026-08-31
salary-en-042,en,salary,工资收入,Salary,income,maternity leave salary 8000 yuan,8000,CNY,maternity leave salary,anchor,2026-08-31,2026-08-31
salary-en-043,en,salary,工资收入,Salary,income,sick leave salary 4000 bucks,4000,CNY,sick leave salary,anchor,2026-08-31,2026-08-31
salary-en-044,en,salary,工资收入,Salary,income,annual leave salary 2000 yuan,2000,CNY,annual leave salary,anchor,2026-08-31,2026-08-31
salary-en-045,en,salary,工资收入,Salary,income,Hong Kong severance pay 50000 HKD,50000,HKD,severance pay,anchor,2026-08-31,2026-08-31
salary-en-046,en,salary,工资收入,Salary,income,regularized salary 8000 yuan,8000,CNY,regularized salary,anchor,2026-08-31,2026-08-31
salary-en-047,en,salary,工资收入,Salary,income,after raise monthly pay 10000 bucks,10000,CNY,after raise,anchor,2026-08-31,2026-08-31
salary-en-048,en,salary,工资收入,Salary,income,payday salary received 12000 yuan,12000,CNY,payday,anchor,2026-08-31,2026-08-31
salary-en-049,en,salary,工资收入,Salary,income,Hong Kong after-tax monthly salary 18000 HKD,18000,HKD,after-tax monthly salary,anchor,2026-08-31,2026-08-31
salary-en-050,en,salary,工资收入,Salary,income,Hong Kong performance bonus received 15000 HKD,15000,HKD,performance bonus,anchor,2026-08-31,2026-08-31
side_income-en-001,en,side_income,副业收入,Side Income,income,yesterday part-time work earned 2000 bucks,2000,CNY,part-time work,rel:-1,2026-08-30,2026-08-31
side_income-en-002,en,side_income,副业收入,Side Income,income,freelance gig payment received 3000 HKD,3000,HKD,freelance gig,anchor,2026-08-31,2026-08-31
side_income-en-003,en,side_income,副业收入,Side Income,income,self-media earnings received 500 USD,500,USD,self-media,anchor,2026-08-31,2026-08-31
side_income-en-004,en,side_income,副业收入,Side Income,income,Xianyu sold stuff earned 800 yuan,800,CNY,Xianyu,anchor,2026-08-31,2026-08-31
side_income-en-005,en,side_income,副业收入,Side Income,income,designated driver income 1500 bucks,1500,CNY,designated driver,anchor,2026-08-31,2026-08-31
side_income-en-006,en,side_income,副业收入,Side Income,income,this Saturday design gig earned 4500 yuan,4500,CNY,design gig,weekday:6,2026-09-05,2026-08-31
side_income-en-007,en,side_income,副业收入,Side Income,income,shopping agent profit 2500 HKD,2500,HKD,shopping agent,anchor,2026-08-31,2026-08-31
side_income-en-008,en,side_income,副业收入,Side Income,income,investment interest received 300 yuan,300,CNY,investment interest,anchor,2026-08-31,2026-08-31
side_income-en-009,en,side_income,副业收入,Side Income,income,overseas freelance earned 1200 USD,1200,USD,overseas freelance,anchor,2026-08-31,2026-08-31
side_income-en-010,en,side_income,副业收入,Side Income,income,errand running earned 600 bucks,600,CNY,errand running,anchor,2026-08-31,2026-08-31
side_income-en-011,en,side_income,副业收入,Side Income,income,Aug 24 stall sales earned 1000 yuan,1000,CNY,stall sales,ymd:2026-08-24,2026-08-24,2026-08-31
side_income-en-012,en,side_income,副业收入,Side Income,income,writing fee 800 bucks,800,CNY,writing fee,anchor,2026-08-31,2026-08-31
side_income-en-013,en,side_income,副业收入,Side Income,income,Hong Kong tutoring monthly income 5000 HKD,5000,HKD,tutoring,anchor,2026-08-31,2026-08-31
side_income-en-014,en,side_income,副业收入,Side Income,income,ride-hailing driver income 3000 yuan,3000,CNY,ride-hailing,anchor,2026-08-31,2026-08-31
side_income-en-015,en,side_income,副业收入,Side Income,income,translation part-time earned 2000 bucks,2000,CNY,translation,anchor,2026-08-31,2026-08-31
side_income-en-016,en,side_income,副业收入,Side Income,income,short-video affiliate commission 1500 yuan,1500,CNY,affiliate commission,anchor,2026-08-31,2026-08-31
side_income-en-017,en,side_income,副业收入,Side Income,income,Hong Kong stock trading profit 10000 HKD,10000,HKD,stock trading,anchor,2026-08-31,2026-08-31
side_income-en-018,en,side_income,副业收入,Side Income,income,today and tomorrow survey tasks earned 50 yuan each,50,CNY,survey,"rel:0,1",2026-08-31|2026-09-01,2026-08-31
side_income-en-019,en,side_income,副业收入,Side Income,income,voice-over part-time 800 bucks,800,CNY,voice-over,anchor,2026-08-31,2026-08-31
side_income-en-020,en,side_income,副业收入,Side Income,income,photo shoot earned 1200 yuan,1200,CNY,photo shoot,anchor,2026-08-31,2026-08-31
side_income-en-021,en,side_income,副业收入,Side Income,income,Hong Kong freelance earned 8000 HKD,8000,HKD,freelance,anchor,2026-08-31,2026-08-31
side_income-en-022,en,side_income,副业收入,Side Income,income,food delivery rider income 2500 yuan,2500,CNY,food delivery rider,anchor,2026-08-31,2026-08-31
side_income-en-023,en,side_income,副业收入,Side Income,income,game boosting earned 600 bucks,600,CNY,game boosting,anchor,2026-08-31,2026-08-31
side_income-en-024,en,side_income,副业收入,Side Income,income,WeChat official account ad income 2000 yuan,2000,CNY,WeChat official account,anchor,2026-08-31,2026-08-31
side_income-en-025,en,side_income,副业收入,Side Income,income,Hong Kong tutoring monthly income 6000 HKD,6000,HKD,tutoring,anchor,2026-08-31,2026-08-31
side_income-en-026,en,side_income,副业收入,Side Income,income,resale profit 300 yuan,300,CNY,resale,anchor,2026-08-31,2026-08-31
side_income-en-027,en,side_income,副业收入,Side Income,income,PPT gig 500 bucks,500,CNY,PPT gig,anchor,2026-08-31,2026-08-31
side_income-en-028,en,side_income,副业收入,Side Income,income,live stream tips income 1000 yuan,1000,CNY,live stream tips,anchor,2026-08-31,2026-08-31
side_income-en-029,en,side_income,副业收入,Side Income,income,this week daily Hong Kong casual work 800 HKD,800,HKD,casual work,week:0,2026-08-31|2026-09-01|2026-09-02|2026-09-03|2026-09-04|2026-09-05|2026-09-06,2026-08-31
side_income-en-030,en,side_income,副业收入,Side Income,income,deal hunting earned 100 yuan,100,CNY,deal hunting,anchor,2026-08-31,2026-08-31
side_income-en-031,en,side_income,副业收入,Side Income,income,mini program dev gig 10000 bucks,10000,CNY,mini program dev,anchor,2026-08-31,2026-08-31
side_income-en-032,en,side_income,副业收入,Side Income,income,illustration commission earned 2000 yuan,2000,CNY,illustration commission,anchor,2026-08-31,2026-08-31
side_income-en-033,en,side_income,副业收入,Side Income,income,Hong Kong hourly work monthly income 4000 HKD,4000,HKD,hourly work,anchor,2026-08-31,2026-08-31
side_income-en-034,en,side_income,副业收入,Side Income,income,rental income 3000 yuan,3000,CNY,rental income,anchor,2026-08-31,2026-08-31
side_income-en-035,en,side_income,副业收入,Side Income,income,new bond lottery profit 200 bucks,200,CNY,new bond lottery,anchor,2026-08-31,2026-08-31
side_income-en-036,en,side_income,副业收入,Side Income,income,fund dividend 500 yuan,500,CNY,fund dividend,anchor,2026-08-31,2026-08-31
side_income-en-037,en,side_income,副业收入,Side Income,income,Hong Kong rental income 10000 HKD,10000,HKD,rental income,anchor,2026-08-31,2026-08-31
side_income-en-038,en,side_income,副业收入,Side Income,income,last week daily task earnings 80 yuan,80,CNY,task earnings,week:-1,2026-08-24|2026-08-25|2026-08-26|2026-08-27|2026-08-28|2026-08-29|2026-08-30,2026-08-31
side_income-en-039,en,side_income,副业收入,Side Income,income,bookkeeping service 1000 bucks monthly,1000,CNY,bookkeeping service,anchor,2026-08-31,2026-08-31
side_income-en-040,en,side_income,副业收入,Side Income,income,video editing gig 3000 yuan,3000,CNY,video editing,anchor,2026-08-31,2026-08-31
side_income-en-041,en,side_income,副业收入,Side Income,income,Hong Kong beauty part-time monthly income 5000 HKD,5000,HKD,beauty part-time,anchor,2026-08-31,2026-08-31
side_income-en-042,en,side_income,副业收入,Side Income,income,like-and-follow tasks earned 30 yuan,30,CNY,like-and-follow tasks,anchor,2026-08-31,2026-08-31
side_income-en-043,en,side_income,副业收入,Side Income,income,tarot reading earned 500 bucks,500,CNY,tarot reading,anchor,2026-08-31,2026-08-31
side_income-en-044,en,side_income,副业收入,Side Income,income,homestay operating income 8000 yuan,8000,CNY,homestay,anchor,2026-08-31,2026-08-31
side_income-en-045,en,side_income,副业收入,Side Income,income,Hong Kong parking spot rental 2000 HKD monthly,2000,HKD,parking spot rental,anchor,2026-08-31,2026-08-31
side_income-en-046,en,side_income,副业收入,Side Income,income,product trial earned 100 yuan,100,CNY,product trial,anchor,2026-08-31,2026-08-31
side_income-en-047,en,side_income,副业收入,Side Income,income,programming side gig earned 5000 bucks,5000,CNY,programming side gig,anchor,2026-08-31,2026-08-31
side_income-en-048,en,side_income,副业收入,Side Income,income,self-media ad revenue share 1500 yuan,1500,CNY,ad revenue share,anchor,2026-08-31,2026-08-31
side_income-en-049,en,side_income,副业收入,Side Income,income,Hong Kong ride-hailing monthly income 15000 HKD,15000,HKD,ride-hailing,anchor,2026-08-31,2026-08-31
side_income-en-050,en,side_income,副业收入,Side Income,income,Hong Kong translation part-time monthly income 3000 HKD,3000,HKD,translation part-time,anchor,2026-08-31,2026-08-31
refund_shopping-en-001,en,refund_shopping,购物退款,Shopping Refunds,negative_expense,Taobao return refund credited 128 yuan,-128,CNY,Taobao return,anchor,2026-08-31,2026-08-31
refund_shopping-en-002,en,refund_shopping,购物退款,Shopping Refunds,negative_expense,JD self-operated refund got back 89,-89,CNY,JD refund,anchor,2026-08-31,2026-08-31
refund_shopping-en-003,en,refund_shopping,购物退款,Shopping Refunds,negative_expense,Pinduoduo bargain order refund 36.5 yuan,-36.5,CNY,Pinduoduo refund,anchor,2026-08-31,2026-08-31
refund_shopping-en-004,en,refund_shopping,购物退款,Shopping Refunds,negative_expense,Meituan takeout cancelled order refund 22 yuan,-22,CNY,Takeout refund,anchor,2026-08-31,2026-08-31
refund_shopping-en-005,en,refund_shopping,购物退款,Shopping Refunds,negative_expense,Ele.me late delivery compensation refund 15,-15,CNY,Delivery comp,anchor,2026-08-31,2026-08-31
refund_shopping-en-006,en,refund_shopping,购物退款,Shopping Refunds,negative_expense,Freshippo out-of-stock refund 45 yuan,-45,CNY,Freshippo refund,anchor,2026-08-31,2026-08-31
refund_shopping-en-007,en,refund_shopping,购物退款,Shopping Refunds,negative_expense,Tmall supermarket bundle refund 12.8 yuan,-12.8,CNY,Tmall refund,anchor,2026-08-31,2026-08-31
refund_shopping-en-008,en,refund_shopping,购物退款,Shopping Refunds,negative_expense,Douyin shop return refund 199 yuan,-199,CNY,Douyin return,anchor,2026-08-31,2026-08-31
refund_shopping-en-009,en,refund_shopping,购物退款,Shopping Refunds,negative_expense,Xianyu buyer cancelled deal returned 50,-50,CNY,Xianyu return,anchor,2026-08-31,2026-08-31
refund_shopping-en-010,en,refund_shopping,购物退款,Shopping Refunds,negative_expense,Sam's Club online price difference refund 68 yuan,-68,CNY,Sam's price adj,anchor,2026-08-31,2026-08-31
refund_shopping-en-011,en,refund_shopping,购物退款,Shopping Refunds,negative_expense,Uniqlo store return refund 299 HKD,-299,HKD,Uniqlo return,anchor,2026-08-31,2026-08-31
refund_shopping-en-012,en,refund_shopping,购物退款,Shopping Refunds,negative_expense,Zara online return credited 180 HK dollars,-180,HKD,Zara return,anchor,2026-08-31,2026-08-31
refund_shopping-en-013,en,refund_shopping,购物退款,Shopping Refunds,negative_expense,Watsons wrong shade refund 88,-88,HKD,Watsons refund,anchor,2026-08-31,2026-08-31
refund_shopping-en-014,en,refund_shopping,购物退款,Shopping Refunds,negative_expense,PARKnSHOP return refund 56 yuan,-56,CNY,PARKnSHOP return,anchor,2026-08-31,2026-08-31
refund_shopping-en-015,en,refund_shopping,购物退款,Shopping Refunds,negative_expense,CR Vanguard receipt return got back 33,-33,CNY,CR Vanguard return,anchor,2026-08-31,2026-08-31
refund_shopping-en-016,en,refund_shopping,购物退款,Shopping Refunds,negative_expense,Costco membership purchase refund 420 yuan,-420,CNY,Costco refund,anchor,2026-08-31,2026-08-31
refund_shopping-en-017,en,refund_shopping,购物退款,Shopping Refunds,negative_expense,IKEA large item return refund 750 yuan,-750,CNY,IKEA return,anchor,2026-08-31,2026-08-31
refund_shopping-en-018,en,refund_shopping,购物退款,Shopping Refunds,negative_expense,Poizon failed authentication refund 899,-899,CNY,Poizon refund,anchor,2026-08-31,2026-08-31
refund_shopping-en-019,en,refund_shopping,购物退款,Shopping Refunds,negative_expense,Xiaohongshu overpaid price match refund 25 yuan,-25,CNY,XHS refund,anchor,2026-08-31,2026-08-31
refund_shopping-en-020,en,refund_shopping,购物退款,Shopping Refunds,negative_expense,Kaola customs clearance failed refund 310 yuan,-310,CNY,Kaola refund,anchor,2026-08-31,2026-08-31
refund_shopping-en-021,en,refund_shopping,购物退款,Shopping Refunds,negative_expense,Yesterday Taobao wrong size clothes refund 158 yuan,-158,CNY,Size refund,rel:-1,2026-08-30,2026-08-31
refund_shopping-en-022,en,refund_shopping,购物退款,Shopping Refunds,negative_expense,Day before yesterday JD appliance install cancel refund 1200,-1200,CNY,Appliance refund,rel:-1,2026-08-30,2026-08-31
refund_shopping-en-023,en,refund_shopping,购物退款,Shopping Refunds,negative_expense,Today Dingdong groceries short weight refund 3.5 yuan,-3.5,CNY,Weight refund,rel:0,2026-08-31,2026-08-31
refund_shopping-en-024,en,refund_shopping,购物退款,Shopping Refunds,negative_expense,This morning Pupu bad fruit refund 18,-18,CNY,Bad fruit refund,rel:0,2026-08-31,2026-08-31
refund_shopping-en-025,en,refund_shopping,购物退款,Shopping Refunds,negative_expense,Three days ago Pinduoduo refund-only credited 27 yuan,-27,CNY,Refund only,rel:-2,2026-08-29,2026-08-31
refund_shopping-en-026,en,refund_shopping,购物退款,Shopping Refunds,negative_expense,Last week Freshippo member day overcharge returned 66,-66,CNY,Overcharge back,rel:-2,2026-08-29,2026-08-31
refund_shopping-en-027,en,refund_shopping,购物退款,Shopping Refunds,negative_expense,Tomorrow expected Tmall presale deposit return 100 yuan,-100,CNY,Deposit return,rel:-3,2026-08-28,2026-08-31
refund_shopping-en-028,en,refund_shopping,购物退款,Shopping Refunds,negative_expense,Today and tomorrow two cancelled takeouts total refund 45 yuan,-45,CNY,Takeout refunds,rel:-3,2026-08-28,2026-08-31
refund_shopping-en-029,en,refund_shopping,购物退款,Shopping Refunds,negative_expense,These three days online returns credited total 520,-520,CNY,Batch returns,rel:1,2026-09-01,2026-08-31
refund_shopping-en-030,en,refund_shopping,购物退款,Shopping Refunds,negative_expense,Last week daily coffee mug buys each refunded 35 yuan,-35,CNY,Daily refunds,rel:1,2026-09-01,2026-08-31
refund_shopping-en-031,en,refund_shopping,购物退款,Shopping Refunds,negative_expense,This Wednesday mall shoes didn't fit refund 280 yuan,-280,CNY,Shoe return,"rel:0,1",2026-08-31|2026-09-01,2026-08-31
refund_shopping-en-032,en,refund_shopping,购物退款,Shopping Refunds,negative_expense,Last Friday online down jacket return credited 650,-650,CNY,Jacket return,span:0:2,2026-08-31|2026-09-01|2026-09-02,2026-08-31
refund_shopping-en-033,en,refund_shopping,购物退款,Shopping Refunds,negative_expense,Aug 20 Taobao presale price difference refund 88 yuan,-88,CNY,Presale refund,week:-1,2026-08-24|2026-08-25|2026-08-26|2026-08-27|2026-08-28|2026-08-29|2026-08-30,2026-08-31
refund_shopping-en-034,en,refund_shopping,购物退款,Shopping Refunds,negative_expense,Aug 15 JD global purchase tariff refund 45,-45,CNY,Tariff refund,weekday:3,2026-09-02,2026-08-31
refund_shopping-en-035,en,refund_shopping,购物退款,Shopping Refunds,negative_expense,SF COD rejected delivery returned goods payment 230 yuan,-230,CNY,Rejected COD,weekday:-1:5,2026-08-28,2026-08-31
refund_shopping-en-036,en,refund_shopping,购物退款,Shopping Refunds,negative_expense,Cainiao wrong parcel sent back refund 79,-79,CNY,Wrong parcel,ymd:2026-08-20,2026-08-20,2026-08-31
refund_shopping-en-037,en,refund_shopping,购物退款,Shopping Refunds,negative_expense,Vipshop flash sale overpaid refund 42 yuan,-42,CNY,Vipshop refund,ymd:2026-08-15,2026-08-15,2026-08-31
refund_shopping-en-038,en,refund_shopping,购物退款,Shopping Refunds,negative_expense,NetEase Yanxuan quality issue refund 156 yuan,-156,CNY,Yanxuan refund,anchor,2026-08-31,2026-08-31
refund_shopping-en-039,en,refund_shopping,购物退款,Shopping Refunds,negative_expense,Youpin crowdfunding failed original path refund 99,-99,CNY,Crowdfund back,anchor,2026-08-31,2026-08-31
refund_shopping-en-040,en,refund_shopping,购物退款,Shopping Refunds,negative_expense,7-Eleven duplicate water purchase refund 11 yuan,-11,CNY,7-11 refund,anchor,2026-08-31,2026-08-31
refund_shopping-en-041,en,refund_shopping,购物退款,Shopping Refunds,negative_expense,FamilyMart oden order cancel refund 8.5,-8.5,CNY,Oden cancel,anchor,2026-08-31,2026-08-31
refund_shopping-en-042,en,refund_shopping,购物退款,Shopping Refunds,negative_expense,CRCare health supplement return refund 268 HKD,-268,HKD,Supplement return,anchor,2026-08-31,2026-08-31
refund_shopping-en-043,en,refund_shopping,购物退款,Shopping Refunds,negative_expense,Wellcome bad fruit refund 22 HK dollars,-22,HKD,Fruit refund,anchor,2026-08-31,2026-08-31
refund_shopping-en-044,en,refund_shopping,购物退款,Shopping Refunds,negative_expense,Amazon global return shipping fee refunded 35 USD,-35,USD,Shipping refund,anchor,2026-08-31,2026-08-31
refund_shopping-en-045,en,refund_shopping,购物退款,Shopping Refunds,negative_expense,Target online overcharged tax refunded 18 dollars,-18,USD,Tax refund,anchor,2026-08-31,2026-08-31
refund_shopping-en-046,en,refund_shopping,购物退款,Shopping Refunds,negative_expense,Macau New Yaohan return refund 120 patacas,-120,MOP,New Yaohan,anchor,2026-08-31,2026-08-31
refund_shopping-en-047,en,refund_shopping,购物退款,Shopping Refunds,negative_expense,Japan proxy order cancelled returned 2800 yen,-2800,JPY,Proxy cancel,anchor,2026-08-31,2026-08-31
refund_shopping-en-048,en,refund_shopping,购物退款,Shopping Refunds,negative_expense,Douyin live stream over-ordered refund 66 yuan,-66,CNY,Live refund,anchor,2026-08-31,2026-08-31
refund_shopping-en-049,en,refund_shopping,购物退款,Shopping Refunds,negative_expense,Kuaishou shop fake goods verified refund 188,-188,CNY,Fake goods refund,anchor,2026-08-31,2026-08-31
refund_shopping-en-050,en,refund_shopping,购物退款,Shopping Refunds,negative_expense,Suning trade-in subsidy returned 300 yuan,-300,CNY,Trade-in rebate,anchor,2026-08-31,2026-08-31
refund_tickets-en-001,en,refund_tickets,票务退款,Ticket Refunds,negative_expense,Air China flight cancelled refund credited 1280 yuan,-1280,CNY,Flight cancel,anchor,2026-08-31,2026-08-31
refund_tickets-en-002,en,refund_tickets,票务退款,Ticket Refunds,negative_expense,China Eastern rebooking fare difference returned 350,-350,CNY,Rebook refund,anchor,2026-08-31,2026-08-31
refund_tickets-en-003,en,refund_tickets,票务退款,Ticket Refunds,negative_expense,China Southern missed flight insurance payout 200 yuan,-200,CNY,Missed flight,anchor,2026-08-31,2026-08-31
refund_tickets-en-004,en,refund_tickets,票务退款,Ticket Refunds,negative_expense,12306 high-speed rail ticket refund credited 86.5 yuan,-86.5,CNY,HSR refund,anchor,2026-08-31,2026-08-31
refund_tickets-en-005,en,refund_tickets,票务退款,Ticket Refunds,negative_expense,Guangzhou-Shenzhen-HK express rebook refund 120 HKD,-120,HKD,XRL refund,anchor,2026-08-31,2026-08-31
refund_tickets-en-006,en,refund_tickets,票务退款,Ticket Refunds,negative_expense,MTR Octopus overcharge returned 15,-15,HKD,MTR refund,anchor,2026-08-31,2026-08-31
refund_tickets-en-007,en,refund_tickets,票务退款,Ticket Refunds,negative_expense,Taopiaopiao movie ticket refund 45 yuan,-45,CNY,Movie refund,anchor,2026-08-31,2026-08-31
refund_tickets-en-008,en,refund_tickets,票务退款,Ticket Refunds,negative_expense,Maoyan show cancelled refund 280,-280,CNY,Show cancel,anchor,2026-08-31,2026-08-31
refund_tickets-en-009,en,refund_tickets,票务退款,Ticket Refunds,negative_expense,Damai concert postponed refund 680 yuan,-680,CNY,Concert refund,anchor,2026-08-31,2026-08-31
refund_tickets-en-010,en,refund_tickets,票务退款,Ticket Refunds,negative_expense,Ctrip hotel free cancellation returned 520 yuan,-520,CNY,Hotel cancel,anchor,2026-08-31,2026-08-31
refund_tickets-en-011,en,refund_tickets,票务退款,Ticket Refunds,negative_expense,Fliggy flight schedule change full refund 899,-899,CNY,Schedule change,anchor,2026-08-31,2026-08-31
refund_tickets-en-012,en,refund_tickets,票务退款,Ticket Refunds,negative_expense,Tongcheng train ticket grab failed refund 25 yuan,-25,CNY,Grab failed,anchor,2026-08-31,2026-08-31
refund_tickets-en-013,en,refund_tickets,票务退款,Ticket Refunds,negative_expense,Booking.com room cancel refund 180 USD,-180,USD,Booking cancel,anchor,2026-08-31,2026-08-31
refund_tickets-en-014,en,refund_tickets,票务退款,Ticket Refunds,negative_expense,Agoda hotel no-show partial refund 45 dollars,-45,USD,Agoda refund,anchor,2026-08-31,2026-08-31
refund_tickets-en-015,en,refund_tickets,票务退款,Ticket Refunds,negative_expense,Disney ticket unused refund 399 HK dollars,-399,HKD,Disney refund,anchor,2026-08-31,2026-08-31
refund_tickets-en-016,en,refund_tickets,票务退款,Ticket Refunds,negative_expense,Ocean Park annual pass cancel credited 650,-650,HKD,Pass cancel,anchor,2026-08-31,2026-08-31
refund_tickets-en-017,en,refund_tickets,票务退款,Ticket Refunds,negative_expense,Shenzhen North to Guangzhou South HSR one ticket refund 55 yuan,-55,CNY,One-way HSR,anchor,2026-08-31,2026-08-31
refund_tickets-en-018,en,refund_tickets,票务退款,Ticket Refunds,negative_expense,Beijing South to Shanghai Hongqiao second class refund 553,-553,CNY,Beijing-Shanghai,anchor,2026-08-31,2026-08-31
refund_tickets-en-019,en,refund_tickets,票务退款,Ticket Refunds,negative_expense,Spring Airlines oversell compensation refund 300 yuan,-300,CNY,Oversell comp,anchor,2026-08-31,2026-08-31
refund_tickets-en-020,en,refund_tickets,票务退款,Ticket Refunds,negative_expense,Juneyao delay insurance claim credited 150 yuan,-150,CNY,Delay claim,anchor,2026-08-31,2026-08-31
refund_tickets-en-021,en,refund_tickets,票务退款,Ticket Refunds,negative_expense,Yesterday movie ticket pre-show refund got back 38,-38,CNY,Yesterday movie,rel:-1,2026-08-30,2026-08-31
refund_tickets-en-022,en,refund_tickets,票务退款,Ticket Refunds,negative_expense,Day before yesterday concert typhoon cancel refund 480 yuan,-480,CNY,Typhoon cancel,rel:-1,2026-08-30,2026-08-31
refund_tickets-en-023,en,refund_tickets,票务退款,Ticket Refunds,negative_expense,Today grabbed train ticket refund credited 72 yuan,-72,CNY,Today refund,rel:0,2026-08-31,2026-08-31
refund_tickets-en-024,en,refund_tickets,票务退款,Ticket Refunds,negative_expense,This morning flight upgrade failed original refund 220,-220,CNY,Upgrade fail,rel:0,2026-08-31,2026-08-31
refund_tickets-en-025,en,refund_tickets,票务退款,Ticket Refunds,negative_expense,Three days ago homestay host agreed cancel refund 260 yuan,-260,CNY,Homestay cancel,rel:-2,2026-08-29,2026-08-31
refund_tickets-en-026,en,refund_tickets,票务退款,Ticket Refunds,negative_expense,Last week HSR waitlist unfulfilled full refund 95,-95,CNY,Waitlist refund,rel:-2,2026-08-29,2026-08-31
refund_tickets-en-027,en,refund_tickets,票务退款,Ticket Refunds,negative_expense,Tomorrow concert ticket resale platform refund 120 yuan,-120,CNY,Resale refund,rel:-3,2026-08-28,2026-08-31
refund_tickets-en-028,en,refund_tickets,票务退款,Ticket Refunds,negative_expense,Today and tomorrow two hotel nights cancel total refund 880 yuan,-880,CNY,Multi-night cancel,rel:-3,2026-08-28,2026-08-31
refund_tickets-en-029,en,refund_tickets,票务退款,Ticket Refunds,negative_expense,These three days expo tickets gradually returned total 150,-150,CNY,Expo refunds,rel:1,2026-09-01,2026-08-31
refund_tickets-en-030,en,refund_tickets,票务退款,Ticket Refunds,negative_expense,Last week daily metro day passes each refunded 10 yuan,-10,CNY,Daily pass refund,rel:1,2026-09-01,2026-08-31
refund_tickets-en-031,en,refund_tickets,票务退款,Ticket Refunds,negative_expense,This Wednesday play ticket personal cancel refund 180 yuan,-180,CNY,Play refund,"rel:0,1",2026-08-31|2026-09-01,2026-08-31
refund_tickets-en-032,en,refund_tickets,票务退款,Ticket Refunds,negative_expense,Last Friday badminton court booking cancel refund 60,-60,CNY,Court cancel,span:0:2,2026-08-31|2026-09-01|2026-09-02,2026-08-31
refund_tickets-en-033,en,refund_tickets,票务退款,Ticket Refunds,negative_expense,Aug 20 flight price drop difference refund 66 yuan,-66,CNY,Fare drop,week:-1,2026-08-24|2026-08-25|2026-08-26|2026-08-27|2026-08-28|2026-08-29|2026-08-30,2026-08-31
refund_tickets-en-034,en,refund_tickets,票务退款,Ticket Refunds,negative_expense,Aug 15 hot spring hotel package refund 388,-388,CNY,Hot spring pkg,weekday:3,2026-09-02,2026-08-31
refund_tickets-en-035,en,refund_tickets,票务退款,Ticket Refunds,negative_expense,Klook attraction ticket unused refund 95 HKD,-95,HKD,Klook refund,weekday:-1:5,2026-08-28,2026-08-31
refund_tickets-en-036,en,refund_tickets,票务退款,Ticket Refunds,negative_expense,Macau Venetian show ticket refund 220 patacas,-220,MOP,Venetian show,ymd:2026-08-20,2026-08-20,2026-08-31
refund_tickets-en-037,en,refund_tickets,票务退款,Ticket Refunds,negative_expense,Japan Shinkansen reserved seat cancel refund 8500 yen,-8500,JPY,Shinkansen refund,ymd:2026-08-15,2026-08-15,2026-08-31
refund_tickets-en-038,en,refund_tickets,票务退款,Ticket Refunds,negative_expense,Shenzhen Airlines voluntary refund after fee 410 yuan,-410,CNY,Voluntary refund,anchor,2026-08-31,2026-08-31
refund_tickets-en-039,en,refund_tickets,票务退款,Ticket Refunds,negative_expense,Hainan Airlines points ticket failed equivalent 80 returned,-80,CNY,Points refund,anchor,2026-08-31,2026-08-31
refund_tickets-en-040,en,refund_tickets,票务退款,Ticket Refunds,negative_expense,Guangzhou-Shenzhen intercity suspended full refund 35 yuan,-35,CNY,Intercity suspend,anchor,2026-08-31,2026-08-31
refund_tickets-en-041,en,refund_tickets,票务退款,Ticket Refunds,negative_expense,National Centre show rescheduled price diff refund 28,-28,CNY,Reschedule diff,anchor,2026-08-31,2026-08-31
refund_tickets-en-042,en,refund_tickets,票务退款,Ticket Refunds,negative_expense,Livehouse overcrowded cancel refund 98 yuan,-98,CNY,Livehouse cancel,anchor,2026-08-31,2026-08-31
refund_tickets-en-043,en,refund_tickets,票务退款,Ticket Refunds,negative_expense,Ski season pass unopened refund credited 1200 yuan,-1200,CNY,Season pass,anchor,2026-08-31,2026-08-31
refund_tickets-en-044,en,refund_tickets,票务退款,Ticket Refunds,negative_expense,Cruise cabin downgrade compensation refund 560,-560,CNY,Cruise comp,anchor,2026-08-31,2026-08-31
refund_tickets-en-045,en,refund_tickets,票务退款,Ticket Refunds,negative_expense,Visa denied hotel free cancel refund 210 dollars,-210,USD,Visa denied,anchor,2026-08-31,2026-08-31
refund_tickets-en-046,en,refund_tickets,票务退款,Ticket Refunds,negative_expense,Airport lounge booking failed refund 88 HK dollars,-88,HKD,Lounge refund,anchor,2026-08-31,2026-08-31
refund_tickets-en-047,en,refund_tickets,票务退款,Ticket Refunds,negative_expense,Round-trip outbound cancelled return leg diff refund 450 yuan,-450,CNY,Round-trip diff,anchor,2026-08-31,2026-08-31
refund_tickets-en-048,en,refund_tickets,票务退款,Ticket Refunds,negative_expense,Music festival rain cancel organizer refund 199,-199,CNY,Festival cancel,anchor,2026-08-31,2026-08-31
refund_tickets-en-049,en,refund_tickets,票务退款,Ticket Refunds,negative_expense,Museum reservation expired auto refund 20 yuan,-20,CNY,Reservation expire,anchor,2026-08-31,2026-08-31
refund_tickets-en-050,en,refund_tickets,票务退款,Ticket Refunds,negative_expense,Ferry schedule cancelled pier refund 75 yuan,-75,CNY,Ferry cancel,anchor,2026-08-31,2026-08-31
reimbursement-en-001,en,reimbursement,报销到账,Reimbursement,negative_expense,Company taxi reimbursement credited 45 yuan,-45,CNY,Taxi claim,anchor,2026-08-31,2026-08-31
reimbursement-en-002,en,reimbursement,报销到账,Reimbursement,negative_expense,Business trip HSR ticket reimbursement returned 268,-268,CNY,HSR claim,anchor,2026-08-31,2026-08-31
reimbursement-en-003,en,reimbursement,报销到账,Reimbursement,negative_expense,Client dinner expense reimbursement credited 380 yuan,-380,CNY,Dinner claim,anchor,2026-08-31,2026-08-31
reimbursement-en-004,en,reimbursement,报销到账,Reimbursement,negative_expense,Flight travel expense reimbursement returned 1560 yuan,-1560,CNY,Flight claim,anchor,2026-08-31,2026-08-31
reimbursement-en-005,en,reimbursement,报销到账,Reimbursement,negative_expense,Overtime taxi reimbursement credited 62.5 yuan,-62.5,CNY,OT taxi,anchor,2026-08-31,2026-08-31
reimbursement-en-006,en,reimbursement,报销到账,Reimbursement,negative_expense,Clinic visit company medical top-up reimbursement 120,-120,CNY,Clinic claim,anchor,2026-08-31,2026-08-31
reimbursement-en-007,en,reimbursement,报销到账,Reimbursement,negative_expense,Hospital deposit company advance returned 8000 yuan,-8000,CNY,Hospital advance,anchor,2026-08-31,2026-08-31
reimbursement-en-008,en,reimbursement,报销到账,Reimbursement,negative_expense,Health check reimbursement credited 560 yuan,-560,CNY,Checkup claim,anchor,2026-08-31,2026-08-31
reimbursement-en-009,en,reimbursement,报销到账,Reimbursement,negative_expense,Office supplies invoice reimbursement returned 89,-89,CNY,Office supplies,anchor,2026-08-31,2026-08-31
reimbursement-en-010,en,reimbursement,报销到账,Reimbursement,negative_expense,Team building expense reimbursement credited 1500 yuan,-1500,CNY,Team building,anchor,2026-08-31,2026-08-31
reimbursement-en-011,en,reimbursement,报销到账,Reimbursement,negative_expense,Expo booth fee reimbursement returned 3200,-3200,CNY,Booth claim,anchor,2026-08-31,2026-08-31
reimbursement-en-012,en,reimbursement,报销到账,Reimbursement,negative_expense,Cross-border trip HK taxi reimbursement 180 HKD,-180,HKD,HK taxi claim,anchor,2026-08-31,2026-08-31
reimbursement-en-013,en,reimbursement,报销到账,Reimbursement,negative_expense,Hong Kong hotel stay travel claim 650 HK dollars,-650,HKD,HK hotel claim,anchor,2026-08-31,2026-08-31
reimbursement-en-014,en,reimbursement,报销到账,Reimbursement,negative_expense,Overseas conference registration reimbursed 95 USD,-95,USD,Conference fee,anchor,2026-08-31,2026-08-31
reimbursement-en-015,en,reimbursement,报销到账,Reimbursement,negative_expense,US business trip tip reimbursement 25 dollars,-25,USD,Tip claim,anchor,2026-08-31,2026-08-31
reimbursement-en-016,en,reimbursement,报销到账,Reimbursement,negative_expense,Macau business meal invoice claim 88 patacas,-88,MOP,Macau meal,anchor,2026-08-31,2026-08-31
reimbursement-en-017,en,reimbursement,报销到账,Reimbursement,negative_expense,Japan trip transit card top-up claim 2000 yen,-2000,JPY,Transit claim,anchor,2026-08-31,2026-08-31
reimbursement-en-018,en,reimbursement,报销到账,Reimbursement,negative_expense,Didi enterprise monthly settlement claim 230 yuan,-230,CNY,Didi monthly,anchor,2026-08-31,2026-08-31
reimbursement-en-019,en,reimbursement,报销到账,Reimbursement,negative_expense,SF same-city sample delivery claim returned 35,-35,CNY,Sample courier,anchor,2026-08-31,2026-08-31
reimbursement-en-020,en,reimbursement,报销到账,Reimbursement,negative_expense,Client gift purchase reimbursement credited 168 yuan,-168,CNY,Gift purchase,anchor,2026-08-31,2026-08-31
reimbursement-en-021,en,reimbursement,报销到账,Reimbursement,negative_expense,Yesterday overtime meal allowance claim 30 yuan,-30,CNY,Meal allowance,rel:-1,2026-08-30,2026-08-31
reimbursement-en-022,en,reimbursement,报销到账,Reimbursement,negative_expense,Day before yesterday client visit travel claim 55,-55,CNY,Visit travel,rel:-1,2026-08-30,2026-08-31
reimbursement-en-023,en,reimbursement,报销到账,Reimbursement,negative_expense,Today morning taxi to office claim 18 yuan,-18,CNY,Morning taxi,rel:0,2026-08-31,2026-08-31
reimbursement-en-024,en,reimbursement,报销到账,Reimbursement,negative_expense,This morning client coffee purchase claim 22,-22,CNY,Coffee claim,rel:0,2026-08-31,2026-08-31
reimbursement-en-025,en,reimbursement,报销到账,Reimbursement,negative_expense,Three days ago PCR test travel claim 16 yuan,-16,CNY,PCR claim,rel:-2,2026-08-29,2026-08-31
reimbursement-en-026,en,reimbursement,报销到账,Reimbursement,negative_expense,Last week business lodging invoice claim 420,-420,CNY,Lodging invoice,rel:-2,2026-08-29,2026-08-31
reimbursement-en-027,en,reimbursement,报销到账,Reimbursement,negative_expense,Tomorrow expected travel per diem credited 200 yuan,-200,CNY,Per diem,rel:-3,2026-08-28,2026-08-31
reimbursement-en-028,en,reimbursement,报销到账,Reimbursement,negative_expense,Today and tomorrow two-day trip allowance claim 300 yuan,-300,CNY,Multi-day claim,rel:-3,2026-08-28,2026-08-31
reimbursement-en-029,en,reimbursement,报销到账,Reimbursement,negative_expense,These three days taxi invoices gradually claimed total 125,-125,CNY,Batch taxi claim,rel:1,2026-09-01,2026-08-31
reimbursement-en-030,en,reimbursement,报销到账,Reimbursement,negative_expense,Last week daily commute metro tickets each claimed 6 yuan,-6,CNY,Commute claim,rel:1,2026-09-01,2026-08-31
reimbursement-en-031,en,reimbursement,报销到账,Reimbursement,negative_expense,This Wednesday project dinner claim per person 85 yuan,-85,CNY,Project dinner,"rel:0,1",2026-08-31|2026-09-01,2026-08-31
reimbursement-en-032,en,reimbursement,报销到账,Reimbursement,negative_expense,Last Friday training fee invoice claim 1200,-1200,CNY,Training claim,span:0:2,2026-08-31|2026-09-01|2026-09-02,2026-08-31
reimbursement-en-033,en,reimbursement,报销到账,Reimbursement,negative_expense,Aug 20 patent annual fee company claim 350 yuan,-350,CNY,Patent fee,week:-1,2026-08-24|2026-08-25|2026-08-26|2026-08-27|2026-08-28|2026-08-29|2026-08-30,2026-08-31
reimbursement-en-034,en,reimbursement,报销到账,Reimbursement,negative_expense,Aug 15 software subscription claim 99,-99,CNY,Software sub,weekday:3,2026-09-02,2026-08-31
reimbursement-en-035,en,reimbursement,报销到账,Reimbursement,negative_expense,VPN annual fee tech dept claim 180 yuan,-180,CNY,VPN claim,weekday:-1:5,2026-08-28,2026-08-31
reimbursement-en-036,en,reimbursement,报销到账,Reimbursement,negative_expense,Cloud server expense claim credited 2400 yuan,-2400,CNY,Cloud server,ymd:2026-08-20,2026-08-20,2026-08-31
reimbursement-en-037,en,reimbursement,报销到账,Reimbursement,negative_expense,Printer cartridge purchase claim 156,-156,CNY,Cartridge claim,ymd:2026-08-15,2026-08-15,2026-08-31
reimbursement-en-038,en,reimbursement,报销到账,Reimbursement,negative_expense,Legal letter courier fee claim 28 yuan,-28,CNY,Courier claim,anchor,2026-08-31,2026-08-31
reimbursement-en-039,en,reimbursement,报销到账,Reimbursement,negative_expense,Trademark registration official fee claim 300 yuan,-300,CNY,Trademark fee,anchor,2026-08-31,2026-08-31
reimbursement-en-040,en,reimbursement,报销到账,Reimbursement,negative_expense,Annual meeting venue deposit company claim 5000,-5000,CNY,Annual venue,anchor,2026-08-31,2026-08-31
reimbursement-en-041,en,reimbursement,报销到账,Reimbursement,negative_expense,Headhunter fee HR claim credited 8000 yuan,-8000,CNY,Headhunter fee,anchor,2026-08-31,2026-08-31
reimbursement-en-042,en,reimbursement,报销到账,Reimbursement,negative_expense,Employee wellness check add-on claim 220 yuan,-220,CNY,Checkup add-on,anchor,2026-08-31,2026-08-31
reimbursement-en-043,en,reimbursement,报销到账,Reimbursement,negative_expense,Work injury medical company full claim 680,-680,CNY,Injury medical,anchor,2026-08-31,2026-08-31
reimbursement-en-044,en,reimbursement,报销到账,Reimbursement,negative_expense,Expat housing allowance claim credited 3500 yuan,-3500,CNY,Housing allowance,anchor,2026-08-31,2026-08-31
reimbursement-en-045,en,reimbursement,报销到账,Reimbursement,negative_expense,International roaming phone bill claim 45 HKD,-45,HKD,Roaming claim,anchor,2026-08-31,2026-08-31
reimbursement-en-046,en,reimbursement,报销到账,Reimbursement,negative_expense,Business visa fee claim 120 dollars,-120,USD,Visa claim,anchor,2026-08-31,2026-08-31
reimbursement-en-047,en,reimbursement,报销到账,Reimbursement,negative_expense,Expo translation service claim 1500 yuan,-1500,CNY,Translation claim,anchor,2026-08-31,2026-08-31
reimbursement-en-048,en,reimbursement,报销到账,Reimbursement,negative_expense,Sample testing R&D claim 890,-890,CNY,Testing claim,anchor,2026-08-31,2026-08-31
reimbursement-en-049,en,reimbursement,报销到账,Reimbursement,negative_expense,Industry association membership fee claim 600 yuan,-600,CNY,Membership fee,anchor,2026-08-31,2026-08-31
reimbursement-en-050,en,reimbursement,报销到账,Reimbursement,negative_expense,Disability employment fund finance claim 280,-280,CNY,Disability fund,anchor,2026-08-31,2026-08-31
cashback-en-001,en,cashback,优惠返现,Cashback,negative_expense,Credit card spending cashback credited 18 yuan,-18,CNY,Card cashback,anchor,2026-08-31,2026-08-31
cashback-en-002,en,cashback,优惠返现,Cashback,negative_expense,CMB credit card spend rebate returned 25,-25,CNY,CMB rebate,anchor,2026-08-31,2026-08-31
cashback-en-003,en,cashback,优惠返现,Cashback,negative_expense,Huabei installment fee cashback 8.5 yuan,-8.5,CNY,Huabei rebate,anchor,2026-08-31,2026-08-31
cashback-en-004,en,cashback,优惠返现,Cashback,negative_expense,Alipay Double 11 red packet cashback 66 yuan,-66,CNY,Alipay rebate,anchor,2026-08-31,2026-08-31
cashback-en-005,en,cashback,优惠返现,Cashback,negative_expense,WeChat Pay weekend promo returned 3,-3,CNY,WeChat promo,anchor,2026-08-31,2026-08-31
cashback-en-006,en,cashback,优惠返现,Cashback,negative_expense,JD Baitiao repayment cashback 12 yuan,-12,CNY,Baitiao rebate,anchor,2026-08-31,2026-08-31
cashback-en-007,en,cashback,优惠返现,Cashback,negative_expense,UnionPay QuickPass promo returned 15,-15,CNY,UnionPay promo,anchor,2026-08-31,2026-08-31
cashback-en-008,en,cashback,优惠返现,Cashback,negative_expense,88VIP shopping rebate credited 40 yuan,-40,CNY,88VIP rebate,anchor,2026-08-31,2026-08-31
cashback-en-009,en,cashback,优惠返现,Cashback,negative_expense,Taobao savings card cashback 5 yuan,-5,CNY,Savings card,anchor,2026-08-31,2026-08-31
cashback-en-010,en,cashback,优惠返现,Cashback,negative_expense,Pinduoduo subsidy price match 9.9,-9.9,CNY,Subsidy match,anchor,2026-08-31,2026-08-31
cashback-en-011,en,cashback,优惠返现,Cashback,negative_expense,Meituan pay spend-30-get-5 actual rebate 5 yuan,-5,CNY,Meituan promo,anchor,2026-08-31,2026-08-31
cashback-en-012,en,cashback,优惠返现,Cashback,negative_expense,Ele.me super member cashback 10,-10,CNY,Member rebate,anchor,2026-08-31,2026-08-31
cashback-en-013,en,cashback,优惠返现,Cashback,negative_expense,Didi coupon discount cashback 7 yuan,-7,CNY,Didi coupon,anchor,2026-08-31,2026-08-31
cashback-en-014,en,cashback,优惠返现,Cashback,negative_expense,China Mobile points converted to cash 20 yuan,-20,CNY,Points to cash,anchor,2026-08-31,2026-08-31
cashback-en-015,en,cashback,优惠返现,Cashback,negative_expense,Unicom phone bill points cashback 15,-15,CNY,Unicom points,anchor,2026-08-31,2026-08-31
cashback-en-016,en,cashback,优惠返现,Cashback,negative_expense,HSBC credit card spending rebate 88 HKD,-88,HKD,HSBC rebate,anchor,2026-08-31,2026-08-31
cashback-en-017,en,cashback,优惠返现,Cashback,negative_expense,BOC credit card dining rebate 22,-22,HKD,BOC rebate,anchor,2026-08-31,2026-08-31
cashback-en-018,en,cashback,优惠返现,Cashback,negative_expense,Octopus spending rewards returned 6,-6,HKD,Octopus reward,anchor,2026-08-31,2026-08-31
cashback-en-019,en,cashback,优惠返现,Cashback,negative_expense,Apple Card Daily Cash back 4 dollars,-4,USD,Apple Cash,anchor,2026-08-31,2026-08-31
cashback-en-020,en,cashback,优惠返现,Cashback,negative_expense,Chase credit card quarterly cashback 12 dollars,-12,USD,Chase cashback,anchor,2026-08-31,2026-08-31
cashback-en-021,en,cashback,优惠返现,Cashback,negative_expense,Yesterday card swipe cashback credited 33 yuan,-33,CNY,Yesterday card,rel:-1,2026-08-30,2026-08-31
cashback-en-022,en,cashback,优惠返现,Cashback,negative_expense,Day before yesterday Alipay tap promo 2,-2,CNY,Tap promo,rel:-1,2026-08-30,2026-08-31
cashback-en-023,en,cashback,优惠返现,Cashback,negative_expense,Today morning rush metro discount 1.5 yuan,-1.5,CNY,Metro discount,rel:0,2026-08-31,2026-08-31
cashback-en-024,en,cashback,优惠返现,Cashback,negative_expense,This morning coffee coupon rebate 3,-3,CNY,Coffee coupon,rel:0,2026-08-31,2026-08-31
cashback-en-025,en,cashback,优惠返现,Cashback,negative_expense,Three days ago JD PLUS cashback 28 yuan,-28,CNY,PLUS rebate,rel:-2,2026-08-29,2026-08-31
cashback-en-026,en,cashback,优惠返现,Cashback,negative_expense,Last week credit card statement cashback total 55,-55,CNY,Statement rebate,rel:-2,2026-08-29,2026-08-31
cashback-en-027,en,cashback,优惠返现,Cashback,negative_expense,Tomorrow expected repayment cashback 8 yuan,-8,CNY,Repay rebate,rel:-3,2026-08-28,2026-08-31
cashback-en-028,en,cashback,优惠返现,Cashback,negative_expense,Today and tomorrow spending cashback total 16 yuan,-16,CNY,Multi-day rebate,rel:-3,2026-08-28,2026-08-31
cashback-en-029,en,cashback,优惠返现,Cashback,negative_expense,This week daily card swipe cashback each 2,-2,CNY,Daily cashback,rel:1,2026-09-01,2026-08-31
cashback-en-030,en,cashback,优惠返现,Cashback,negative_expense,Last week daily Alipay metro rides each rebate 1 yuan,-1,CNY,Daily metro,rel:1,2026-09-01,2026-08-31
cashback-en-031,en,cashback,优惠返现,Cashback,negative_expense,This Wednesday supermarket promo cashback 14,-14,CNY,Supermarket promo,"rel:0,1",2026-08-31|2026-09-01,2026-08-31
cashback-en-032,en,cashback,优惠返现,Cashback,negative_expense,Last Friday gas station card rebate 6 yuan,-6,CNY,Gas rebate,week:0,2026-08-31|2026-09-01|2026-09-02|2026-09-03|2026-09-04|2026-09-05|2026-09-06,2026-08-31
cashback-en-033,en,cashback,优惠返现,Cashback,negative_expense,Aug 20 618 final payment rebate 19,-19,CNY,618 rebate,week:-1,2026-08-24|2026-08-25|2026-08-26|2026-08-27|2026-08-28|2026-08-29|2026-08-30,2026-08-31
cashback-en-034,en,cashback,优惠返现,Cashback,negative_expense,Aug 15 bank new customer bonus 50 yuan,-50,CNY,New customer,weekday:3,2026-09-02,2026-08-31
cashback-en-035,en,cashback,优惠返现,Cashback,negative_expense,Macau casino points to cash 120 patacas,-120,MOP,Points cash,weekday:-1:5,2026-08-28,2026-08-31
cashback-en-036,en,cashback,优惠返现,Cashback,negative_expense,Japan convenience store T points cashback 200 yen,-200,JPY,T points,ymd:2026-08-20,2026-08-20,2026-08-31
cashback-en-037,en,cashback,优惠返现,Cashback,negative_expense,Ping An Wanlitong points redeemed 30 yuan,-30,CNY,Wanlitong redeem,ymd:2026-08-15,2026-08-15,2026-08-31
cashback-en-038,en,cashback,优惠返现,Cashback,negative_expense,Bank of Communications Friday promo 11,-11,CNY,Friday promo,anchor,2026-08-31,2026-08-31
cashback-en-039,en,cashback,优惠返现,Cashback,negative_expense,SPDB credit card 1% cashback 77 yuan,-77,CNY,SPDB 1pct,anchor,2026-08-31,2026-08-31
cashback-en-040,en,cashback,优惠返现,Cashback,negative_expense,Industrial Bank gas 8% rebate 24,-24,CNY,Gas 8pct,anchor,2026-08-31,2026-08-31
cashback-en-041,en,cashback,优惠返现,Cashback,negative_expense,Everbright online shopping rebate 10 yuan,-10,CNY,Everbright online,anchor,2026-08-31,2026-08-31
cashback-en-042,en,cashback,优惠返现,Cashback,negative_expense,ABC mobile bill pay random discount 4,-4,CNY,Bill discount,anchor,2026-08-31,2026-08-31
cashback-en-043,en,cashback,优惠返现,Cashback,negative_expense,CCB Dragon Pay weekend rebate 6 yuan,-6,CNY,Dragon Pay,anchor,2026-08-31,2026-08-31
cashback-en-044,en,cashback,优惠返现,Cashback,negative_expense,WeBank Plus yield cashback 13,-13,CNY,Plus yield,anchor,2026-08-31,2026-08-31
cashback-en-045,en,cashback,优惠返现,Cashback,negative_expense,Yu'e Bao trial fund yield 0.8 yuan,-0.8,CNY,Trial fund,anchor,2026-08-31,2026-08-31
cashback-en-046,en,cashback,优惠返现,Cashback,negative_expense,Douyin Pay new user discount 5,-5,CNY,Douyin new user,anchor,2026-08-31,2026-08-31
cashback-en-047,en,cashback,优惠返现,Cashback,negative_expense,Kuaishou shop order cash back 9 yuan,-9,CNY,Kuaishou order,anchor,2026-08-31,2026-08-31
cashback-en-048,en,cashback,优惠返现,Cashback,negative_expense,Pinduoduo orchard cash out 3,-3,CNY,Orchard cashout,anchor,2026-08-31,2026-08-31
cashback-en-049,en,cashback,优惠返现,Cashback,negative_expense,Taobao gold coins offset cashback 7 yuan,-7,CNY,Gold coins,anchor,2026-08-31,2026-08-31
cashback-en-050,en,cashback,优惠返现,Cashback,negative_expense,JD Jingdou cash offset returned 18,-18,CNY,Jingdou offset,anchor,2026-08-31,2026-08-31
repay_from_others-en-001,en,repay_from_others,他人还款,Repayment from Others,negative_expense,Friend paid back my last advance of 50 yuan,-50,CNY,Friend repaid,anchor,2026-08-31,2026-08-31
repay_from_others-en-002,en,repay_from_others,他人还款,Repayment from Others,negative_expense,Roommate transferred back rent share 1200,-1200,CNY,Roommate share,anchor,2026-08-31,2026-08-31
repay_from_others-en-003,en,repay_from_others,他人还款,Repayment from Others,negative_expense,Colleague AA dinner transferred me 45 yuan,-45,CNY,Colleague AA,anchor,2026-08-31,2026-08-31
repay_from_others-en-004,en,repay_from_others,他人还款,Repayment from Others,negative_expense,Classmate returned my loan of 200,-200,CNY,Classmate repaid,anchor,2026-08-31,2026-08-31
repay_from_others-en-005,en,repay_from_others,他人还款,Repayment from Others,negative_expense,Bestie wedding gift return credited 88 yuan,-88,CNY,Gift return,anchor,2026-08-31,2026-08-31
repay_from_others-en-006,en,repay_from_others,他人还款,Repayment from Others,negative_expense,Teammate court fee AA sent back 35,-35,CNY,Teammate AA,anchor,2026-08-31,2026-08-31
repay_from_others-en-007,en,repay_from_others,他人还款,Repayment from Others,negative_expense,Family repaid my proxy purchase 168 yuan,-168,CNY,Proxy repaid,anchor,2026-08-31,2026-08-31
repay_from_others-en-008,en,repay_from_others,他人还款,Repayment from Others,negative_expense,Ex paid back owed 300,-300,CNY,Ex repaid,anchor,2026-08-31,2026-08-31
repay_from_others-en-009,en,repay_from_others,他人还款,Repayment from Others,negative_expense,Neighbor returned ladder deposit 20 yuan,-20,CNY,Deposit back,anchor,2026-08-31,2026-08-31
repay_from_others-en-010,en,repay_from_others,他人还款,Repayment from Others,negative_expense,Cousin repaid New Year money advance 500 yuan,-500,CNY,Red packet back,anchor,2026-08-31,2026-08-31
repay_from_others-en-011,en,repay_from_others,他人还款,Repayment from Others,negative_expense,Team building someone AA'd me 60,-60,CNY,Someone AA'd,anchor,2026-08-31,2026-08-31
repay_from_others-en-012,en,repay_from_others,他人还款,Repayment from Others,negative_expense,Hotpot AA each transferred me 72 yuan,-72,CNY,Hotpot AA,anchor,2026-08-31,2026-08-31
repay_from_others-en-013,en,repay_from_others,他人还款,Repayment from Others,negative_expense,Camping gear split sent back 180,-180,CNY,Camping split,anchor,2026-08-31,2026-08-31
repay_from_others-en-014,en,repay_from_others,他人还款,Repayment from Others,negative_expense,HK friend repaid 150 HK dollars,-150,HKD,HK friend,anchor,2026-08-31,2026-08-31
repay_from_others-en-015,en,repay_from_others,他人还款,Repayment from Others,negative_expense,Colleague business trip lodging advance back 650 HKD,-650,HKD,Lodging advance,anchor,2026-08-31,2026-08-31
repay_from_others-en-016,en,repay_from_others,他人还款,Repayment from Others,negative_expense,Roommate abroad repaid rent I paid 95 dollars,-95,USD,Rent proxy,anchor,2026-08-31,2026-08-31
repay_from_others-en-017,en,repay_from_others,他人还款,Repayment from Others,negative_expense,US classmate Venmo'd me back 30 dollars,-30,USD,Venmo back,anchor,2026-08-31,2026-08-31
repay_from_others-en-018,en,repay_from_others,他人还款,Repayment from Others,negative_expense,Macau poker buddy returned chips 80 patacas,-80,MOP,Chips back,anchor,2026-08-31,2026-08-31
repay_from_others-en-019,en,repay_from_others,他人还款,Repayment from Others,negative_expense,Japan colleague repaid bento proxy 2000 yen,-2000,JPY,Bento proxy,anchor,2026-08-31,2026-08-31
repay_from_others-en-020,en,repay_from_others,他人还款,Repayment from Others,negative_expense,WeChat group collect someone sent me 28 yuan,-28,CNY,Group collect,anchor,2026-08-31,2026-08-31
repay_from_others-en-021,en,repay_from_others,他人还款,Repayment from Others,negative_expense,Yesterday friend repaid taxi fare 22,-22,CNY,Taxi repaid,rel:-1,2026-08-30,2026-08-31
repay_from_others-en-022,en,repay_from_others,他人还款,Repayment from Others,negative_expense,Day before yesterday dinner AA transfer 38 yuan,-38,CNY,Dinner AA,rel:-1,2026-08-30,2026-08-31
repay_from_others-en-023,en,repay_from_others,他人还款,Repayment from Others,negative_expense,Today colleague repaid coffee 15,-15,CNY,Coffee repaid,rel:0,2026-08-31,2026-08-31
repay_from_others-en-024,en,repay_from_others,他人还款,Repayment from Others,negative_expense,This morning roommate sent utilities split 66 yuan,-66,CNY,Utilities split,rel:0,2026-08-31,2026-08-31
repay_from_others-en-025,en,repay_from_others,他人还款,Repayment from Others,negative_expense,Three days ago game AA each person 25,-25,CNY,Game AA,rel:-2,2026-08-29,2026-08-31
repay_from_others-en-026,en,repay_from_others,他人还款,Repayment from Others,negative_expense,Last week friend repaid loan full 300 yuan,-300,CNY,Loan cleared,rel:-2,2026-08-29,2026-08-31
repay_from_others-en-027,en,repay_from_others,他人还款,Repayment from Others,negative_expense,Tomorrow expected roommate internet split 40,-40,CNY,Internet split,rel:-3,2026-08-28,2026-08-31
repay_from_others-en-028,en,repay_from_others,他人还款,Repayment from Others,negative_expense,Today and tomorrow two AA transfers total 55 yuan,-55,CNY,Multi AA back,rel:-3,2026-08-28,2026-08-31
repay_from_others-en-029,en,repay_from_others,他人还款,Repayment from Others,negative_expense,These three days gradual advance repayments total 120,-120,CNY,Advance recovery,rel:1,2026-09-01,2026-08-31
repay_from_others-en-030,en,repay_from_others,他人还款,Repayment from Others,negative_expense,Last week daily carpool colleagues each sent 8 yuan,-8,CNY,Carpool AA,rel:1,2026-09-01,2026-08-31
repay_from_others-en-031,en,repay_from_others,他人还款,Repayment from Others,negative_expense,This Wednesday badminton AA sent 20,-20,CNY,Badminton AA,"rel:0,1",2026-08-31|2026-09-01,2026-08-31
repay_from_others-en-032,en,repay_from_others,他人还款,Repayment from Others,negative_expense,Last Friday KTV AA someone sent 90 yuan,-90,CNY,KTV AA,span:0:2,2026-08-31|2026-09-01|2026-09-02,2026-08-31
repay_from_others-en-033,en,repay_from_others,他人还款,Repayment from Others,negative_expense,Aug 20 relative repaid gift money 200,-200,CNY,Gift repaid,week:-1,2026-08-24|2026-08-25|2026-08-26|2026-08-27|2026-08-28|2026-08-29|2026-08-30,2026-08-31
repay_from_others-en-034,en,repay_from_others,他人还款,Repayment from Others,negative_expense,Aug 15 partner dividend advance returned 5000 yuan,-5000,CNY,Dividend advance,weekday:3,2026-09-02,2026-08-31
repay_from_others-en-035,en,repay_from_others,他人还款,Repayment from Others,negative_expense,Alipay friend transfer repaid 12.8 yuan,-12.8,CNY,Friend transfer,weekday:-1:5,2026-08-28,2026-08-31
repay_from_others-en-036,en,repay_from_others,他人还款,Repayment from Others,negative_expense,WeChat transfer roommate cleaning fee 35,-35,CNY,Cleaning fee,ymd:2026-08-20,2026-08-20,2026-08-31
repay_from_others-en-037,en,repay_from_others,他人还款,Repayment from Others,negative_expense,Xianyu buyer confirmed balance 420 yuan,-420,CNY,Balance received,ymd:2026-08-15,2026-08-15,2026-08-31
repay_from_others-en-038,en,repay_from_others,他人还款,Repayment from Others,negative_expense,Second-hand group meetup buyer paid 80,-80,CNY,Meetup payment,anchor,2026-08-31,2026-08-31
repay_from_others-en-039,en,repay_from_others,他人还款,Repayment from Others,negative_expense,Carpool group admin forwarded 18 yuan,-18,CNY,Admin collect,anchor,2026-08-31,2026-08-31
repay_from_others-en-040,en,repay_from_others,他人还款,Repayment from Others,negative_expense,Murder mystery game AA per person 68,-68,CNY,Script game AA,anchor,2026-08-31,2026-08-31
repay_from_others-en-041,en,repay_from_others,他人还款,Repayment from Others,negative_expense,Ski instructor fee three-way split 150 yuan,-150,CNY,Instructor split,anchor,2026-08-31,2026-08-31
repay_from_others-en-042,en,repay_from_others,他人还款,Repayment from Others,negative_expense,Concert ticket proxy classmate repaid 280,-280,CNY,Ticket proxy,anchor,2026-08-31,2026-08-31
repay_from_others-en-043,en,repay_from_others,他人还款,Repayment from Others,negative_expense,Tour fee friend sent my advance 1200 yuan,-1200,CNY,Tour advance,anchor,2026-08-31,2026-08-31
repay_from_others-en-044,en,repay_from_others,他人还款,Repayment from Others,negative_expense,HK colleague FPS meal money 55 HKD,-55,HKD,FPS repaid,anchor,2026-08-31,2026-08-31
repay_from_others-en-045,en,repay_from_others,他人还款,Repayment from Others,negative_expense,Stock group buddy Zelle'd 20 dollars,-20,USD,Zelle back,anchor,2026-08-31,2026-08-31
repay_from_others-en-046,en,repay_from_others,他人还款,Repayment from Others,negative_expense,Poker winnings friend WeChat'd 100,-100,CNY,Poker transfer,anchor,2026-08-31,2026-08-31
repay_from_others-en-047,en,repay_from_others,他人还款,Repayment from Others,negative_expense,Shared appliance purchase split 230 each,-230,CNY,Appliance split,anchor,2026-08-31,2026-08-31
repay_from_others-en-048,en,repay_from_others,他人还款,Repayment from Others,negative_expense,Grad trip advance teammate repaid 360,-360,CNY,Trip advance,anchor,2026-08-31,2026-08-31
repay_from_others-en-049,en,repay_from_others,他人还款,Repayment from Others,negative_expense,Former colleague repaid farewell dinner proxy 48 yuan,-48,CNY,Dinner proxy,anchor,2026-08-31,2026-08-31
repay_from_others-en-050,en,repay_from_others,他人还款,Repayment from Others,negative_expense,Community group buy price diff returned 6,-6,CNY,Group buy diff,anchor,2026-08-31,2026-08-31
