id,lang,category_id,category_zh,category_en,kind,text,amount,currency,note,date_spec,dates,anchor_date
food_dining-zh-001,zh,food_dining,餐饮美食,Food and Dining,expense,今早买包子豆浆当早餐花了8元,8,CNY,早餐,rel:0,2026-08-31,2026-08-31
food_dining-en-001,en,food_dining,餐饮美食,Food and Dining,expense,"Grabbed buns and soy milk for breakfast this morning, 8 yuan",8,CNY,Breakfast,rel:0,2026-08-31,2026-08-31
food_dining-zh-002,zh,food_dining,餐饮美食,Food and Dining,expense,昨天中午点黄焖鸡米饭外卖花了28块,28,CNY,外卖午餐,rel:-1,2026-08-30,2026-08-31
food_dining-en-002,en,food_dining,餐饮美食,Food and Dining,expense,"Ordered braised chicken rice takeout for lunch yesterday, 28 bucks",28,CNY,Takeout lunch,rel:-1,2026-08-30,2026-08-31
food_dining-zh-003,zh,food_dining,餐饮美食,Food and Dining,expense,晚上和朋友吃火锅AA付了180HKD,180,HKD,聚餐AA,anchor,2026-08-31,2026-08-31
food_dining-en-003,en,food_dining,餐饮美食,Food and Dining,expense,"Split hot pot with friends, my share was 180 HKD",180,HKD,Group dinner split,anchor,2026-08-31,2026-08-31
food_dining-zh-004,zh,food_dining,餐饮美食,Food and Dining,expense,下午摸鱼买了杯珍珠奶茶花了22元,22,CNY,奶茶,anchor,2026-08-31,2026-08-31
food_dining-en-004,en,food_dining,餐饮美食,Food and Dining,expense,"Bought bubble tea this afternoon, 22 yuan",22,CNY,Milk tea,anchor,2026-08-31,2026-08-31
food_dining-zh-005,zh,food_dining,餐饮美食,Food and Dining,expense,这一周每天公司楼下买冰美式花了30HKD,30,HKD,咖啡,week:0,2026-08-31|2026-09-01|2026-09-02|2026-09-03|2026-09-04|2026-09-05|2026-09-06,2026-08-31
food_dining-en-005,en,food_dining,餐饮美食,Food and Dining,expense,"Iced Americano downstairs every day this week, 30 HKD",30,HKD,Coffee,week:0,2026-08-31|2026-09-01|2026-09-02|2026-09-03|2026-09-04|2026-09-05|2026-09-06,2026-08-31
food_dining-zh-006,zh,food_dining,餐饮美食,Food and Dining,expense,周末去茶餐厅吃早茶花了128块,128,CNY,早茶,weekday:6,2026-09-05,2026-08-31
food_dining-en-006,en,food_dining,餐饮美食,Food and Dining,expense,"Dim sum at a cha chaan teng this Saturday, 128 bucks",128,CNY,Dim sum,weekday:6,2026-09-05,2026-08-31
food_dining-zh-007,zh,food_dining,餐饮美食,Food and Dining,expense,食堂窗口再打一份红烧肉花了12元,12,CNY,食堂加菜,anchor,2026-08-31,2026-08-31
food_dining-en-007,en,food_dining,餐饮美食,Food and Dining,expense,"Extra braised pork at the cafeteria, 12 yuan",12,CNY,Cafeteria extra,anchor,2026-08-31,2026-08-31
food_dining-zh-008,zh,food_dining,餐饮美食,Food and Dining,expense,夜宵吃烧烤喝啤酒花了150块钱,150,CNY,夜宵,anchor,2026-08-31,2026-08-31
food_dining-en-008,en,food_dining,餐饮美食,Food and Dining,expense,"Late-night BBQ and beer, 150 yuan",150,CNY,Late-night snack,anchor,2026-08-31,2026-08-31
food_dining-zh-009,zh,food_dining,餐饮美食,Food and Dining,expense,买了杯星巴克拿铁花了38HKD,38,HKD,咖啡,anchor,2026-08-31,2026-08-31
food_dining-en-009,en,food_dining,餐饮美食,Food and Dining,expense,"Starbucks latte, 38 HKD",38,HKD,Coffee,anchor,2026-08-31,2026-08-31
food_dining-zh-010,zh,food_dining,餐饮美食,Food and Dining,expense,今天明天食堂午饭都刷15元,15,CNY,食堂,"rel:0,1",2026-08-31|2026-09-01,2026-08-31
food_dining-en-010,en,food_dining,餐饮美食,Food and Dining,expense,"Cafeteria lunch today and tomorrow, 15 yuan each",15,CNY,Cafeteria,"rel:0,1",2026-08-31|2026-09-01,2026-08-31
food_dining-zh-011,zh,food_dining,餐饮美食,Food and Dining,expense,水果店买了一斤草莓花了35块,35,CNY,水果,anchor,2026-08-31,2026-08-31
food_dining-en-011,en,food_dining,餐饮美食,Food and Dining,expense,"Bought a pound of strawberries, 35 bucks",35,CNY,Fruit,anchor,2026-08-31,2026-08-31
food_dining-zh-012,zh,food_dining,餐饮美食,Food and Dining,expense,面包店买吐司和可颂花了42元,42,CNY,面包,anchor,2026-08-31,2026-08-31
food_dining-en-012,en,food_dining,餐饮美食,Food and Dining,expense,"Toast and croissants at the bakery, 42 yuan",42,CNY,Bread,anchor,2026-08-31,2026-08-31
food_dining-zh-013,zh,food_dining,餐饮美食,Food and Dining,expense,麦当劳吃板烧鸡腿堡套餐花了36块,36,CNY,快餐,anchor,2026-08-31,2026-08-31
food_dining-en-013,en,food_dining,餐饮美食,Food and Dining,expense,"McDonald's grilled chicken combo, 36 bucks",36,CNY,Fast food,anchor,2026-08-31,2026-08-31
food_dining-zh-014,zh,food_dining,餐饮美食,Food and Dining,expense,寿司店吃三文鱼刺身饭花了78HKD,78,HKD,日料,anchor,2026-08-31,2026-08-31
food_dining-en-014,en,food_dining,餐饮美食,Food and Dining,expense,"Salmon don at the sushi place, 78 HKD",78,HKD,Japanese food,anchor,2026-08-31,2026-08-31
food_dining-zh-015,zh,food_dining,餐饮美食,Food and Dining,expense,蜜雪冰城买柠檬水花了6元,6,CNY,饮品,anchor,2026-08-31,2026-08-31
food_dining-en-015,en,food_dining,餐饮美食,Food and Dining,expense,"Lemonade at Mixue, 6 yuan",6,CNY,Drinks,anchor,2026-08-31,2026-08-31
food_dining-zh-016,zh,food_dining,餐饮美食,Food and Dining,expense,昨晚自己煮面加煎蛋花了9块,9,CNY,自己做饭,anchor,2026-08-31,2026-08-31
food_dining-en-016,en,food_dining,餐饮美食,Food and Dining,expense,"Cooked noodles with fried egg last night, 9 bucks",9,CNY,Home cooking,anchor,2026-08-31,2026-08-31
food_dining-zh-017,zh,food_dining,餐饮美食,Food and Dining,expense,深夜点了份黄焖鸡米饭花了26元,26,CNY,夜宵外卖,anchor,2026-08-31,2026-08-31
food_dining-en-017,en,food_dining,餐饮美食,Food and Dining,expense,"Late-night braised chicken rice delivery, 26 yuan",26,CNY,Late-night takeout,anchor,2026-08-31,2026-08-31
food_dining-zh-018,zh,food_dining,餐饮美食,Food and Dining,expense,瑞幸买生椰拿铁花了19块,19,CNY,咖啡,anchor,2026-08-31,2026-08-31
food_dining-en-018,en,food_dining,餐饮美食,Food and Dining,expense,"Luckin coconut latte, 19 bucks",19,CNY,Coffee,anchor,2026-08-31,2026-08-31
food_dining-zh-019,zh,food_dining,餐饮美食,Food and Dining,expense,今天到后天兰州拉面馆牛肉面加蛋都花22元,22,CNY,面食,span:0:2,2026-08-31|2026-09-01|2026-09-02,2026-08-31
food_dining-en-019,en,food_dining,餐饮美食,Food and Dining,expense,"Beef noodle with egg today through day after tomorrow, 22 yuan",22,CNY,Noodles,span:0:2,2026-08-31|2026-09-01|2026-09-02,2026-08-31
food_dining-zh-020,zh,food_dining,餐饮美食,Food and Dining,expense,东北饺子馆吃晚餐花了45块,45,CNY,饺子,anchor,2026-08-31,2026-08-31
food_dining-en-020,en,food_dining,餐饮美食,Food and Dining,expense,"Dinner at the dumpling house, 45 bucks",45,CNY,Dumplings,anchor,2026-08-31,2026-08-31
food_dining-zh-021,zh,food_dining,餐饮美食,Food and Dining,expense,港式茶餐厅下午茶冻柠茶加菠萝油花了58HKD,58,HKD,下午茶,anchor,2026-08-31,2026-08-31
food_dining-en-021,en,food_dining,餐饮美食,Food and Dining,expense,"Afternoon tea: iced lemon tea and pineapple bun, 58 HKD",58,HKD,Afternoon tea,anchor,2026-08-31,2026-08-31
food_dining-zh-022,zh,food_dining,餐饮美食,Food and Dining,expense,冰淇淋店买两个甜筒花了16元,16,CNY,甜品,anchor,2026-08-31,2026-08-31
food_dining-en-022,en,food_dining,餐饮美食,Food and Dining,expense,"Two ice cream cones, 16 yuan",16,CNY,Dessert,anchor,2026-08-31,2026-08-31
food_dining-zh-023,zh,food_dining,餐饮美食,Food and Dining,expense,绝味鸭脖买鸭货花了32块,32,CNY,卤味,anchor,2026-08-31,2026-08-31
food_dining-en-023,en,food_dining,餐饮美食,Food and Dining,expense,"Duck snacks from Juewei, 32 bucks",32,CNY,Braised snacks,anchor,2026-08-31,2026-08-31
food_dining-zh-024,zh,food_dining,餐饮美食,Food and Dining,expense,水果店买切果盒花了28元,28,CNY,水果,anchor,2026-08-31,2026-08-31
food_dining-en-024,en,food_dining,餐饮美食,Food and Dining,expense,"Pre-cut fruit box, 28 yuan",28,CNY,Fruit,anchor,2026-08-31,2026-08-31
food_dining-zh-025,zh,food_dining,餐饮美食,Food and Dining,expense,公司楼下买便当盒饭花了25块,25,CNY,盒饭,anchor,2026-08-31,2026-08-31
food_dining-en-025,en,food_dining,餐饮美食,Food and Dining,expense,"Bento box downstairs, 25 bucks",25,CNY,Bento,anchor,2026-08-31,2026-08-31
food_dining-zh-026,zh,food_dining,餐饮美食,Food and Dining,expense,本周三外卖点了份意式披萨花了68元,68,CNY,披萨,weekday:3,2026-09-02,2026-08-31
food_dining-en-026,en,food_dining,餐饮美食,Food and Dining,expense,"Ordered pizza takeout this Wednesday, 68 yuan",68,CNY,Pizza,weekday:3,2026-09-02,2026-08-31
food_dining-zh-027,zh,food_dining,餐饮美食,Food and Dining,expense,半夜饿了点串串香夜宵花了55块,55,CNY,夜宵,anchor,2026-08-31,2026-08-31
food_dining-en-027,en,food_dining,餐饮美食,Food and Dining,expense,"Late-night skewers delivery, 55 bucks",55,CNY,Late-night snack,anchor,2026-08-31,2026-08-31
food_dining-zh-028,zh,food_dining,餐饮美食,Food and Dining,expense,粤式早茶点虾饺烧卖花了138元,138,CNY,早茶,anchor,2026-08-31,2026-08-31
food_dining-en-028,en,food_dining,餐饮美食,Food and Dining,expense,"Shrimp dumplings and siu mai at yum cha, 138 yuan",138,CNY,Dim sum,anchor,2026-08-31,2026-08-31
food_dining-zh-029,zh,food_dining,餐饮美食,Food and Dining,expense,同事聚餐吃日式定食花了72块,72,CNY,定食,anchor,2026-08-31,2026-08-31
food_dining-en-029,en,food_dining,餐饮美食,Food and Dining,expense,"Japanese set meal with coworkers, 72 bucks",72,CNY,Set meal,anchor,2026-08-31,2026-08-31
food_dining-zh-030,zh,food_dining,餐饮美食,Food and Dining,expense,好利来买半熟芝士蛋糕花了49元,49,CNY,甜品,anchor,2026-08-31,2026-08-31
food_dining-en-030,en,food_dining,餐饮美食,Food and Dining,expense,"Half-baked cheesecake from Holiland, 49 yuan",49,CNY,Dessert,anchor,2026-08-31,2026-08-31
food_dining-zh-031,zh,food_dining,餐饮美食,Food and Dining,expense,肯德基买全家桶花了99块,99,CNY,快餐,anchor,2026-08-31,2026-08-31
food_dining-en-031,en,food_dining,餐饮美食,Food and Dining,expense,"KFC family bucket, 99 bucks",99,CNY,Fast food,anchor,2026-08-31,2026-08-31
food_dining-zh-032,zh,food_dining,餐饮美食,Food and Dining,expense,8月20日居酒屋吃日料小酌花了280HKD,280,HKD,日料,ymd:2026-08-20,2026-08-20,2026-08-31
food_dining-en-032,en,food_dining,餐饮美食,Food and Dining,expense,"Izakaya dinner on Aug 20, 280 HKD",280,HKD,Japanese food,ymd:2026-08-20,2026-08-20,2026-08-31
food_dining-zh-033,zh,food_dining,餐饮美食,Food and Dining,expense,丘大叔买鸭屎香柠檬茶花了18元,18,CNY,饮品,anchor,2026-08-31,2026-08-31
food_dining-en-033,en,food_dining,餐饮美食,Food and Dining,expense,"Duck-shit fragrance lemon tea, 18 yuan",18,CNY,Drinks,anchor,2026-08-31,2026-08-31
food_dining-zh-034,zh,food_dining,餐饮美食,Food and Dining,expense,上周每天早餐店肠粉加粥花了12块,12,CNY,早餐,week:-1,2026-08-24|2026-08-25|2026-08-26|2026-08-27|2026-08-28|2026-08-29|2026-08-30,2026-08-31
food_dining-en-034,en,food_dining,餐饮美食,Food and Dining,expense,"Rice rolls and congee for breakfast every day last week, 12 bucks",12,CNY,Breakfast,week:-1,2026-08-24|2026-08-25|2026-08-26|2026-08-27|2026-08-28|2026-08-29|2026-08-30,2026-08-31
food_dining-zh-035,zh,food_dining,餐饮美食,Food and Dining,expense,正宗兰州拉面吃大碗面花了20元,20,CNY,面食,anchor,2026-08-31,2026-08-31
food_dining-en-035,en,food_dining,餐饮美食,Food and Dining,expense,"Big bowl of Lanzhou noodles, 20 yuan",20,CNY,Noodles,anchor,2026-08-31,2026-08-31
food_dining-zh-036,zh,food_dining,餐饮美食,Food and Dining,expense,杨国福吃麻辣烫午餐花了35块,35,CNY,麻辣烫,anchor,2026-08-31,2026-08-31
food_dining-en-036,en,food_dining,餐饮美食,Food and Dining,expense,"Lunch at Yang Guofu malatang, 35 bucks",35,CNY,Malatang,anchor,2026-08-31,2026-08-31
food_dining-zh-037,zh,food_dining,餐饮美食,Food and Dining,expense,韩式烤肉店聚餐人均花了160元,160,CNY,聚餐,anchor,2026-08-31,2026-08-31
food_dining-en-037,en,food_dining,餐饮美食,Food and Dining,expense,"Korean BBQ group dinner, my share 160 yuan",160,CNY,Group dinner,anchor,2026-08-31,2026-08-31
food_dining-zh-038,zh,food_dining,餐饮美食,Food and Dining,expense,夏天买半个西瓜花了28块,28,CNY,水果,anchor,2026-08-31,2026-08-31
food_dining-en-038,en,food_dining,餐饮美食,Food and Dining,expense,"Half a watermelon in summer, 28 bucks",28,CNY,Fruit,anchor,2026-08-31,2026-08-31
food_dining-zh-039,zh,food_dining,餐饮美食,Food and Dining,expense,便利店买关东煮花了18元,18,CNY,便利店,anchor,2026-08-31,2026-08-31
food_dining-en-039,en,food_dining,餐饮美食,Food and Dining,expense,"Oden at the convenience store, 18 yuan",18,CNY,Convenience store,anchor,2026-08-31,2026-08-31
food_dining-zh-040,zh,food_dining,餐饮美食,Food and Dining,expense,咖啡店买燕麦拿铁花了32块,32,CNY,咖啡,anchor,2026-08-31,2026-08-31
food_dining-en-040,en,food_dining,餐饮美食,Food and Dining,expense,"Oat milk latte at the cafe, 32 bucks",32,CNY,Coffee,anchor,2026-08-31,2026-08-31
food_dining-zh-041,zh,food_dining,餐饮美食,Food and Dining,expense,粥铺点皮蛋瘦肉粥加油条花了15元,15,CNY,早餐,anchor,2026-08-31,2026-08-31
food_dining-en-041,en,food_dining,餐饮美食,Food and Dining,expense,"Pork congee and fried dough sticks, 15 yuan",15,CNY,Breakfast,anchor,2026-08-31,2026-08-31
food_dining-zh-042,zh,food_dining,餐饮美食,Food and Dining,expense,汉堡王吃皇堡套餐花了41块,41,CNY,快餐,anchor,2026-08-31,2026-08-31
food_dining-en-042,en,food_dining,餐饮美食,Food and Dining,expense,"Burger King Whopper combo, 41 bucks",41,CNY,Fast food,anchor,2026-08-31,2026-08-31
food_dining-zh-043,zh,food_dining,餐饮美食,Food and Dining,expense,泰式餐厅吃冬阴功汤饭花了68元,68,CNY,泰餐,anchor,2026-08-31,2026-08-31
food_dining-en-043,en,food_dining,餐饮美食,Food and Dining,expense,"Tom yum rice at the Thai restaurant, 68 yuan",68,CNY,Thai food,anchor,2026-08-31,2026-08-31
food_dining-zh-044,zh,food_dining,餐饮美食,Food and Dining,expense,甜品店买双皮奶和姜撞奶花了30块,30,CNY,甜品,anchor,2026-08-31,2026-08-31
food_dining-en-044,en,food_dining,餐饮美食,Food and Dining,expense,"Double-skin milk and ginger milk pudding, 30 bucks",30,CNY,Dessert,anchor,2026-08-31,2026-08-31
food_dining-zh-045,zh,food_dining,餐饮美食,Food and Dining,expense,下午茶点了蛋糕卷花了18元,18,CNY,下午茶,anchor,2026-08-31,2026-08-31
food_dining-en-045,en,food_dining,餐饮美食,Food and Dining,expense,"Ordered a cake roll for afternoon tea, 18 yuan",18,CNY,Afternoon tea,anchor,2026-08-31,2026-08-31
food_dining-zh-046,zh,food_dining,餐饮美食,Food and Dining,expense,外卖点麻辣小龙虾花了188块,188,CNY,小龙虾,anchor,2026-08-31,2026-08-31
food_dining-en-046,en,food_dining,餐饮美食,Food and Dining,expense,"Spicy crayfish takeout, 188 bucks",188,CNY,Crayfish,anchor,2026-08-31,2026-08-31
food_dining-zh-047,zh,food_dining,餐饮美食,Food and Dining,expense,茶餐厅冻柠茶走冰花了24HKD,24,HKD,饮品,anchor,2026-08-31,2026-08-31
food_dining-en-047,en,food_dining,餐饮美食,Food and Dining,expense,"Iced lemon tea, no ice, 24 HKD",24,HKD,Drinks,anchor,2026-08-31,2026-08-31
food_dining-zh-048,zh,food_dining,餐饮美食,Food and Dining,expense,大前天包子铺买一笼小笼包花了16元,16,CNY,早餐,rel:-3,2026-08-28,2026-08-31
food_dining-en-048,en,food_dining,餐饮美食,Food and Dining,expense,"Steamed buns at the shop three days ago, 16 yuan",16,CNY,Breakfast,rel:-3,2026-08-28,2026-08-31
food_dining-zh-049,zh,food_dining,餐饮美食,Food and Dining,expense,西餐厅吃牛排套餐花了268块,268,CNY,西餐,anchor,2026-08-31,2026-08-31
food_dining-en-049,en,food_dining,餐饮美食,Food and Dining,expense,"Steak set at the Western restaurant, 268 bucks",268,CNY,Western food,anchor,2026-08-31,2026-08-31
food_dining-zh-050,zh,food_dining,餐饮美食,Food and Dining,expense,自助餐厅吃午餐花了128元,128,CNY,自助餐,anchor,2026-08-31,2026-08-31
food_dining-en-050,en,food_dining,餐饮美食,Food and Dining,expense,"Lunch buffet, 128 yuan",128,CNY,Buffet,anchor,2026-08-31,2026-08-31
transport-zh-001,zh,transport,交通出行,Transport,expense,今天坐地铁上下班花了8HKD,8,HKD,地铁,rel:0,2026-08-31,2026-08-31
transport-en-001,en,transport,交通出行,Transport,expense,"Subway commute today, 8 HKD",8,HKD,Subway,rel:0,2026-08-31,2026-08-31
transport-zh-002,zh,transport,交通出行,Transport,expense,昨天打车去公司付了45块钱,45,CNY,打车,rel:-1,2026-08-30,2026-08-31
transport-en-002,en,transport,交通出行,Transport,expense,"Taxi to work yesterday, 45 bucks",45,CNY,Taxi,rel:-1,2026-08-30,2026-08-31
transport-zh-003,zh,transport,交通出行,Transport,expense,给车加92号油花了300元,300,CNY,加油,anchor,2026-08-31,2026-08-31
transport-en-003,en,transport,交通出行,Transport,expense,"Filled up with 92-octane gas, 300 yuan",300,CNY,Gas,anchor,2026-08-31,2026-08-31
transport-zh-004,zh,transport,交通出行,Transport,expense,公交卡充值100元,100,CNY,公交卡,anchor,2026-08-31,2026-08-31
transport-en-004,en,transport,交通出行,Transport,expense,"Transit card top-up, 100 yuan",100,CNY,Transit card,anchor,2026-08-31,2026-08-31
transport-zh-005,zh,transport,交通出行,Transport,expense,打滴滴去商圈花了38块,38,CNY,网约车,anchor,2026-08-31,2026-08-31
transport-en-005,en,transport,交通出行,Transport,expense,"Didi ride to the mall, 38 bucks",38,CNY,Ride-hail,anchor,2026-08-31,2026-08-31
transport-zh-006,zh,transport,交通出行,Transport,expense,买高铁二等座票花了550元,550,CNY,高铁,anchor,2026-08-31,2026-08-31
transport-en-006,en,transport,交通出行,Transport,expense,"Second-class high-speed rail ticket, 550 yuan",550,CNY,High-speed rail,anchor,2026-08-31,2026-08-31
transport-zh-007,zh,transport,交通出行,Transport,expense,小区停车场交停车费20HKD,20,HKD,停车,anchor,2026-08-31,2026-08-31
transport-en-007,en,transport,交通出行,Transport,expense,"Parking fee at the complex, 20 HKD",20,HKD,Parking,anchor,2026-08-31,2026-08-31
transport-zh-008,zh,transport,交通出行,Transport,expense,这一周每天骑共享单车通勤花了3块钱,3,CNY,共享单车,week:0,2026-08-31|2026-09-01|2026-09-02|2026-09-03|2026-09-04|2026-09-05|2026-09-06,2026-08-31
transport-en-008,en,transport,交通出行,Transport,expense,"Shared bike commute every day this week, 3 bucks",3,CNY,Shared bike,week:0,2026-08-31|2026-09-01|2026-09-02|2026-09-03|2026-09-04|2026-09-05|2026-09-06,2026-08-31
transport-zh-009,zh,transport,交通出行,Transport,expense,机场大巴车票花了25元,25,CNY,机场大巴,anchor,2026-08-31,2026-08-31
transport-en-009,en,transport,交通出行,Transport,expense,"Airport shuttle bus ticket, 25 yuan",25,CNY,Airport bus,anchor,2026-08-31,2026-08-31
transport-zh-010,zh,transport,交通出行,Transport,expense,高速过路费花了120块,120,CNY,过路费,anchor,2026-08-31,2026-08-31
transport-en-010,en,transport,交通出行,Transport,expense,"Highway tolls, 120 bucks",120,CNY,Tolls,anchor,2026-08-31,2026-08-31
transport-zh-011,zh,transport,交通出行,Transport,expense,今天明天坐公交去市区都花2元,2,CNY,公交,"rel:0,1",2026-08-31|2026-09-01,2026-08-31
transport-en-011,en,transport,交通出行,Transport,expense,"Bus to downtown today and tomorrow, 2 yuan each",2,CNY,Bus,"rel:0,1",2026-08-31|2026-09-01,2026-08-31
transport-zh-012,zh,transport,交通出行,Transport,expense,网约车去机场花了120块,120,CNY,网约车,anchor,2026-08-31,2026-08-31
transport-en-012,en,transport,交通出行,Transport,expense,"Ride-hail to the airport, 120 bucks",120,CNY,Ride-hail,anchor,2026-08-31,2026-08-31
transport-zh-013,zh,transport,交通出行,Transport,expense,电动车充电花了15元,15,CNY,充电,anchor,2026-08-31,2026-08-31
transport-en-013,en,transport,交通出行,Transport,expense,"EV charging, 15 yuan",15,CNY,Charging,anchor,2026-08-31,2026-08-31
transport-zh-014,zh,transport,交通出行,Transport,expense,买动车票花了180块,180,CNY,动车,anchor,2026-08-31,2026-08-31
transport-en-014,en,transport,交通出行,Transport,expense,"Bullet train ticket, 180 bucks",180,CNY,Bullet train,anchor,2026-08-31,2026-08-31
transport-zh-015,zh,transport,交通出行,Transport,expense,出租车打表花了56元,56,CNY,出租车,anchor,2026-08-31,2026-08-31
transport-en-015,en,transport,交通出行,Transport,expense,"Taxi meter fare, 56 yuan",56,CNY,Taxi,anchor,2026-08-31,2026-08-31
transport-zh-016,zh,transport,交通出行,Transport,expense,摩托车加油花了80块,80,CNY,加油,anchor,2026-08-31,2026-08-31
transport-en-016,en,transport,交通出行,Transport,expense,"Motorcycle gas, 80 bucks",80,CNY,Gas,anchor,2026-08-31,2026-08-31
transport-zh-017,zh,transport,交通出行,Transport,expense,坐轮渡去对岸花了15HKD,15,HKD,轮渡,anchor,2026-08-31,2026-08-31
transport-en-017,en,transport,交通出行,Transport,expense,"Ferry across the harbor, 15 HKD",15,HKD,Ferry,anchor,2026-08-31,2026-08-31
transport-zh-018,zh,transport,交通出行,Transport,expense,代驾回家花了80元,80,CNY,代驾,anchor,2026-08-31,2026-08-31
transport-en-018,en,transport,交通出行,Transport,expense,"Designated driver home, 80 yuan",80,CNY,Designated driver,anchor,2026-08-31,2026-08-31
transport-zh-019,zh,transport,交通出行,Transport,expense,租车一天花了300块,300,CNY,租车,anchor,2026-08-31,2026-08-31
transport-en-019,en,transport,交通出行,Transport,expense,"Car rental for a day, 300 bucks",300,CNY,Car rental,anchor,2026-08-31,2026-08-31
transport-zh-020,zh,transport,交通出行,Transport,expense,地铁月卡充值200元,200,CNY,地铁卡,anchor,2026-08-31,2026-08-31
transport-en-020,en,transport,交通出行,Transport,expense,"Monthly subway pass top-up, 200 yuan",200,CNY,Subway card,anchor,2026-08-31,2026-08-31
transport-zh-021,zh,transport,交通出行,Transport,expense,顺风车去邻市花了120块,120,CNY,顺风车,anchor,2026-08-31,2026-08-31
transport-en-021,en,transport,交通出行,Transport,expense,"Carpool to the next city, 120 bucks",120,CNY,Carpool,anchor,2026-08-31,2026-08-31
transport-zh-022,zh,transport,交通出行,Transport,expense,买飞机票经济舱花了1200元,1200,CNY,机票,anchor,2026-08-31,2026-08-31
transport-en-022,en,transport,交通出行,Transport,expense,"Economy flight ticket, 1200 yuan",1200,CNY,Flight,anchor,2026-08-31,2026-08-31
transport-zh-023,zh,transport,交通出行,Transport,expense,停车场包月费300元,300,CNY,停车月费,anchor,2026-08-31,2026-08-31
transport-en-023,en,transport,交通出行,Transport,expense,"Monthly parking pass, 300 yuan",300,CNY,Monthly parking,anchor,2026-08-31,2026-08-31
transport-zh-024,zh,transport,交通出行,Transport,expense,坐大巴回老家花了150块,150,CNY,大巴,anchor,2026-08-31,2026-08-31
transport-en-024,en,transport,交通出行,Transport,expense,"Coach bus back home, 150 bucks",150,CNY,Coach bus,anchor,2026-08-31,2026-08-31
transport-zh-025,zh,transport,交通出行,Transport,expense,今天到后天骑共享电动车都花5元,5,CNY,共享电动车,span:0:2,2026-08-31|2026-09-01|2026-09-02,2026-08-31
transport-en-025,en,transport,交通出行,Transport,expense,"Shared e-bike today through day after tomorrow, 5 yuan",5,CNY,Shared e-bike,span:0:2,2026-08-31|2026-09-01|2026-09-02,2026-08-31
transport-zh-026,zh,transport,交通出行,Transport,expense,本周五滴滴打快车花了28块,28,CNY,网约车,weekday:5,2026-09-04,2026-08-31
transport-en-026,en,transport,交通出行,Transport,expense,"Didi express this Friday, 28 bucks",28,CNY,Ride-hail,weekday:5,2026-09-04,2026-08-31
transport-zh-027,zh,transport,交通出行,Transport,expense,给车做保养花了500元,500,CNY,保养,anchor,2026-08-31,2026-08-31
transport-en-027,en,transport,交通出行,Transport,expense,"Car maintenance, 500 yuan",500,CNY,Maintenance,anchor,2026-08-31,2026-08-31
transport-zh-028,zh,transport,交通出行,Transport,expense,买船票去海岛玩花了180块,180,CNY,船票,anchor,2026-08-31,2026-08-31
transport-en-028,en,transport,交通出行,Transport,expense,"Ferry ticket to the island, 180 bucks",180,CNY,Ferry ticket,anchor,2026-08-31,2026-08-31
transport-zh-029,zh,transport,交通出行,Transport,expense,公交转地铁一共花了6元,6,CNY,公交换乘,anchor,2026-08-31,2026-08-31
transport-en-029,en,transport,交通出行,Transport,expense,"Bus plus subway transfer, 6 yuan",6,CNY,Bus transfer,anchor,2026-08-31,2026-08-31
transport-zh-030,zh,transport,交通出行,Transport,expense,8月15日打车去高铁站花了60块,60,CNY,打车,ymd:2026-08-15,2026-08-15,2026-08-31
transport-en-030,en,transport,交通出行,Transport,expense,"Taxi to the rail station on Aug 15, 60 bucks",60,CNY,Taxi,ymd:2026-08-15,2026-08-15,2026-08-31
transport-zh-031,zh,transport,交通出行,Transport,expense,ETC扣费85元,85,CNY,ETC,anchor,2026-08-31,2026-08-31
transport-en-031,en,transport,交通出行,Transport,expense,"ETC toll charge, 85 yuan",85,CNY,ETC,anchor,2026-08-31,2026-08-31
transport-zh-032,zh,transport,交通出行,Transport,expense,坐轻轨去郊区花了20块,20,CNY,轻轨,anchor,2026-08-31,2026-08-31
transport-en-032,en,transport,交通出行,Transport,expense,"Light rail to the suburbs, 20 bucks",20,CNY,Light rail,anchor,2026-08-31,2026-08-31
transport-zh-033,zh,transport,交通出行,Transport,expense,网约车拼车花了18元,18,CNY,拼车,anchor,2026-08-31,2026-08-31
transport-en-033,en,transport,交通出行,Transport,expense,"Pooled ride-hail, 18 yuan",18,CNY,Carpool,anchor,2026-08-31,2026-08-31
transport-zh-034,zh,transport,交通出行,Transport,expense,自行车补胎花了15块,15,CNY,修车,anchor,2026-08-31,2026-08-31
transport-en-034,en,transport,交通出行,Transport,expense,"Bike tire patch, 15 bucks",15,CNY,Bike repair,anchor,2026-08-31,2026-08-31
transport-zh-035,zh,transport,交通出行,Transport,expense,买火车票卧铺花了320元,320,CNY,火车票,anchor,2026-08-31,2026-08-31
transport-en-035,en,transport,交通出行,Transport,expense,"Sleeper train ticket, 320 yuan",320,CNY,Train ticket,anchor,2026-08-31,2026-08-31
transport-zh-036,zh,transport,交通出行,Transport,expense,小区停车费一天10元,10,CNY,停车,anchor,2026-08-31,2026-08-31
transport-en-036,en,transport,交通出行,Transport,expense,"Daily parking at the complex, 10 yuan",10,CNY,Parking,anchor,2026-08-31,2026-08-31
transport-zh-037,zh,transport,交通出行,Transport,expense,坐叮叮车花了3HKD,3,HKD,叮叮车,anchor,2026-08-31,2026-08-31
transport-en-037,en,transport,交通出行,Transport,expense,"Tram ride, 3 HKD",3,HKD,Tram,anchor,2026-08-31,2026-08-31
transport-zh-038,zh,transport,交通出行,Transport,expense,打车去医院花了35块,35,CNY,打车,anchor,2026-08-31,2026-08-31
transport-en-038,en,transport,交通出行,Transport,expense,"Taxi to the hospital, 35 bucks",35,CNY,Taxi,anchor,2026-08-31,2026-08-31
transport-zh-039,zh,transport,交通出行,Transport,expense,汽车年检花了280元,280,CNY,年检,anchor,2026-08-31,2026-08-31
transport-en-039,en,transport,交通出行,Transport,expense,"Annual vehicle inspection, 280 yuan",280,CNY,Inspection,anchor,2026-08-31,2026-08-31
transport-zh-040,zh,transport,交通出行,Transport,expense,坐长途客车花了220块,220,CNY,长途车,anchor,2026-08-31,2026-08-31
transport-en-040,en,transport,交通出行,Transport,expense,"Long-distance coach, 220 bucks",220,CNY,Long-distance bus,anchor,2026-08-31,2026-08-31
transport-zh-041,zh,transport,交通出行,Transport,expense,共享汽车用了两小时花了60元,60,CNY,共享汽车,anchor,2026-08-31,2026-08-31
transport-en-041,en,transport,交通出行,Transport,expense,"Shared car for two hours, 60 yuan",60,CNY,Shared car,anchor,2026-08-31,2026-08-31
transport-zh-042,zh,transport,交通出行,Transport,expense,上周每天地铁通勤刷了50元,50,CNY,地铁充值,week:-1,2026-08-24|2026-08-25|2026-08-26|2026-08-27|2026-08-28|2026-08-29|2026-08-30,2026-08-31
transport-en-042,en,transport,交通出行,Transport,expense,"Subway commute top-up every day last week, 50 yuan",50,CNY,Subway top-up,week:-1,2026-08-24|2026-08-25|2026-08-26|2026-08-27|2026-08-28|2026-08-29|2026-08-30,2026-08-31
transport-zh-043,zh,transport,交通出行,Transport,expense,打车去酒吧花了45块,45,CNY,打车,anchor,2026-08-31,2026-08-31
transport-en-043,en,transport,交通出行,Transport,expense,"Taxi to the bar, 45 bucks",45,CNY,Taxi,anchor,2026-08-31,2026-08-31
transport-zh-044,zh,transport,交通出行,Transport,expense,给车换轮胎花了800元,800,CNY,换轮胎,anchor,2026-08-31,2026-08-31
transport-en-044,en,transport,交通出行,Transport,expense,"New tires for the car, 800 yuan",800,CNY,New tires,anchor,2026-08-31,2026-08-31
transport-zh-045,zh,transport,交通出行,Transport,expense,坐港铁去尖沙咀花了22HKD,22,HKD,港铁,anchor,2026-08-31,2026-08-31
transport-en-045,en,transport,交通出行,Transport,expense,"MTR to Tsim Sha Tsui, 22 HKD",22,HKD,MTR,anchor,2026-08-31,2026-08-31
transport-zh-046,zh,transport,交通出行,Transport,expense,顺风车拼单花了25元,25,CNY,拼车,anchor,2026-08-31,2026-08-31
transport-en-046,en,transport,交通出行,Transport,expense,"Carpool ride, 25 yuan",25,CNY,Carpool,anchor,2026-08-31,2026-08-31
transport-zh-047,zh,transport,交通出行,Transport,expense,过收费站交了50块,50,CNY,过路费,anchor,2026-08-31,2026-08-31
transport-en-047,en,transport,交通出行,Transport,expense,"Toll booth payment, 50 bucks",50,CNY,Tolls,anchor,2026-08-31,2026-08-31
transport-zh-048,zh,transport,交通出行,Transport,expense,买机票燃油附加费150元,150,CNY,机票附加,anchor,2026-08-31,2026-08-31
transport-en-048,en,transport,交通出行,Transport,expense,"Flight fuel surcharge, 150 yuan",150,CNY,Flight surcharge,anchor,2026-08-31,2026-08-31
transport-zh-049,zh,transport,交通出行,Transport,expense,电动车上牌花了100块,100,CNY,上牌,anchor,2026-08-31,2026-08-31
transport-en-049,en,transport,交通出行,Transport,expense,"E-bike registration, 100 bucks",100,CNY,Registration,anchor,2026-08-31,2026-08-31
transport-zh-050,zh,transport,交通出行,Transport,expense,坐巴士去深圳湾花了45HKD,45,HKD,巴士,anchor,2026-08-31,2026-08-31
transport-en-050,en,transport,交通出行,Transport,expense,"Bus to Shenzhen Bay, 45 HKD",45,HKD,Bus,anchor,2026-08-31,2026-08-31
groceries-zh-001,zh,groceries,商超购物,Groceries,expense,昨天永辉超市买菜花了90元,90,CNY,超市买菜,rel:-1,2026-08-30,2026-08-31
groceries-en-001,en,groceries,商超购物,Groceries,expense,"Groceries at Yonghui yesterday, 90 yuan",90,CNY,Supermarket groceries,rel:-1,2026-08-30,2026-08-31
groceries-zh-002,zh,groceries,商超购物,Groceries,expense,便利店囤零食花了75块,75,CNY,囤零食,anchor,2026-08-31,2026-08-31
groceries-en-002,en,groceries,商超购物,Groceries,expense,"Stocked up on snacks at the convenience store, 75 bucks",75,CNY,Snack stock-up,anchor,2026-08-31,2026-08-31
groceries-zh-003,zh,groceries,商超购物,Groceries,expense,逛百货商场买东西花了500HKD,500,HKD,商场购物,anchor,2026-08-31,2026-08-31
groceries-en-003,en,groceries,商超购物,Groceries,expense,"Shopping at the department store, 500 HKD",500,HKD,Mall shopping,anchor,2026-08-31,2026-08-31
groceries-zh-004,zh,groceries,商超购物,Groceries,expense,进口超市买牛排花了220元,220,CNY,进口超市,anchor,2026-08-31,2026-08-31
groceries-en-004,en,groceries,商超购物,Groceries,expense,"Steaks at the import supermarket, 220 yuan",220,CNY,Import supermarket,anchor,2026-08-31,2026-08-31
groceries-zh-005,zh,groceries,商超购物,Groceries,expense,楼下超市买烟花了45块,45,CNY,买烟,anchor,2026-08-31,2026-08-31
groceries-en-005,en,groceries,商超购物,Groceries,expense,"Cigarettes at the downstairs market, 45 bucks",45,CNY,Cigarettes,anchor,2026-08-31,2026-08-31
groceries-zh-006,zh,groceries,商超购物,Groceries,expense,本周六山姆会员店囤货花了680元,680,CNY,会员店,weekday:6,2026-09-05,2026-08-31
groceries-en-006,en,groceries,商超购物,Groceries,expense,"Sam's Club stock-up this Saturday, 680 yuan",680,CNY,Warehouse club,weekday:6,2026-09-05,2026-08-31
groceries-zh-007,zh,groceries,商超购物,Groceries,expense,超市买洗衣液花了69块,69,CNY,日化,anchor,2026-08-31,2026-08-31
groceries-en-007,en,groceries,商超购物,Groceries,expense,"Laundry detergent at the supermarket, 69 bucks",69,CNY,Household goods,anchor,2026-08-31,2026-08-31
groceries-zh-008,zh,groceries,商超购物,Groceries,expense,8月18日海外超市买伴手礼花了120USD,120,USD,伴手礼,ymd:2026-08-18,2026-08-18,2026-08-31
groceries-en-008,en,groceries,商超购物,Groceries,expense,"Souvenirs abroad on Aug 18, 120 USD",120,USD,Souvenirs,ymd:2026-08-18,2026-08-18,2026-08-31
groceries-zh-009,zh,groceries,商超购物,Groceries,expense,菜市场买食材花了150块,150,CNY,菜市场,anchor,2026-08-31,2026-08-31
groceries-en-009,en,groceries,商超购物,Groceries,expense,"Ingredients at the wet market, 150 bucks",150,CNY,Wet market,anchor,2026-08-31,2026-08-31
groceries-zh-010,zh,groceries,商超购物,Groceries,expense,沃尔玛买日用品花了180元,180,CNY,日用品,anchor,2026-08-31,2026-08-31
groceries-en-010,en,groceries,商超购物,Groceries,expense,"Daily necessities at Walmart, 180 yuan",180,CNY,Daily necessities,anchor,2026-08-31,2026-08-31
groceries-zh-011,zh,groceries,商超购物,Groceries,expense,这一周每天711买水和纸巾花了12HKD,12,HKD,便利店,week:0,2026-08-31|2026-09-01|2026-09-02|2026-09-03|2026-09-04|2026-09-05|2026-09-06,2026-08-31
groceries-en-011,en,groceries,商超购物,Groceries,expense,"Water and tissues at 7-Eleven every day this week, 12 HKD",12,HKD,Convenience store,week:0,2026-08-31|2026-09-01|2026-09-02|2026-09-03|2026-09-04|2026-09-05|2026-09-06,2026-08-31
groceries-zh-012,zh,groceries,商超购物,Groceries,expense,大润发买米面粮油花了260块,260,CNY,粮油,anchor,2026-08-31,2026-08-31
groceries-en-012,en,groceries,商超购物,Groceries,expense,"Rice, flour and cooking oil at RT-Mart, 260 bucks",260,CNY,Staples,anchor,2026-08-31,2026-08-31
groceries-zh-013,zh,groceries,商超购物,Groceries,expense,超市买土鸡蛋一盒花了15元,15,CNY,鸡蛋,anchor,2026-08-31,2026-08-31
groceries-en-013,en,groceries,商超购物,Groceries,expense,"Carton of farm eggs, 15 yuan",15,CNY,Eggs,anchor,2026-08-31,2026-08-31
groceries-zh-014,zh,groceries,商超购物,Groceries,expense,免税店买化妆品花了800HKD,800,HKD,免税店,anchor,2026-08-31,2026-08-31
groceries-en-014,en,groceries,商超购物,Groceries,expense,"Cosmetics at the duty-free shop, 800 HKD",800,HKD,Duty-free,anchor,2026-08-31,2026-08-31
groceries-zh-015,zh,groceries,商超购物,Groceries,expense,生鲜超市买海鲜花了350块,350,CNY,海鲜,anchor,2026-08-31,2026-08-31
groceries-en-015,en,groceries,商超购物,Groceries,expense,"Seafood at the fresh market, 350 bucks",350,CNY,Seafood,anchor,2026-08-31,2026-08-31
groceries-zh-016,zh,groceries,商超购物,Groceries,expense,超市买卫生纸花了89元,89,CNY,纸品,anchor,2026-08-31,2026-08-31
groceries-en-016,en,groceries,商超购物,Groceries,expense,"Toilet paper at the supermarket, 89 yuan",89,CNY,Paper goods,anchor,2026-08-31,2026-08-31
groceries-zh-017,zh,groceries,商超购物,Groceries,expense,全家买便当和饮料花了32块,32,CNY,便利店,anchor,2026-08-31,2026-08-31
groceries-en-017,en,groceries,商超购物,Groceries,expense,"Bento and drinks at FamilyMart, 32 bucks",32,CNY,Convenience store,anchor,2026-08-31,2026-08-31
groceries-zh-018,zh,groceries,商超购物,Groceries,expense,百佳超市买水果花了128HKD,128,HKD,水果,anchor,2026-08-31,2026-08-31
groceries-en-018,en,groceries,商超购物,Groceries,expense,"Fruit at ParknShop, 128 HKD",128,HKD,Fruit,anchor,2026-08-31,2026-08-31
groceries-zh-019,zh,groceries,商超购物,Groceries,expense,今天明天小卖部买饮料都花8元,8,CNY,小卖部,"rel:0,1",2026-08-31|2026-09-01,2026-08-31
groceries-en-019,en,groceries,商超购物,Groceries,expense,"Drinks at the corner shop today and tomorrow, 8 yuan each",8,CNY,Corner shop,"rel:0,1",2026-08-31|2026-09-01,2026-08-31
groceries-zh-020,zh,groceries,商超购物,Groceries,expense,仓储超市买纸巾洗衣液花了199块,199,CNY,囤货,anchor,2026-08-31,2026-08-31
groceries-en-020,en,groceries,商超购物,Groceries,expense,"Bulk tissues and detergent, 199 bucks",199,CNY,Stock-up,anchor,2026-08-31,2026-08-31
groceries-zh-021,zh,groceries,商超购物,Groceries,expense,超市买牛奶面包花了56元,56,CNY,牛奶面包,anchor,2026-08-31,2026-08-31
groceries-en-021,en,groceries,商超购物,Groceries,expense,"Milk and bread at the supermarket, 56 yuan",56,CNY,Milk and bread,anchor,2026-08-31,2026-08-31
groceries-zh-022,zh,groceries,商超购物,Groceries,expense,OK便利店买咖啡花了18HKD,18,HKD,便利店,anchor,2026-08-31,2026-08-31
groceries-en-022,en,groceries,商超购物,Groceries,expense,"Coffee at Circle K, 18 HKD",18,HKD,Convenience store,anchor,2026-08-31,2026-08-31
groceries-zh-023,zh,groceries,商超购物,Groceries,expense,上周每天菜市场买肉和菜花了120块,120,CNY,买菜,week:-1,2026-08-24|2026-08-25|2026-08-26|2026-08-27|2026-08-28|2026-08-29|2026-08-30,2026-08-31
groceries-en-023,en,groceries,商超购物,Groceries,expense,"Meat and veggies at the market every day last week, 120 bucks",120,CNY,Groceries,week:-1,2026-08-24|2026-08-25|2026-08-26|2026-08-27|2026-08-28|2026-08-29|2026-08-30,2026-08-31
groceries-zh-024,zh,groceries,商超购物,Groceries,expense,进口超市买巧克力花了88元,88,CNY,进口超市,anchor,2026-08-31,2026-08-31
groceries-en-024,en,groceries,商超购物,Groceries,expense,"Imported chocolate, 88 yuan",88,CNY,Import supermarket,anchor,2026-08-31,2026-08-31
groceries-zh-025,zh,groceries,商超购物,Groceries,expense,超市搞促销囤货花了300块,300,CNY,促销囤货,anchor,2026-08-31,2026-08-31
groceries-en-025,en,groceries,商超购物,Groceries,expense,"Sale stock-up at the supermarket, 300 bucks",300,CNY,Sale stock-up,anchor,2026-08-31,2026-08-31
groceries-zh-026,zh,groceries,商超购物,Groceries,expense,便利店买雨伞花了25元,25,CNY,便利店,anchor,2026-08-31,2026-08-31
groceries-en-026,en,groceries,商超购物,Groceries,expense,"Umbrella at the convenience store, 25 yuan",25,CNY,Convenience store,anchor,2026-08-31,2026-08-31
groceries-zh-027,zh,groceries,商超购物,Groceries,expense,惠康超市买零食花了98HKD,98,HKD,零食,anchor,2026-08-31,2026-08-31
groceries-en-027,en,groceries,商超购物,Groceries,expense,"Snacks at Wellcome, 98 HKD",98,HKD,Snacks,anchor,2026-08-31,2026-08-31
groceries-zh-028,zh,groceries,商超购物,Groceries,expense,超市买洗洁精和垃圾袋花了35元,35,CNY,日用品,anchor,2026-08-31,2026-08-31
groceries-en-028,en,groceries,商超购物,Groceries,expense,"Dish soap and trash bags, 35 yuan",35,CNY,Daily necessities,anchor,2026-08-31,2026-08-31
groceries-zh-029,zh,groceries,商超购物,Groceries,expense,生鲜店买排骨花了78块,78,CNY,生鲜,anchor,2026-08-31,2026-08-31
groceries-en-029,en,groceries,商超购物,Groceries,expense,"Pork ribs at the fresh shop, 78 bucks",78,CNY,Fresh meat,anchor,2026-08-31,2026-08-31
groceries-zh-030,zh,groceries,商超购物,Groceries,expense,超市买牙膏牙刷花了42元,42,CNY,日用品,anchor,2026-08-31,2026-08-31
groceries-en-030,en,groceries,商超购物,Groceries,expense,"Toothpaste and toothbrush, 42 yuan",42,CNY,Daily necessities,anchor,2026-08-31,2026-08-31
groceries-zh-031,zh,groceries,商超购物,Groceries,expense,今天到后天便利店买冰棍都花10块,10,CNY,便利店,span:0:2,2026-08-31|2026-09-01|2026-09-02,2026-08-31
groceries-en-031,en,groceries,商超购物,Groceries,expense,"Ice pops at the convenience store today through day after tomorrow, 10 bucks",10,CNY,Convenience store,span:0:2,2026-08-31|2026-09-01|2026-09-02,2026-08-31
groceries-zh-032,zh,groceries,商超购物,Groceries,expense,城市超市买进口水果花了168元,168,CNY,进口水果,anchor,2026-08-31,2026-08-31
groceries-en-032,en,groceries,商超购物,Groceries,expense,"Imported fruit at the city supermarket, 168 yuan",168,CNY,Imported fruit,anchor,2026-08-31,2026-08-31
groceries-zh-033,zh,groceries,商超购物,Groceries,expense,超市买拖鞋花了29块,29,CNY,日用品,anchor,2026-08-31,2026-08-31
groceries-en-033,en,groceries,商超购物,Groceries,expense,"Slippers at the supermarket, 29 bucks",29,CNY,Daily necessities,anchor,2026-08-31,2026-08-31
groceries-zh-034,zh,groceries,商超购物,Groceries,expense,便利店买充电宝花了99元,99,CNY,便利店,anchor,2026-08-31,2026-08-31
groceries-en-034,en,groceries,商超购物,Groceries,expense,"Power bank at the convenience store, 99 yuan",99,CNY,Convenience store,anchor,2026-08-31,2026-08-31
groceries-zh-035,zh,groceries,商超购物,Groceries,expense,菜市场买海鲜花了280块,280,CNY,海鲜,anchor,2026-08-31,2026-08-31
groceries-en-035,en,groceries,商超购物,Groceries,expense,"Seafood at the wet market, 280 bucks",280,CNY,Seafood,anchor,2026-08-31,2026-08-31
groceries-zh-036,zh,groceries,商超购物,Groceries,expense,超市买洗发水沐浴露花了118元,118,CNY,洗护,anchor,2026-08-31,2026-08-31
groceries-en-036,en,groceries,商超购物,Groceries,expense,"Shampoo and body wash, 118 yuan",118,CNY,Toiletries,anchor,2026-08-31,2026-08-31
groceries-zh-037,zh,groceries,商超购物,Groceries,expense,便利店买口罩花了15块,15,CNY,便利店,anchor,2026-08-31,2026-08-31
groceries-en-037,en,groceries,商超购物,Groceries,expense,"Face masks at the convenience store, 15 bucks",15,CNY,Convenience store,anchor,2026-08-31,2026-08-31
groceries-zh-038,zh,groceries,商超购物,Groceries,expense,精品超市买牛排花了198元,198,CNY,进口超市,anchor,2026-08-31,2026-08-31
groceries-en-038,en,groceries,商超购物,Groceries,expense,"Steak at the boutique supermarket, 198 yuan",198,CNY,Import supermarket,anchor,2026-08-31,2026-08-31
groceries-zh-039,zh,groceries,商超购物,Groceries,expense,超市买酱油醋调料花了45块,45,CNY,调料,anchor,2026-08-31,2026-08-31
groceries-en-039,en,groceries,商超购物,Groceries,expense,"Soy sauce and seasonings, 45 bucks",45,CNY,Seasonings,anchor,2026-08-31,2026-08-31
groceries-zh-040,zh,groceries,商超购物,Groceries,expense,便利店买口香糖花了10元,10,CNY,便利店,anchor,2026-08-31,2026-08-31
groceries-en-040,en,groceries,商超购物,Groceries,expense,"Gum at the convenience store, 10 yuan",10,CNY,Convenience store,anchor,2026-08-31,2026-08-31
groceries-zh-041,zh,groceries,商超购物,Groceries,expense,超市买坚果礼盒花了128块,128,CNY,坚果,anchor,2026-08-31,2026-08-31
groceries-en-041,en,groceries,商超购物,Groceries,expense,"Nut gift box, 128 bucks",128,CNY,Nuts,anchor,2026-08-31,2026-08-31
groceries-zh-042,zh,groceries,商超购物,Groceries,expense,超市买卫生巾花了56元,56,CNY,日用品,anchor,2026-08-31,2026-08-31
groceries-en-042,en,groceries,商超购物,Groceries,expense,"Sanitary pads, 56 yuan",56,CNY,Daily necessities,anchor,2026-08-31,2026-08-31
groceries-zh-043,zh,groceries,商超购物,Groceries,expense,便利店买矿泉水花了5块,5,CNY,便利店,anchor,2026-08-31,2026-08-31
groceries-en-043,en,groceries,商超购物,Groceries,expense,"Bottled water, 5 bucks",5,CNY,Convenience store,anchor,2026-08-31,2026-08-31
groceries-zh-044,zh,groceries,商超购物,Groceries,expense,超市买速冻饺子花了38元,38,CNY,速冻食品,anchor,2026-08-31,2026-08-31
groceries-en-044,en,groceries,商超购物,Groceries,expense,"Frozen dumplings, 38 yuan",38,CNY,Frozen food,anchor,2026-08-31,2026-08-31
groceries-zh-045,zh,groceries,商超购物,Groceries,expense,菜市场买水果花了60块,60,CNY,水果,anchor,2026-08-31,2026-08-31
groceries-en-045,en,groceries,商超购物,Groceries,expense,"Fruit at the wet market, 60 bucks",60,CNY,Fruit,anchor,2026-08-31,2026-08-31
groceries-zh-046,zh,groceries,商超购物,Groceries,expense,超市买洗衣液补充装花了49元,49,CNY,日化,anchor,2026-08-31,2026-08-31
groceries-en-046,en,groceries,商超购物,Groceries,expense,"Laundry detergent refill, 49 yuan",49,CNY,Household goods,anchor,2026-08-31,2026-08-31
groceries-zh-047,zh,groceries,商超购物,Groceries,expense,便利店买面包花了12块,12,CNY,便利店,anchor,2026-08-31,2026-08-31
groceries-en-047,en,groceries,商超购物,Groceries,expense,"Bread at the convenience store, 12 bucks",12,CNY,Convenience store,anchor,2026-08-31,2026-08-31
groceries-zh-048,zh,groceries,商超购物,Groceries,expense,超市买床上四件套花了299元,299,CNY,家纺,anchor,2026-08-31,2026-08-31
groceries-en-048,en,groceries,商超购物,Groceries,expense,"Bedding set, 299 yuan",299,CNY,Home textiles,anchor,2026-08-31,2026-08-31
groceries-zh-049,zh,groceries,商超购物,Groceries,expense,超市买锅碗瓢盆花了150块,150,CNY,厨具,anchor,2026-08-31,2026-08-31
groceries-en-049,en,groceries,商超购物,Groceries,expense,"Pots and pans, 150 bucks",150,CNY,Kitchenware,anchor,2026-08-31,2026-08-31
groceries-zh-050,zh,groceries,商超购物,Groceries,expense,超市买零食大礼包花了88元,88,CNY,零食,anchor,2026-08-31,2026-08-31
groceries-en-050,en,groceries,商超购物,Groceries,expense,"Snack gift pack, 88 yuan",88,CNY,Snacks,anchor,2026-08-31,2026-08-31
household_goods-zh-001,zh,household_goods,日用百货,Household Goods,expense,昨天买垃圾袋洗洁精花了35元,35,CNY,清洁用品,rel:-1,2026-08-30,2026-08-31
household_goods-en-001,en,household_goods,日用百货,Household Goods,expense,"Trash bags and dish soap yesterday, 35 yuan",35,CNY,Cleaning supplies,rel:-1,2026-08-30,2026-08-31
household_goods-zh-002,zh,household_goods,日用百货,Household Goods,expense,囤卫生纸花了89块钱,89,CNY,纸品,anchor,2026-08-31,2026-08-31
household_goods-en-002,en,household_goods,日用百货,Household Goods,expense,"Stocked up on toilet paper, 89 bucks",89,CNY,Paper goods,anchor,2026-08-31,2026-08-31
household_goods-zh-003,zh,household_goods,日用百货,Household Goods,expense,买洗漱用品花了120HKD,120,HKD,洗漱用品,anchor,2026-08-31,2026-08-31
household_goods-en-003,en,household_goods,日用百货,Household Goods,expense,"Toiletries, 120 HKD",120,HKD,Toiletries,anchor,2026-08-31,2026-08-31
household_goods-zh-004,zh,household_goods,日用百货,Household Goods,expense,本周三买厨房清洁用品花了56元,56,CNY,清洁用品,weekday:3,2026-09-02,2026-08-31
household_goods-en-004,en,household_goods,日用百货,Household Goods,expense,"Kitchen cleaning supplies this Wednesday, 56 yuan",56,CNY,Cleaning supplies,weekday:3,2026-09-02,2026-08-31
household_goods-zh-005,zh,household_goods,日用百货,Household Goods,expense,买一次性口罩花了45块,45,CNY,口罩,anchor,2026-08-31,2026-08-31
household_goods-en-005,en,household_goods,日用百货,Household Goods,expense,"Disposable face masks, 45 bucks",45,CNY,Face masks,anchor,2026-08-31,2026-08-31
household_goods-zh-006,zh,household_goods,日用百货,Household Goods,expense,买雨伞拖鞋花了78元,78,CNY,日常用品,anchor,2026-08-31,2026-08-31
household_goods-en-006,en,household_goods,日用百货,Household Goods,expense,"Umbrella and slippers, 78 yuan",78,CNY,Daily goods,anchor,2026-08-31,2026-08-31
household_goods-zh-007,zh,household_goods,日用百货,Household Goods,expense,买收纳盒花了99HKD,99,HKD,收纳,anchor,2026-08-31,2026-08-31
household_goods-en-007,en,household_goods,日用百货,Household Goods,expense,"Storage boxes, 99 HKD",99,HKD,Storage,anchor,2026-08-31,2026-08-31
household_goods-zh-008,zh,household_goods,日用百货,Household Goods,expense,买洗衣液柔顺剂花了109元,109,CNY,日化,anchor,2026-08-31,2026-08-31
household_goods-en-008,en,household_goods,日用百货,Household Goods,expense,"Laundry detergent and fabric softener, 109 yuan",109,CNY,Household goods,anchor,2026-08-31,2026-08-31
household_goods-zh-009,zh,household_goods,日用百货,Household Goods,expense,8月12日买驱蚊用品花了32USD,32,USD,驱蚊,ymd:2026-08-12,2026-08-12,2026-08-31
household_goods-en-009,en,household_goods,日用百货,Household Goods,expense,"Mosquito repellent on Aug 12, 32 USD",32,USD,Mosquito repellent,ymd:2026-08-12,2026-08-12,2026-08-31
household_goods-zh-010,zh,household_goods,日用百货,Household Goods,expense,买保鲜膜锡纸花了28块,28,CNY,厨房用品,anchor,2026-08-31,2026-08-31
household_goods-en-010,en,household_goods,日用百货,Household Goods,expense,"Cling wrap and foil, 28 bucks",28,CNY,Kitchen supplies,anchor,2026-08-31,2026-08-31
household_goods-zh-011,zh,household_goods,日用百货,Household Goods,expense,买牙膏牙刷套装花了42元,42,CNY,洗漱,anchor,2026-08-31,2026-08-31
household_goods-en-011,en,household_goods,日用百货,Household Goods,expense,"Toothpaste and toothbrush set, 42 yuan",42,CNY,Toiletries,anchor,2026-08-31,2026-08-31
household_goods-zh-012,zh,household_goods,日用百货,Household Goods,expense,买拖把扫帚花了65块,65,CNY,清洁工具,anchor,2026-08-31,2026-08-31
household_goods-en-012,en,household_goods,日用百货,Household Goods,expense,"Mop and broom, 65 bucks",65,CNY,Cleaning tools,anchor,2026-08-31,2026-08-31
household_goods-zh-013,zh,household_goods,日用百货,Household Goods,expense,买垃圾桶花了25元,25,CNY,日用品,anchor,2026-08-31,2026-08-31
household_goods-en-013,en,household_goods,日用百货,Household Goods,expense,"Trash can, 25 yuan",25,CNY,Daily goods,anchor,2026-08-31,2026-08-31
household_goods-zh-014,zh,household_goods,日用百货,Household Goods,expense,买衣架裤架花了38块,38,CNY,收纳,anchor,2026-08-31,2026-08-31
household_goods-en-014,en,household_goods,日用百货,Household Goods,expense,"Clothes and pants hangers, 38 bucks",38,CNY,Storage,anchor,2026-08-31,2026-08-31
household_goods-zh-015,zh,household_goods,日用百货,Household Goods,expense,买洗碗布钢丝球花了12元,12,CNY,清洁,anchor,2026-08-31,2026-08-31
household_goods-en-015,en,household_goods,日用百货,Household Goods,expense,"Dish cloth and steel wool, 12 yuan",12,CNY,Cleaning,anchor,2026-08-31,2026-08-31
household_goods-zh-016,zh,household_goods,日用百货,Household Goods,expense,今天明天都补了纸巾抽纸整箱花了99块,99,CNY,纸品,"rel:0,1",2026-08-31|2026-09-01,2026-08-31
household_goods-en-016,en,household_goods,日用百货,Household Goods,expense,"Restocked tissue boxes today and tomorrow, 99 bucks",99,CNY,Paper goods,"rel:0,1",2026-08-31|2026-09-01,2026-08-31
household_goods-zh-017,zh,household_goods,日用百货,Household Goods,expense,买洁厕灵花了18元,18,CNY,清洁,anchor,2026-08-31,2026-08-31
household_goods-en-017,en,household_goods,日用百货,Household Goods,expense,"Toilet bowl cleaner, 18 yuan",18,CNY,Cleaning,anchor,2026-08-31,2026-08-31
household_goods-zh-018,zh,household_goods,日用百货,Household Goods,expense,买一次性手套花了15块,15,CNY,日用品,anchor,2026-08-31,2026-08-31
household_goods-en-018,en,household_goods,日用百货,Household Goods,expense,"Disposable gloves, 15 bucks",15,CNY,Daily goods,anchor,2026-08-31,2026-08-31
household_goods-zh-019,zh,household_goods,日用百货,Household Goods,expense,买厨房抹布花了20元,20,CNY,清洁,anchor,2026-08-31,2026-08-31
household_goods-en-019,en,household_goods,日用百货,Household Goods,expense,"Kitchen cleaning cloths, 20 yuan",20,CNY,Cleaning,anchor,2026-08-31,2026-08-31
household_goods-zh-020,zh,household_goods,日用百货,Household Goods,expense,买真空收纳袋花了56块,56,CNY,收纳,anchor,2026-08-31,2026-08-31
household_goods-en-020,en,household_goods,日用百货,Household Goods,expense,"Vacuum storage bags, 56 bucks",56,CNY,Storage,anchor,2026-08-31,2026-08-31
household_goods-zh-021,zh,household_goods,日用百货,Household Goods,expense,买插排插座花了49元,49,CNY,电器配件,anchor,2026-08-31,2026-08-31
household_goods-en-021,en,household_goods,日用百货,Household Goods,expense,"Power strip, 49 yuan",49,CNY,Electrical accessories,anchor,2026-08-31,2026-08-31
household_goods-zh-022,zh,household_goods,日用百货,Household Goods,expense,买电池五号七号花了25块,25,CNY,电池,anchor,2026-08-31,2026-08-31
household_goods-en-022,en,household_goods,日用百货,Household Goods,expense,"AA and AAA batteries, 25 bucks",25,CNY,Batteries,anchor,2026-08-31,2026-08-31
household_goods-zh-023,zh,household_goods,日用百货,Household Goods,expense,买灯泡LED花了30元,30,CNY,灯具,anchor,2026-08-31,2026-08-31
household_goods-en-023,en,household_goods,日用百货,Household Goods,expense,"LED light bulb, 30 yuan",30,CNY,Lighting,anchor,2026-08-31,2026-08-31
household_goods-zh-024,zh,household_goods,日用百货,Household Goods,expense,买粘毛器花了19块,19,CNY,日用品,anchor,2026-08-31,2026-08-31
household_goods-en-024,en,household_goods,日用百货,Household Goods,expense,"Lint roller, 19 bucks",19,CNY,Daily goods,anchor,2026-08-31,2026-08-31
household_goods-zh-025,zh,household_goods,日用百货,Household Goods,expense,买鞋刷鞋油花了22元,22,CNY,日用品,anchor,2026-08-31,2026-08-31
household_goods-en-025,en,household_goods,日用百货,Household Goods,expense,"Shoe brush and polish, 22 yuan",22,CNY,Daily goods,anchor,2026-08-31,2026-08-31
household_goods-zh-026,zh,household_goods,日用百货,Household Goods,expense,买针线盒花了15块,15,CNY,日用品,anchor,2026-08-31,2026-08-31
household_goods-en-026,en,household_goods,日用百货,Household Goods,expense,"Sewing kit, 15 bucks",15,CNY,Daily goods,anchor,2026-08-31,2026-08-31
household_goods-zh-027,zh,household_goods,日用百货,Household Goods,expense,买马桶垫花了18元,18,CNY,日用品,anchor,2026-08-31,2026-08-31
household_goods-en-027,en,household_goods,日用百货,Household Goods,expense,"Toilet seat cover, 18 yuan",18,CNY,Daily goods,anchor,2026-08-31,2026-08-31
household_goods-zh-028,zh,household_goods,日用百货,Household Goods,expense,买樟脑丸花了10块,10,CNY,日用品,anchor,2026-08-31,2026-08-31
household_goods-en-028,en,household_goods,日用百货,Household Goods,expense,"Mothballs, 10 bucks",10,CNY,Daily goods,anchor,2026-08-31,2026-08-31
household_goods-zh-029,zh,household_goods,日用百货,Household Goods,expense,买雨衣雨鞋花了68元,68,CNY,雨具,anchor,2026-08-31,2026-08-31
household_goods-en-029,en,household_goods,日用百货,Household Goods,expense,"Raincoat and rain boots, 68 yuan",68,CNY,Rain gear,anchor,2026-08-31,2026-08-31
household_goods-zh-030,zh,household_goods,日用百货,Household Goods,expense,买保温壶花了89块,89,CNY,水具,anchor,2026-08-31,2026-08-31
household_goods-en-030,en,household_goods,日用百货,Household Goods,expense,"Thermos flask, 89 bucks",89,CNY,Drinkware,anchor,2026-08-31,2026-08-31
household_goods-zh-031,zh,household_goods,日用百货,Household Goods,expense,买菜板菜刀花了128元,128,CNY,厨具,anchor,2026-08-31,2026-08-31
household_goods-en-031,en,household_goods,日用百货,Household Goods,expense,"Cutting board and kitchen knife, 128 yuan",128,CNY,Kitchenware,anchor,2026-08-31,2026-08-31
household_goods-zh-032,zh,household_goods,日用百货,Household Goods,expense,买碗碟套装花了199块,199,CNY,餐具,anchor,2026-08-31,2026-08-31
household_goods-en-032,en,household_goods,日用百货,Household Goods,expense,"Bowl and plate set, 199 bucks",199,CNY,Tableware,anchor,2026-08-31,2026-08-31
household_goods-zh-033,zh,household_goods,日用百货,Household Goods,expense,买调味罐花了35元,35,CNY,厨房用品,anchor,2026-08-31,2026-08-31
household_goods-en-033,en,household_goods,日用百货,Household Goods,expense,"Spice jars, 35 yuan",35,CNY,Kitchen supplies,anchor,2026-08-31,2026-08-31
household_goods-zh-034,zh,household_goods,日用百货,Household Goods,expense,买水果盘花了28块,28,CNY,餐具,anchor,2026-08-31,2026-08-31
household_goods-en-034,en,household_goods,日用百货,Household Goods,expense,"Fruit bowl, 28 bucks",28,CNY,Tableware,anchor,2026-08-31,2026-08-31
household_goods-zh-035,zh,household_goods,日用百货,Household Goods,expense,买漱口杯花了15元,15,CNY,洗漱,anchor,2026-08-31,2026-08-31
household_goods-en-035,en,household_goods,日用百货,Household Goods,expense,"Rinsing cup, 15 yuan",15,CNY,Toiletries,anchor,2026-08-31,2026-08-31
household_goods-zh-036,zh,household_goods,日用百货,Household Goods,expense,买毛巾浴巾花了79块,79,CNY,毛巾,anchor,2026-08-31,2026-08-31
household_goods-en-036,en,household_goods,日用百货,Household Goods,expense,"Towels and bath towels, 79 bucks",79,CNY,Towels,anchor,2026-08-31,2026-08-31
household_goods-zh-037,zh,household_goods,日用百货,Household Goods,expense,买洗脸巾花了45元,45,CNY,洗漱,anchor,2026-08-31,2026-08-31
household_goods-en-037,en,household_goods,日用百货,Household Goods,expense,"Face towels, 45 yuan",45,CNY,Toiletries,anchor,2026-08-31,2026-08-31
household_goods-zh-038,zh,household_goods,日用百货,Household Goods,expense,买棉签牙线花了18块,18,CNY,洗漱,anchor,2026-08-31,2026-08-31
household_goods-en-038,en,household_goods,日用百货,Household Goods,expense,"Cotton swabs and floss, 18 bucks",18,CNY,Toiletries,anchor,2026-08-31,2026-08-31
household_goods-zh-039,zh,household_goods,日用百货,Household Goods,expense,买洗手液花了25元,25,CNY,清洁,anchor,2026-08-31,2026-08-31
household_goods-en-039,en,household_goods,日用百货,Household Goods,expense,"Hand soap, 25 yuan",25,CNY,Cleaning,anchor,2026-08-31,2026-08-31
household_goods-zh-040,zh,household_goods,日用百货,Household Goods,expense,买身体乳花了68块,68,CNY,洗护,anchor,2026-08-31,2026-08-31
household_goods-en-040,en,household_goods,日用百货,Household Goods,expense,"Body lotion, 68 bucks",68,CNY,Personal care,anchor,2026-08-31,2026-08-31
household_goods-zh-041,zh,household_goods,日用百货,Household Goods,expense,买香皂肥皂花了12元,12,CNY,洗护,anchor,2026-08-31,2026-08-31
household_goods-en-041,en,household_goods,日用百货,Household Goods,expense,"Bar soap, 12 yuan",12,CNY,Personal care,anchor,2026-08-31,2026-08-31
household_goods-zh-042,zh,household_goods,日用百货,Household Goods,expense,买垃圾桶垃圾袋套装花了39块,39,CNY,清洁,anchor,2026-08-31,2026-08-31
household_goods-en-042,en,household_goods,日用百货,Household Goods,expense,"Trash can and bag set, 39 bucks",39,CNY,Cleaning,anchor,2026-08-31,2026-08-31
household_goods-zh-043,zh,household_goods,日用百货,Household Goods,expense,买百洁布花了8元,8,CNY,清洁,anchor,2026-08-31,2026-08-31
household_goods-en-043,en,household_goods,日用百货,Household Goods,expense,"Scouring pad, 8 yuan",8,CNY,Cleaning,anchor,2026-08-31,2026-08-31
household_goods-zh-044,zh,household_goods,日用百货,Household Goods,expense,买一次性餐盒花了22块,22,CNY,厨房用品,anchor,2026-08-31,2026-08-31
household_goods-en-044,en,household_goods,日用百货,Household Goods,expense,"Disposable food containers, 22 bucks",22,CNY,Kitchen supplies,anchor,2026-08-31,2026-08-31
household_goods-zh-045,zh,household_goods,日用百货,Household Goods,expense,买空气清新剂花了19元,19,CNY,日用品,anchor,2026-08-31,2026-08-31
household_goods-en-045,en,household_goods,日用百货,Household Goods,expense,"Air freshener, 19 yuan",19,CNY,Daily goods,anchor,2026-08-31,2026-08-31
household_goods-zh-046,zh,household_goods,日用百货,Household Goods,expense,买除湿袋花了25块,25,CNY,日用品,anchor,2026-08-31,2026-08-31
household_goods-en-046,en,household_goods,日用百货,Household Goods,expense,"Moisture absorbers, 25 bucks",25,CNY,Daily goods,anchor,2026-08-31,2026-08-31
household_goods-zh-047,zh,household_goods,日用百货,Household Goods,expense,买密封罐花了48元,48,CNY,厨房用品,anchor,2026-08-31,2026-08-31
household_goods-en-047,en,household_goods,日用百货,Household Goods,expense,"Airtight food containers, 48 yuan",48,CNY,Kitchen supplies,anchor,2026-08-31,2026-08-31
household_goods-zh-048,zh,household_goods,日用百货,Household Goods,expense,买削皮刀水果刀花了28块,28,CNY,厨具,anchor,2026-08-31,2026-08-31
household_goods-en-048,en,household_goods,日用百货,Household Goods,expense,"Peeler and fruit knife, 28 bucks",28,CNY,Kitchenware,anchor,2026-08-31,2026-08-31
household_goods-zh-049,zh,household_goods,日用百货,Household Goods,expense,买锅铲汤勺花了35元,35,CNY,厨具,anchor,2026-08-31,2026-08-31
household_goods-en-049,en,household_goods,日用百货,Household Goods,expense,"Spatula and ladle, 35 yuan",35,CNY,Kitchenware,anchor,2026-08-31,2026-08-31
household_goods-zh-050,zh,household_goods,日用百货,Household Goods,expense,买清洁海绵花了10块,10,CNY,清洁,anchor,2026-08-31,2026-08-31
household_goods-en-050,en,household_goods,日用百货,Household Goods,expense,"Cleaning sponges, 10 bucks",10,CNY,Cleaning,anchor,2026-08-31,2026-08-31
rent-zh-001,zh,rent,房屋租金,Rent,expense,昨天把这个月房租3500元交了,3500,CNY,月租,rel:-1,2026-08-30,2026-08-31
rent-en-001,en,rent,房屋租金,Rent,expense,"Paid this month's rent yesterday, 3500 yuan",3500,CNY,Monthly rent,rel:-1,2026-08-30,2026-08-31
rent-zh-002,zh,rent,房屋租金,Rent,expense,季度付房租花了12000块,12000,CNY,季付,anchor,2026-08-31,2026-08-31
rent-en-002,en,rent,房屋租金,Rent,expense,"Quarterly rent payment, 12000 bucks",12000,CNY,Quarterly rent,anchor,2026-08-31,2026-08-31
rent-zh-003,zh,rent,房屋租金,Rent,expense,香港租房月租8000HKD,8000,HKD,香港月租,anchor,2026-08-31,2026-08-31
rent-en-003,en,rent,房屋租金,Rent,expense,"Monthly rent in Hong Kong, 8000 HKD",8000,HKD,HK monthly rent,anchor,2026-08-31,2026-08-31
rent-zh-004,zh,rent,房屋租金,Rent,expense,单间房租每月2200元,2200,CNY,单间,anchor,2026-08-31,2026-08-31
rent-en-004,en,rent,房屋租金,Rent,expense,"Single room monthly rent, 2200 yuan",2200,CNY,Single room,anchor,2026-08-31,2026-08-31
rent-zh-005,zh,rent,房屋租金,Rent,expense,公寓租金交了4500块,4500,CNY,公寓,anchor,2026-08-31,2026-08-31
rent-en-005,en,rent,房屋租金,Rent,expense,"Apartment rent paid, 4500 bucks",4500,CNY,Apartment,anchor,2026-08-31,2026-08-31
rent-zh-006,zh,rent,房屋租金,Rent,expense,本周一交商铺月租金12000元,12000,CNY,商铺,weekday:1,2026-08-31,2026-08-31
rent-en-006,en,rent,房屋租金,Rent,expense,"Shop monthly rent this Monday, 12000 yuan",12000,CNY,Shop rent,weekday:1,2026-08-31,2026-08-31
rent-zh-007,zh,rent,房屋租金,Rent,expense,次卧转租收到1800HKD,1800,HKD,转租收入,anchor,2026-08-31,2026-08-31
rent-en-007,en,rent,房屋租金,Rent,expense,"Sublet income for spare room, 1800 HKD",1800,HKD,Sublet income,anchor,2026-08-31,2026-08-31
rent-zh-008,zh,rent,房屋租金,Rent,expense,年付房租优惠后36000元,36000,CNY,年付,anchor,2026-08-31,2026-08-31
rent-en-008,en,rent,房屋租金,Rent,expense,"Annual rent after discount, 36000 yuan",36000,CNY,Annual rent,anchor,2026-08-31,2026-08-31
rent-zh-009,zh,rent,房屋租金,Rent,expense,海外租房月付1200USD,1200,USD,海外租房,anchor,2026-08-31,2026-08-31
rent-en-009,en,rent,房屋租金,Rent,expense,"Monthly rent overseas, 1200 USD",1200,USD,Overseas rent,anchor,2026-08-31,2026-08-31
rent-zh-010,zh,rent,房屋租金,Rent,expense,loft公寓租金5500块,5500,CNY,loft,anchor,2026-08-31,2026-08-31
rent-en-010,en,rent,房屋租金,Rent,expense,"Loft apartment rent, 5500 bucks",5500,CNY,Loft,anchor,2026-08-31,2026-08-31
rent-zh-011,zh,rent,房屋租金,Rent,expense,8月1日交了一室一厅月租3000元,3000,CNY,一室一厅,ymd:2026-08-01,2026-08-01,2026-08-31
rent-en-011,en,rent,房屋租金,Rent,expense,"One-bedroom rent paid on Aug 1, 3000 yuan",3000,CNY,One-bedroom,ymd:2026-08-01,2026-08-01,2026-08-31
rent-zh-012,zh,rent,房屋租金,Rent,expense,两居室房租每月4800块,4800,CNY,两居,anchor,2026-08-31,2026-08-31
rent-en-012,en,rent,房屋租金,Rent,expense,"Two-bedroom monthly rent, 4800 bucks",4800,CNY,Two-bedroom,anchor,2026-08-31,2026-08-31
rent-zh-013,zh,rent,房屋租金,Rent,expense,旺角租房月租9500HKD,9500,HKD,旺角,anchor,2026-08-31,2026-08-31
rent-en-013,en,rent,房屋租金,Rent,expense,"Monthly rent in Mong Kok, 9500 HKD",9500,HKD,Mong Kok,anchor,2026-08-31,2026-08-31
rent-zh-014,zh,rent,房屋租金,Rent,expense,城中村房租每月1500元,1500,CNY,城中村,anchor,2026-08-31,2026-08-31
rent-en-014,en,rent,房屋租金,Rent,expense,"Village housing monthly rent, 1500 yuan",1500,CNY,Village housing,anchor,2026-08-31,2026-08-31
rent-zh-015,zh,rent,房屋租金,Rent,expense,写字楼租金每月8000块,8000,CNY,写字楼,anchor,2026-08-31,2026-08-31
rent-en-015,en,rent,房屋租金,Rent,expense,"Office space monthly rent, 8000 bucks",8000,CNY,Office space,anchor,2026-08-31,2026-08-31
rent-zh-016,zh,rent,房屋租金,Rent,expense,小区三居室月租6500元,6500,CNY,三居,anchor,2026-08-31,2026-08-31
rent-en-016,en,rent,房屋租金,Rent,expense,"Three-bedroom monthly rent, 6500 yuan",6500,CNY,Three-bedroom,anchor,2026-08-31,2026-08-31
rent-zh-017,zh,rent,房屋租金,Rent,expense,学生宿舍床位费每月800块,800,CNY,宿舍,anchor,2026-08-31,2026-08-31
rent-en-017,en,rent,房屋租金,Rent,expense,"Dorm bed fee monthly, 800 bucks",800,CNY,Dorm,anchor,2026-08-31,2026-08-31
rent-zh-018,zh,rent,房屋租金,Rent,expense,中环公寓月租15000HKD,15000,HKD,中环,anchor,2026-08-31,2026-08-31
rent-en-018,en,rent,房屋租金,Rent,expense,"Central apartment monthly rent, 15000 HKD",15000,HKD,Central,anchor,2026-08-31,2026-08-31
rent-zh-019,zh,rent,房屋租金,Rent,expense,厂房租金每月20000元,20000,CNY,厂房,anchor,2026-08-31,2026-08-31
rent-en-019,en,rent,房屋租金,Rent,expense,"Factory monthly rent, 20000 yuan",20000,CNY,Factory,anchor,2026-08-31,2026-08-31
rent-zh-020,zh,rent,房屋租金,Rent,expense,单身公寓月租2800块,2800,CNY,单身公寓,anchor,2026-08-31,2026-08-31
rent-en-020,en,rent,房屋租金,Rent,expense,"Studio apartment monthly rent, 2800 bucks",2800,CNY,Studio,anchor,2026-08-31,2026-08-31
rent-zh-021,zh,rent,房屋租金,Rent,expense,大前天房租押金交了7000元,7000,CNY,押金,rel:-3,2026-08-28,2026-08-31
rent-en-021,en,rent,房屋租金,Rent,expense,"Rent deposit paid three days ago, 7000 yuan",7000,CNY,Deposit,rel:-3,2026-08-28,2026-08-31
rent-zh-022,zh,rent,房屋租金,Rent,expense,半年付房租21000块,21000,CNY,半年付,anchor,2026-08-31,2026-08-31
rent-en-022,en,rent,房屋租金,Rent,expense,"Semi-annual rent payment, 21000 bucks",21000,CNY,Semi-annual rent,anchor,2026-08-31,2026-08-31
rent-zh-023,zh,rent,房屋租金,Rent,expense,唐楼月租6500HKD,6500,HKD,唐楼,anchor,2026-08-31,2026-08-31
rent-en-023,en,rent,房屋租金,Rent,expense,"Tenement building monthly rent, 6500 HKD",6500,HKD,Tenement,anchor,2026-08-31,2026-08-31
rent-zh-024,zh,rent,房屋租金,Rent,expense,主卧带独卫月租3200元,3200,CNY,主卧,anchor,2026-08-31,2026-08-31
rent-en-024,en,rent,房屋租金,Rent,expense,"Master bedroom with ensuite, 3200 yuan",3200,CNY,Master bedroom,anchor,2026-08-31,2026-08-31
rent-zh-025,zh,rent,房屋租金,Rent,expense,门面房租金每月10000块,10000,CNY,门面,anchor,2026-08-31,2026-08-31
rent-en-025,en,rent,房屋租金,Rent,expense,"Storefront monthly rent, 10000 bucks",10000,CNY,Storefront,anchor,2026-08-31,2026-08-31
rent-zh-026,zh,rent,房屋租金,Rent,expense,海景房月租12000元,12000,CNY,海景房,anchor,2026-08-31,2026-08-31
rent-en-026,en,rent,房屋租金,Rent,expense,"Sea-view flat monthly rent, 12000 yuan",12000,CNY,Sea-view flat,anchor,2026-08-31,2026-08-31
rent-zh-027,zh,rent,房屋租金,Rent,expense,公租房每月租金800块,800,CNY,公租房,anchor,2026-08-31,2026-08-31
rent-en-027,en,rent,房屋租金,Rent,expense,"Public housing monthly rent, 800 bucks",800,CNY,Public housing,anchor,2026-08-31,2026-08-31
rent-zh-028,zh,rent,房屋租金,Rent,expense,铜锣湾商铺月租30000HKD,30000,HKD,商铺,anchor,2026-08-31,2026-08-31
rent-en-028,en,rent,房屋租金,Rent,expense,"Causeway Bay shop monthly rent, 30000 HKD",30000,HKD,Shop rent,anchor,2026-08-31,2026-08-31
rent-zh-029,zh,rent,房屋租金,Rent,expense,人才公寓月租1800元,1800,CNY,人才公寓,anchor,2026-08-31,2026-08-31
rent-en-029,en,rent,房屋租金,Rent,expense,"Talent apartment monthly rent, 1800 yuan",1800,CNY,Talent apartment,anchor,2026-08-31,2026-08-31
rent-zh-030,zh,rent,房屋租金,Rent,expense,合租房分摊房租1500块,1500,CNY,合租,anchor,2026-08-31,2026-08-31
rent-en-030,en,rent,房屋租金,Rent,expense,"Shared flat rent split, 1500 bucks",1500,CNY,Shared flat,anchor,2026-08-31,2026-08-31
rent-zh-031,zh,rent,房屋租金,Rent,expense,别墅月租25000元,25000,CNY,别墅,anchor,2026-08-31,2026-08-31
rent-en-031,en,rent,房屋租金,Rent,expense,"Villa monthly rent, 25000 yuan",25000,CNY,Villa,anchor,2026-08-31,2026-08-31
rent-zh-032,zh,rent,房屋租金,Rent,expense,仓库租金每月5000块,5000,CNY,仓库,anchor,2026-08-31,2026-08-31
rent-en-032,en,rent,房屋租金,Rent,expense,"Warehouse monthly rent, 5000 bucks",5000,CNY,Warehouse,anchor,2026-08-31,2026-08-31
rent-zh-033,zh,rent,房屋租金,Rent,expense,太子公寓月租7500HKD,7500,HKD,太子,anchor,2026-08-31,2026-08-31
rent-en-033,en,rent,房屋租金,Rent,expense,"Prince Edward apartment rent, 7500 HKD",7500,HKD,Prince Edward,anchor,2026-08-31,2026-08-31
rent-zh-034,zh,rent,房屋租金,Rent,expense,精装两居月租5500元,5500,CNY,精装,anchor,2026-08-31,2026-08-31
rent-en-034,en,rent,房屋租金,Rent,expense,"Furnished two-bedroom rent, 5500 yuan",5500,CNY,Furnished two-bed,anchor,2026-08-31,2026-08-31
rent-zh-035,zh,rent,房屋租金,Rent,expense,简装一居月租1800块,1800,CNY,简装,anchor,2026-08-31,2026-08-31
rent-en-035,en,rent,房屋租金,Rent,expense,"Basic one-bedroom rent, 1800 bucks",1800,CNY,Basic one-bed,anchor,2026-08-31,2026-08-31
rent-zh-036,zh,rent,房屋租金,Rent,expense,办公室租金每月15000元,15000,CNY,办公室,anchor,2026-08-31,2026-08-31
rent-en-036,en,rent,房屋租金,Rent,expense,"Office monthly rent, 15000 yuan",15000,CNY,Office,anchor,2026-08-31,2026-08-31
rent-zh-037,zh,rent,房屋租金,Rent,expense,员工宿舍房租每月3000块,3000,CNY,员工宿舍,anchor,2026-08-31,2026-08-31
rent-en-037,en,rent,房屋租金,Rent,expense,"Staff dorm monthly rent, 3000 bucks",3000,CNY,Staff dorm,anchor,2026-08-31,2026-08-31
rent-zh-038,zh,rent,房屋租金,Rent,expense,油麻地租房月租5800HKD,5800,HKD,油麻地,anchor,2026-08-31,2026-08-31
rent-en-038,en,rent,房屋租金,Rent,expense,"Yau Ma Tei monthly rent, 5800 HKD",5800,HKD,Yau Ma Tei,anchor,2026-08-31,2026-08-31
rent-zh-039,zh,rent,房屋租金,Rent,expense,学区房月租7000元,7000,CNY,学区房,anchor,2026-08-31,2026-08-31
rent-en-039,en,rent,房屋租金,Rent,expense,"School district flat rent, 7000 yuan",7000,CNY,School district,anchor,2026-08-31,2026-08-31
rent-zh-040,zh,rent,房屋租金,Rent,expense,底商租金每月18000块,18000,CNY,底商,anchor,2026-08-31,2026-08-31
rent-en-040,en,rent,房屋租金,Rent,expense,"Ground-floor shop rent, 18000 bucks",18000,CNY,Ground-floor shop,anchor,2026-08-31,2026-08-31
rent-zh-041,zh,rent,房屋租金,Rent,expense,复式公寓月租8000元,8000,CNY,复式,anchor,2026-08-31,2026-08-31
rent-en-041,en,rent,房屋租金,Rent,expense,"Duplex apartment monthly rent, 8000 yuan",8000,CNY,Duplex,anchor,2026-08-31,2026-08-31
rent-zh-042,zh,rent,房屋租金,Rent,expense,农民房月租1200块,1200,CNY,农民房,anchor,2026-08-31,2026-08-31
rent-en-042,en,rent,房屋租金,Rent,expense,"Rural house monthly rent, 1200 bucks",1200,CNY,Rural house,anchor,2026-08-31,2026-08-31
rent-zh-043,zh,rent,房屋租金,Rent,expense,尖沙咀酒店式公寓月租20000HKD,20000,HKD,酒店式公寓,anchor,2026-08-31,2026-08-31
rent-en-043,en,rent,房屋租金,Rent,expense,"Tsim Sha Tsui serviced apartment rent, 20000 HKD",20000,HKD,Serviced apartment,anchor,2026-08-31,2026-08-31
rent-zh-044,zh,rent,房屋租金,Rent,expense,老小区两居月租2500元,2500,CNY,老小区,anchor,2026-08-31,2026-08-31
rent-en-044,en,rent,房屋租金,Rent,expense,"Old estate two-bedroom rent, 2500 yuan",2500,CNY,Old estate,anchor,2026-08-31,2026-08-31
rent-zh-045,zh,rent,房屋租金,Rent,expense,新小区三居月租6000块,6000,CNY,新小区,anchor,2026-08-31,2026-08-31
rent-en-045,en,rent,房屋租金,Rent,expense,"New estate three-bedroom rent, 6000 bucks",6000,CNY,New estate,anchor,2026-08-31,2026-08-31
rent-zh-046,zh,rent,房屋租金,Rent,expense,工作室租金每月4000元,4000,CNY,工作室,anchor,2026-08-31,2026-08-31
rent-en-046,en,rent,房屋租金,Rent,expense,"Studio workspace monthly rent, 4000 yuan",4000,CNY,Workspace,anchor,2026-08-31,2026-08-31
rent-zh-047,zh,rent,房屋租金,Rent,expense,车位租金每月300块,300,CNY,车位,anchor,2026-08-31,2026-08-31
rent-en-047,en,rent,房屋租金,Rent,expense,"Parking spot monthly rent, 300 bucks",300,CNY,Parking spot,anchor,2026-08-31,2026-08-31
rent-zh-048,zh,rent,房屋租金,Rent,expense,北角租房月租9000HKD,9000,HKD,北角,anchor,2026-08-31,2026-08-31
rent-en-048,en,rent,房屋租金,Rent,expense,"North Point monthly rent, 9000 HKD",9000,HKD,North Point,anchor,2026-08-31,2026-08-31
rent-zh-049,zh,rent,房屋租金,Rent,expense,回迁房月租2000元,2000,CNY,回迁房,anchor,2026-08-31,2026-08-31
rent-en-049,en,rent,房屋租金,Rent,expense,"Resettlement housing rent, 2000 yuan",2000,CNY,Resettlement housing,anchor,2026-08-31,2026-08-31
rent-zh-050,zh,rent,房屋租金,Rent,expense,公寓式酒店月租4500块,4500,CNY,公寓酒店,anchor,2026-08-31,2026-08-31
rent-en-050,en,rent,房屋租金,Rent,expense,"Apart-hotel monthly rent, 4500 bucks",4500,CNY,Apart-hotel,anchor,2026-08-31,2026-08-31
property_mgmt-zh-001,zh,property_mgmt,物业费用,Property Fees,expense,昨天交这个月物业费280元,280,CNY,月物业费,rel:-1,2026-08-30,2026-08-31
property_mgmt-en-001,en,property_mgmt,物业费用,Property Fees,expense,"Paid this month's property fee yesterday, 280 yuan",280,CNY,Monthly property fee,rel:-1,2026-08-30,2026-08-31
property_mgmt-zh-002,zh,property_mgmt,物业费用,Property Fees,expense,季度物业费花了840块,840,CNY,季物业费,anchor,2026-08-31,2026-08-31
property_mgmt-en-002,en,property_mgmt,物业费用,Property Fees,expense,Quarterly property fee came to 840 bucks,840,CNY,Quarterly property fee,anchor,2026-08-31,2026-08-31
property_mgmt-zh-003,zh,property_mgmt,物业费用,Property Fees,expense,小区物业费每月3.5元每平合计320HKD,320,HKD,按平米计,anchor,2026-08-31,2026-08-31
property_mgmt-en-003,en,property_mgmt,物业费用,Property Fees,expense,"Estate property fee 3.5 yuan per sqm, total 320 HKD",320,HKD,Per square meter,anchor,2026-08-31,2026-08-31
property_mgmt-zh-004,zh,property_mgmt,物业费用,Property Fees,expense,写字楼物业费交了1500元,1500,CNY,写字楼,anchor,2026-08-31,2026-08-31
property_mgmt-en-004,en,property_mgmt,物业费用,Property Fees,expense,"Paid office building property fee, 1500 yuan",1500,CNY,Office building,anchor,2026-08-31,2026-08-31
property_mgmt-zh-005,zh,property_mgmt,物业费用,Property Fees,expense,本周五物业公摊费交了50块,50,CNY,公摊,weekday:5,2026-09-04,2026-08-31
property_mgmt-en-005,en,property_mgmt,物业费用,Property Fees,expense,"Paid shared building expense this Friday, 50 bucks",50,CNY,Shared expense,weekday:5,2026-09-04,2026-08-31
property_mgmt-zh-006,zh,property_mgmt,物业费用,Property Fees,expense,全年物业费优惠后2800元,2800,CNY,年物业费,anchor,2026-08-31,2026-08-31
property_mgmt-en-006,en,property_mgmt,物业费用,Property Fees,expense,"Annual property fee after discount, 2800 yuan",2800,CNY,Annual property fee,anchor,2026-08-31,2026-08-31
property_mgmt-zh-007,zh,property_mgmt,物业费用,Property Fees,expense,公寓管理费每月150HKD,150,HKD,管理费,anchor,2026-08-31,2026-08-31
property_mgmt-en-007,en,property_mgmt,物业费用,Property Fees,expense,Apartment management fee 150 HKD a month,150,HKD,Management fee,anchor,2026-08-31,2026-08-31
property_mgmt-zh-008,zh,property_mgmt,物业费用,Property Fees,expense,垃圾清运费交了80元,80,CNY,垃圾清运,anchor,2026-08-31,2026-08-31
property_mgmt-en-008,en,property_mgmt,物业费用,Property Fees,expense,"Paid garbage removal fee, 80 yuan",80,CNY,Garbage removal,anchor,2026-08-31,2026-08-31
property_mgmt-zh-009,zh,property_mgmt,物业费用,Property Fees,expense,8月5日缴了海外公寓物业费180USD,180,USD,海外物业,ymd:2026-08-05,2026-08-05,2026-08-31
property_mgmt-en-009,en,property_mgmt,物业费用,Property Fees,expense,"Paid overseas apartment property fee on Aug 5, 180 USD",180,USD,Overseas property,ymd:2026-08-05,2026-08-05,2026-08-31
property_mgmt-zh-010,zh,property_mgmt,物业费用,Property Fees,expense,园区物业费交了450块,450,CNY,园区,anchor,2026-08-31,2026-08-31
property_mgmt-en-010,en,property_mgmt,物业费用,Property Fees,expense,"Paid industrial park property fee, 450 bucks",450,CNY,Industrial park,anchor,2026-08-31,2026-08-31
property_mgmt-zh-011,zh,property_mgmt,物业费用,Property Fees,expense,高层住宅物业费每月350元,350,CNY,高层,anchor,2026-08-31,2026-08-31
property_mgmt-en-011,en,property_mgmt,物业费用,Property Fees,expense,High-rise residential property fee 350 yuan a month,350,CNY,High-rise,anchor,2026-08-31,2026-08-31
property_mgmt-zh-012,zh,property_mgmt,物业费用,Property Fees,expense,别墅物业费每月800块,800,CNY,别墅,anchor,2026-08-31,2026-08-31
property_mgmt-en-012,en,property_mgmt,物业费用,Property Fees,expense,Villa property fee 800 bucks a month,800,CNY,Villa,anchor,2026-08-31,2026-08-31
property_mgmt-zh-013,zh,property_mgmt,物业费用,Property Fees,expense,商业楼物业费每平10元合计1200HKD,1200,HKD,商业物业,anchor,2026-08-31,2026-08-31
property_mgmt-en-013,en,property_mgmt,物业费用,Property Fees,expense,"Commercial building property fee 10 yuan per sqm, total 1200 HKD",1200,HKD,Commercial property,anchor,2026-08-31,2026-08-31
property_mgmt-zh-014,zh,property_mgmt,物业费用,Property Fees,expense,小区停车管理费每月100元,100,CNY,停车管理,anchor,2026-08-31,2026-08-31
property_mgmt-en-014,en,property_mgmt,物业费用,Property Fees,expense,Parking management fee 100 yuan a month,100,CNY,Parking management,anchor,2026-08-31,2026-08-31
property_mgmt-zh-015,zh,property_mgmt,物业费用,Property Fees,expense,物业维修费花了200块,200,CNY,维修,anchor,2026-08-31,2026-08-31
property_mgmt-en-015,en,property_mgmt,物业费用,Property Fees,expense,Property repair fee cost 200 bucks,200,CNY,Repairs,anchor,2026-08-31,2026-08-31
property_mgmt-zh-016,zh,property_mgmt,物业费用,Property Fees,expense,半年物业费1500元,1500,CNY,半年物业,anchor,2026-08-31,2026-08-31
property_mgmt-en-016,en,property_mgmt,物业费用,Property Fees,expense,Half-year property fee 1500 yuan,1500,CNY,Half-year property fee,anchor,2026-08-31,2026-08-31
property_mgmt-zh-017,zh,property_mgmt,物业费用,Property Fees,expense,酒店式公寓管理费每月300HKD,300,HKD,管理费,anchor,2026-08-31,2026-08-31
property_mgmt-en-017,en,property_mgmt,物业费用,Property Fees,expense,Serviced apartment management fee 300 HKD a month,300,HKD,Management fee,anchor,2026-08-31,2026-08-31
property_mgmt-zh-018,zh,property_mgmt,物业费用,Property Fees,expense,装修垃圾清运费500元,500,CNY,装修清运,anchor,2026-08-31,2026-08-31
property_mgmt-en-018,en,property_mgmt,物业费用,Property Fees,expense,Renovation debris removal fee 500 yuan,500,CNY,Renovation debris removal,anchor,2026-08-31,2026-08-31
property_mgmt-zh-019,zh,property_mgmt,物业费用,Property Fees,expense,物业费滞纳金20块,20,CNY,滞纳金,anchor,2026-08-31,2026-08-31
property_mgmt-en-019,en,property_mgmt,物业费用,Property Fees,expense,Property fee late charge 20 bucks,20,CNY,Late fee,anchor,2026-08-31,2026-08-31
property_mgmt-zh-020,zh,property_mgmt,物业费用,Property Fees,expense,工业园物业费每月2000元,2000,CNY,工业园,anchor,2026-08-31,2026-08-31
property_mgmt-en-020,en,property_mgmt,物业费用,Property Fees,expense,Industrial park property fee 2000 yuan a month,2000,CNY,Industrial park,anchor,2026-08-31,2026-08-31
property_mgmt-zh-021,zh,property_mgmt,物业费用,Property Fees,expense,小区绿化费分摊50元,50,CNY,绿化费,anchor,2026-08-31,2026-08-31
property_mgmt-en-021,en,property_mgmt,物业费用,Property Fees,expense,Landscaping fee share 50 yuan,50,CNY,Landscaping fee,anchor,2026-08-31,2026-08-31
property_mgmt-zh-022,zh,property_mgmt,物业费用,Property Fees,expense,电梯维护费每月80块,80,CNY,电梯维护,anchor,2026-08-31,2026-08-31
property_mgmt-en-022,en,property_mgmt,物业费用,Property Fees,expense,Elevator maintenance 80 bucks a month,80,CNY,Elevator maintenance,anchor,2026-08-31,2026-08-31
property_mgmt-zh-023,zh,property_mgmt,物业费用,Property Fees,expense,香港屋苑管理费每月400HKD,400,HKD,屋苑管理,anchor,2026-08-31,2026-08-31
property_mgmt-en-023,en,property_mgmt,物业费用,Property Fees,expense,HK estate management fee 400 HKD a month,400,HKD,Estate management,anchor,2026-08-31,2026-08-31
property_mgmt-zh-024,zh,property_mgmt,物业费用,Property Fees,expense,商住楼物业费每月600元,600,CNY,商住楼,anchor,2026-08-31,2026-08-31
property_mgmt-en-024,en,property_mgmt,物业费用,Property Fees,expense,Mixed-use building property fee 600 yuan a month,600,CNY,Mixed-use building,anchor,2026-08-31,2026-08-31
property_mgmt-zh-025,zh,property_mgmt,物业费用,Property Fees,expense,安保费分摊每月30块,30,CNY,安保费,anchor,2026-08-31,2026-08-31
property_mgmt-en-025,en,property_mgmt,物业费用,Property Fees,expense,Security fee share 30 bucks a month,30,CNY,Security fee,anchor,2026-08-31,2026-08-31
property_mgmt-zh-026,zh,property_mgmt,物业费用,Property Fees,expense,全年物业费3360元,3360,CNY,年物业费,anchor,2026-08-31,2026-08-31
property_mgmt-en-026,en,property_mgmt,物业费用,Property Fees,expense,Annual property fee 3360 yuan,3360,CNY,Annual property fee,anchor,2026-08-31,2026-08-31
property_mgmt-zh-027,zh,property_mgmt,物业费用,Property Fees,expense,公共区域能耗费每月50HKD,50,HKD,公共能耗,anchor,2026-08-31,2026-08-31
property_mgmt-en-027,en,property_mgmt,物业费用,Property Fees,expense,Common area energy fee 50 HKD a month,50,HKD,Common area utilities,anchor,2026-08-31,2026-08-31
property_mgmt-zh-028,zh,property_mgmt,物业费用,Property Fees,expense,门禁系统维护费80元,80,CNY,门禁维护,anchor,2026-08-31,2026-08-31
property_mgmt-en-028,en,property_mgmt,物业费用,Property Fees,expense,Access control maintenance fee 80 yuan,80,CNY,Access control maintenance,anchor,2026-08-31,2026-08-31
property_mgmt-zh-029,zh,property_mgmt,物业费用,Property Fees,expense,泳池维护费分摊100块,100,CNY,泳池维护,anchor,2026-08-31,2026-08-31
property_mgmt-en-029,en,property_mgmt,物业费用,Property Fees,expense,Pool maintenance share 100 bucks,100,CNY,Pool maintenance,anchor,2026-08-31,2026-08-31
property_mgmt-zh-030,zh,property_mgmt,物业费用,Property Fees,expense,写字楼空调费每月500元,500,CNY,空调费,anchor,2026-08-31,2026-08-31
property_mgmt-en-030,en,property_mgmt,物业费用,Property Fees,expense,Office AC fee 500 yuan a month,500,CNY,AC fee,anchor,2026-08-31,2026-08-31
property_mgmt-zh-031,zh,property_mgmt,物业费用,Property Fees,expense,小区公共水电费每月60块,60,CNY,公共水电,anchor,2026-08-31,2026-08-31
property_mgmt-en-031,en,property_mgmt,物业费用,Property Fees,expense,Common water and electric 60 bucks a month,60,CNY,Common utilities,anchor,2026-08-31,2026-08-31
property_mgmt-zh-032,zh,property_mgmt,物业费用,Property Fees,expense,公屋管理费每月80HKD,80,HKD,公屋,anchor,2026-08-31,2026-08-31
property_mgmt-en-032,en,property_mgmt,物业费用,Property Fees,expense,Public housing management fee 80 HKD a month,80,HKD,Public housing,anchor,2026-08-31,2026-08-31
property_mgmt-zh-033,zh,property_mgmt,物业费用,Property Fees,expense,商铺物业费每月200元,200,CNY,商铺物业,anchor,2026-08-31,2026-08-31
property_mgmt-en-033,en,property_mgmt,物业费用,Property Fees,expense,Shop property fee 200 yuan a month,200,CNY,Shop property fee,anchor,2026-08-31,2026-08-31
property_mgmt-zh-034,zh,property_mgmt,物业费用,Property Fees,expense,物业费预交一年3000块,3000,CNY,预交物业,anchor,2026-08-31,2026-08-31
property_mgmt-en-034,en,property_mgmt,物业费用,Property Fees,expense,"Prepaid property fee for a year, 3000 bucks",3000,CNY,Prepaid property fee,anchor,2026-08-31,2026-08-31
property_mgmt-zh-035,zh,property_mgmt,物业费用,Property Fees,expense,多层住宅物业费每月180元,180,CNY,多层,anchor,2026-08-31,2026-08-31
property_mgmt-en-035,en,property_mgmt,物业费用,Property Fees,expense,Low-rise residential property fee 180 yuan a month,180,CNY,Low-rise building,anchor,2026-08-31,2026-08-31
property_mgmt-zh-036,zh,property_mgmt,物业费用,Property Fees,expense,商务中心物业费每月800块,800,CNY,商务中心,anchor,2026-08-31,2026-08-31
property_mgmt-en-036,en,property_mgmt,物业费用,Property Fees,expense,Business center property fee 800 bucks a month,800,CNY,Business center,anchor,2026-08-31,2026-08-31
property_mgmt-zh-037,zh,property_mgmt,物业费用,Property Fees,expense,居屋管理费每月250HKD,250,HKD,居屋,anchor,2026-08-31,2026-08-31
property_mgmt-en-037,en,property_mgmt,物业费用,Property Fees,expense,Home Ownership Scheme management fee 250 HKD a month,250,HKD,Home Ownership Scheme,anchor,2026-08-31,2026-08-31
property_mgmt-zh-038,zh,property_mgmt,物业费用,Property Fees,expense,小区改造费分摊500元,500,CNY,改造费,anchor,2026-08-31,2026-08-31
property_mgmt-en-038,en,property_mgmt,物业费用,Property Fees,expense,Community renovation fee share 500 yuan,500,CNY,Renovation fee,anchor,2026-08-31,2026-08-31
property_mgmt-zh-039,zh,property_mgmt,物业费用,Property Fees,expense,车位管理费每月50块,50,CNY,车位管理,anchor,2026-08-31,2026-08-31
property_mgmt-en-039,en,property_mgmt,物业费用,Property Fees,expense,Parking spot management fee 50 bucks a month,50,CNY,Parking spot fee,anchor,2026-08-31,2026-08-31
property_mgmt-zh-040,zh,property_mgmt,物业费用,Property Fees,expense,公寓物业费每月220元,220,CNY,公寓物业,anchor,2026-08-31,2026-08-31
property_mgmt-en-040,en,property_mgmt,物业费用,Property Fees,expense,Apartment property fee 220 yuan a month,220,CNY,Apartment property fee,anchor,2026-08-31,2026-08-31
property_mgmt-zh-041,zh,property_mgmt,物业费用,Property Fees,expense,商场物业费每月1500块,1500,CNY,商场物业,anchor,2026-08-31,2026-08-31
property_mgmt-en-041,en,property_mgmt,物业费用,Property Fees,expense,Mall property fee 1500 bucks a month,1500,CNY,Mall property fee,anchor,2026-08-31,2026-08-31
property_mgmt-zh-042,zh,property_mgmt,物业费用,Property Fees,expense,豪宅物业费每月1200HKD,1200,HKD,豪宅物业,anchor,2026-08-31,2026-08-31
property_mgmt-en-042,en,property_mgmt,物业费用,Property Fees,expense,Luxury property fee 1200 HKD a month,1200,HKD,Luxury property fee,anchor,2026-08-31,2026-08-31
property_mgmt-zh-043,zh,property_mgmt,物业费用,Property Fees,expense,普通住宅物业费每月200元,200,CNY,普通住宅,anchor,2026-08-31,2026-08-31
property_mgmt-en-043,en,property_mgmt,物业费用,Property Fees,expense,Standard residential property fee 200 yuan a month,200,CNY,Standard residential,anchor,2026-08-31,2026-08-31
property_mgmt-zh-044,zh,property_mgmt,物业费用,Property Fees,expense,物业费涨价后每月320块,320,CNY,涨价后,anchor,2026-08-31,2026-08-31
property_mgmt-en-044,en,property_mgmt,物业费用,Property Fees,expense,"Property fee after increase, 320 bucks a month",320,CNY,After price increase,anchor,2026-08-31,2026-08-31
property_mgmt-zh-045,zh,property_mgmt,物业费用,Property Fees,expense,产业园物业费每月1000元,1000,CNY,产业园,anchor,2026-08-31,2026-08-31
property_mgmt-en-045,en,property_mgmt,物业费用,Property Fees,expense,Industrial park property fee 1000 yuan a month,1000,CNY,Industrial park,anchor,2026-08-31,2026-08-31
property_mgmt-zh-046,zh,property_mgmt,物业费用,Property Fees,expense,卫生费每月15块,15,CNY,卫生费,anchor,2026-08-31,2026-08-31
property_mgmt-en-046,en,property_mgmt,物业费用,Property Fees,expense,Sanitation fee 15 bucks a month,15,CNY,Sanitation fee,anchor,2026-08-31,2026-08-31
property_mgmt-zh-047,zh,property_mgmt,物业费用,Property Fees,expense,丁屋管理费每月180HKD,180,HKD,丁屋,anchor,2026-08-31,2026-08-31
property_mgmt-en-047,en,property_mgmt,物业费用,Property Fees,expense,Ding house management fee 180 HKD a month,180,HKD,Ding house,anchor,2026-08-31,2026-08-31
property_mgmt-zh-048,zh,property_mgmt,物业费用,Property Fees,expense,商住两用物业费每月450元,450,CNY,商住两用,anchor,2026-08-31,2026-08-31
property_mgmt-en-048,en,property_mgmt,物业费用,Property Fees,expense,Mixed residential-commercial property fee 450 yuan a month,450,CNY,Mixed residential-commercial,anchor,2026-08-31,2026-08-31
property_mgmt-zh-049,zh,property_mgmt,物业费用,Property Fees,expense,物业代收排污费30块,30,CNY,排污费,anchor,2026-08-31,2026-08-31
property_mgmt-en-049,en,property_mgmt,物业费用,Property Fees,expense,Property-collected sewage fee 30 bucks,30,CNY,Sewage fee,anchor,2026-08-31,2026-08-31
property_mgmt-zh-050,zh,property_mgmt,物业费用,Property Fees,expense,小区物业费年付打九折2900元,2900,CNY,年付折扣,anchor,2026-08-31,2026-08-31
property_mgmt-en-050,en,property_mgmt,物业费用,Property Fees,expense,"Annual property fee with 10% off, 2900 yuan",2900,CNY,Annual discount,anchor,2026-08-31,2026-08-31
utilities-zh-001,zh,utilities,水电燃气,Utilities,expense,昨天交这个月电费180元,180,CNY,电费,rel:-1,2026-08-30,2026-08-31
utilities-en-001,en,utilities,水电燃气,Utilities,expense,"Paid this month's electric bill yesterday, 180 yuan",180,CNY,Electric bill,rel:-1,2026-08-30,2026-08-31
utilities-zh-002,zh,utilities,水电燃气,Utilities,expense,水费花了45块钱,45,CNY,水费,anchor,2026-08-31,2026-08-31
utilities-en-002,en,utilities,水电燃气,Utilities,expense,Water bill came to 45 bucks,45,CNY,Water bill,anchor,2026-08-31,2026-08-31
utilities-zh-003,zh,utilities,水电燃气,Utilities,expense,本周二燃气费充值200HKD,200,HKD,燃气费,weekday:2,2026-09-01,2026-08-31
utilities-en-003,en,utilities,水电燃气,Utilities,expense,"Topped up gas bill this Tuesday, 200 HKD",200,HKD,Gas bill,weekday:2,2026-09-01,2026-08-31
utilities-zh-004,zh,utilities,水电燃气,Utilities,expense,水电费合计交了260元,260,CNY,水电合计,anchor,2026-08-31,2026-08-31
utilities-en-004,en,utilities,水电燃气,Utilities,expense,"Paid water and electric together, 260 yuan",260,CNY,Water and electric,anchor,2026-08-31,2026-08-31
utilities-zh-005,zh,utilities,水电燃气,Utilities,expense,夏天开空调电费320块,320,CNY,夏天空调,anchor,2026-08-31,2026-08-31
utilities-en-005,en,utilities,水电燃气,Utilities,expense,Summer AC electric bill 320 bucks,320,CNY,Summer AC bill,anchor,2026-08-31,2026-08-31
utilities-zh-006,zh,utilities,水电燃气,Utilities,expense,燃气热水器用气花了85元,85,CNY,燃气,anchor,2026-08-31,2026-08-31
utilities-en-006,en,utilities,水电燃气,Utilities,expense,Gas water heater bill 85 yuan,85,CNY,Gas,anchor,2026-08-31,2026-08-31
utilities-zh-007,zh,utilities,水电燃气,Utilities,expense,8月10日商用电费交了560HKD,560,HKD,商业用电,ymd:2026-08-10,2026-08-10,2026-08-31
utilities-en-007,en,utilities,水电燃气,Utilities,expense,"Paid commercial electric bill on Aug 10, 560 HKD",560,HKD,Commercial electric,ymd:2026-08-10,2026-08-10,2026-08-31
utilities-zh-008,zh,utilities,水电燃气,Utilities,expense,桶装水订了10桶花了120元,120,CNY,桶装水,anchor,2026-08-31,2026-08-31
utilities-en-008,en,utilities,水电燃气,Utilities,expense,"Ordered 10 water jugs, 120 yuan",120,CNY,Bottled water,anchor,2026-08-31,2026-08-31
utilities-zh-009,zh,utilities,水电燃气,Utilities,expense,海外公寓水电费150USD,150,USD,海外水电,anchor,2026-08-31,2026-08-31
utilities-en-009,en,utilities,水电燃气,Utilities,expense,Overseas apartment utilities 150 USD,150,USD,Overseas utilities,anchor,2026-08-31,2026-08-31
utilities-zh-010,zh,utilities,水电燃气,Utilities,expense,暖气费交了2400块,2400,CNY,暖气费,anchor,2026-08-31,2026-08-31
utilities-en-010,en,utilities,水电燃气,Utilities,expense,Heating bill 2400 bucks,2400,CNY,Heating bill,anchor,2026-08-31,2026-08-31
utilities-zh-011,zh,utilities,水电燃气,Utilities,expense,电费充值200元,200,CNY,电费充值,anchor,2026-08-31,2026-08-31
utilities-en-011,en,utilities,水电燃气,Utilities,expense,"Topped up electric bill, 200 yuan",200,CNY,Electric top-up,anchor,2026-08-31,2026-08-31
utilities-zh-012,zh,utilities,水电燃气,Utilities,expense,污水处理费每月15块,15,CNY,污水费,anchor,2026-08-31,2026-08-31
utilities-en-012,en,utilities,水电燃气,Utilities,expense,Sewage treatment fee 15 bucks a month,15,CNY,Sewage fee,anchor,2026-08-31,2026-08-31
utilities-zh-013,zh,utilities,水电燃气,Utilities,expense,今天明天煤气罐换气都花120HKD,120,HKD,换煤气,"rel:0,1",2026-08-31|2026-09-01,2026-08-31
utilities-en-013,en,utilities,水电燃气,Utilities,expense,"Gas cylinder swap today and tomorrow, 120 HKD each time",120,HKD,Gas cylinder swap,"rel:0,1",2026-08-31|2026-09-01,2026-08-31
utilities-zh-014,zh,utilities,水电燃气,Utilities,expense,阶梯电费第二档花了210元,210,CNY,阶梯电费,anchor,2026-08-31,2026-08-31
utilities-en-014,en,utilities,水电燃气,Utilities,expense,Second-tier electric bill 210 yuan,210,CNY,Tiered electric bill,anchor,2026-08-31,2026-08-31
utilities-zh-015,zh,utilities,水电燃气,Utilities,expense,水费加污水处理费一共60块,60,CNY,水费合计,anchor,2026-08-31,2026-08-31
utilities-en-015,en,utilities,水电燃气,Utilities,expense,Water plus sewage fee total 60 bucks,60,CNY,Water total,anchor,2026-08-31,2026-08-31
utilities-zh-016,zh,utilities,水电燃气,Utilities,expense,天然气开户费300元,300,CNY,开户费,anchor,2026-08-31,2026-08-31
utilities-en-016,en,utilities,水电燃气,Utilities,expense,Natural gas account opening fee 300 yuan,300,CNY,Account opening fee,anchor,2026-08-31,2026-08-31
utilities-zh-017,zh,utilities,水电燃气,Utilities,expense,桶装水押金50块,50,CNY,押金,anchor,2026-08-31,2026-08-31
utilities-en-017,en,utilities,水电燃气,Utilities,expense,Water jug deposit 50 bucks,50,CNY,Deposit,anchor,2026-08-31,2026-08-31
utilities-zh-018,zh,utilities,水电燃气,Utilities,expense,香港电费每月400HKD,400,HKD,香港电费,anchor,2026-08-31,2026-08-31
utilities-en-018,en,utilities,水电燃气,Utilities,expense,HK electric bill 400 HKD a month,400,HKD,HK electric bill,anchor,2026-08-31,2026-08-31
utilities-zh-019,zh,utilities,水电燃气,Utilities,expense,商业用电电费800元,800,CNY,商业用电,anchor,2026-08-31,2026-08-31
utilities-en-019,en,utilities,水电燃气,Utilities,expense,Commercial electric bill 800 yuan,800,CNY,Commercial electric,anchor,2026-08-31,2026-08-31
utilities-zh-020,zh,utilities,水电燃气,Utilities,expense,燃气报警器安装费150块,150,CNY,报警器,anchor,2026-08-31,2026-08-31
utilities-en-020,en,utilities,水电燃气,Utilities,expense,Gas alarm install fee 150 bucks,150,CNY,Gas alarm install,anchor,2026-08-31,2026-08-31
utilities-zh-021,zh,utilities,水电燃气,Utilities,expense,插卡电表充值300元,300,CNY,电表充值,anchor,2026-08-31,2026-08-31
utilities-en-021,en,utilities,水电燃气,Utilities,expense,Prepaid meter top-up 300 yuan,300,CNY,Meter top-up,anchor,2026-08-31,2026-08-31
utilities-zh-022,zh,utilities,水电燃气,Utilities,expense,自来水开户费200块,200,CNY,开户费,anchor,2026-08-31,2026-08-31
utilities-en-022,en,utilities,水电燃气,Utilities,expense,Tap water account opening fee 200 bucks,200,CNY,Account opening fee,anchor,2026-08-31,2026-08-31
utilities-zh-023,zh,utilities,水电燃气,Utilities,expense,瓶装水配送每月80HKD,80,HKD,瓶装水,anchor,2026-08-31,2026-08-31
utilities-en-023,en,utilities,水电燃气,Utilities,expense,Bottled water delivery 80 HKD a month,80,HKD,Bottled water delivery,anchor,2026-08-31,2026-08-31
utilities-zh-024,zh,utilities,水电燃气,Utilities,expense,峰谷电费合计250元,250,CNY,峰谷电价,anchor,2026-08-31,2026-08-31
utilities-en-024,en,utilities,水电燃气,Utilities,expense,Peak-off-peak electric total 250 yuan,250,CNY,Peak-off-peak electric,anchor,2026-08-31,2026-08-31
utilities-zh-025,zh,utilities,水电燃气,Utilities,expense,燃气灶具维修费80块,80,CNY,维修,anchor,2026-08-31,2026-08-31
utilities-en-025,en,utilities,水电燃气,Utilities,expense,Gas stove repair 80 bucks,80,CNY,Stove repair,anchor,2026-08-31,2026-08-31
utilities-zh-026,zh,utilities,水电燃气,Utilities,expense,水电费代缴手续费5元,5,CNY,代缴费,anchor,2026-08-31,2026-08-31
utilities-en-026,en,utilities,水电燃气,Utilities,expense,Utility payment service fee 5 yuan,5,CNY,Payment service fee,anchor,2026-08-31,2026-08-31
utilities-zh-027,zh,utilities,水电燃气,Utilities,expense,工业用电电费1500块,1500,CNY,工业用电,anchor,2026-08-31,2026-08-31
utilities-en-027,en,utilities,水电燃气,Utilities,expense,Industrial electric bill 1500 bucks,1500,CNY,Industrial electric,anchor,2026-08-31,2026-08-31
utilities-zh-028,zh,utilities,水电燃气,Utilities,expense,香港水费每月80HKD,80,HKD,香港水费,anchor,2026-08-31,2026-08-31
utilities-en-028,en,utilities,水电燃气,Utilities,expense,HK water bill 80 HKD a month,80,HKD,HK water bill,anchor,2026-08-31,2026-08-31
utilities-zh-029,zh,utilities,水电燃气,Utilities,expense,家里电费欠费补交220元,220,CNY,欠费补交,anchor,2026-08-31,2026-08-31
utilities-en-029,en,utilities,水电燃气,Utilities,expense,"Paid overdue electric bill, 220 yuan",220,CNY,Arrears payment,anchor,2026-08-31,2026-08-31
utilities-zh-030,zh,utilities,水电燃气,Utilities,expense,燃气胶管更换花了30块,30,CNY,胶管更换,anchor,2026-08-31,2026-08-31
utilities-en-030,en,utilities,水电燃气,Utilities,expense,Gas hose replacement 30 bucks,30,CNY,Gas hose replacement,anchor,2026-08-31,2026-08-31
utilities-zh-031,zh,utilities,水电燃气,Utilities,expense,饮水机换水花了25元,25,CNY,换水,anchor,2026-08-31,2026-08-31
utilities-en-031,en,utilities,水电燃气,Utilities,expense,Water dispenser refill 25 yuan,25,CNY,Water dispenser refill,anchor,2026-08-31,2026-08-31
utilities-zh-032,zh,utilities,水电燃气,Utilities,expense,电费违约金10块,10,CNY,违约金,anchor,2026-08-31,2026-08-31
utilities-en-032,en,utilities,水电燃气,Utilities,expense,Electric late payment penalty 10 bucks,10,CNY,Late payment penalty,anchor,2026-08-31,2026-08-31
utilities-zh-033,zh,utilities,水电燃气,Utilities,expense,管道燃气初装费2500元,2500,CNY,初装费,anchor,2026-08-31,2026-08-31
utilities-en-033,en,utilities,水电燃气,Utilities,expense,Piped gas hookup fee 2500 yuan,2500,CNY,Gas hookup fee,anchor,2026-08-31,2026-08-31
utilities-zh-034,zh,utilities,水电燃气,Utilities,expense,水电过户费50块,50,CNY,过户费,anchor,2026-08-31,2026-08-31
utilities-en-034,en,utilities,水电燃气,Utilities,expense,Utility account transfer fee 50 bucks,50,CNY,Transfer fee,anchor,2026-08-31,2026-08-31
utilities-zh-035,zh,utilities,水电燃气,Utilities,expense,香港燃气费每月300HKD,300,HKD,香港燃气,anchor,2026-08-31,2026-08-31
utilities-en-035,en,utilities,水电燃气,Utilities,expense,HK gas bill 300 HKD a month,300,HKD,HK gas bill,anchor,2026-08-31,2026-08-31
utilities-zh-036,zh,utilities,水电燃气,Utilities,expense,出租屋水电费每月200元,200,CNY,出租屋,anchor,2026-08-31,2026-08-31
utilities-en-036,en,utilities,水电燃气,Utilities,expense,Rental unit utilities 200 yuan a month,200,CNY,Rental unit utilities,anchor,2026-08-31,2026-08-31
utilities-zh-037,zh,utilities,水电燃气,Utilities,expense,电热水器清洗费80块,80,CNY,清洗,anchor,2026-08-31,2026-08-31
utilities-en-037,en,utilities,水电燃气,Utilities,expense,Water heater cleaning 80 bucks,80,CNY,Water heater cleaning,anchor,2026-08-31,2026-08-31
utilities-zh-038,zh,utilities,水电燃气,Utilities,expense,水表更换花了150元,150,CNY,换水表,anchor,2026-08-31,2026-08-31
utilities-en-038,en,utilities,水电燃气,Utilities,expense,Water meter replacement 150 yuan,150,CNY,Water meter replacement,anchor,2026-08-31,2026-08-31
utilities-zh-039,zh,utilities,水电燃气,Utilities,expense,电表校准费50块,50,CNY,电表校准,anchor,2026-08-31,2026-08-31
utilities-en-039,en,utilities,水电燃气,Utilities,expense,Electric meter calibration 50 bucks,50,CNY,Meter calibration,anchor,2026-08-31,2026-08-31
utilities-zh-040,zh,utilities,水电燃气,Utilities,expense,商业水费每吨5元合计120元,120,CNY,商业水费,anchor,2026-08-31,2026-08-31
utilities-en-040,en,utilities,水电燃气,Utilities,expense,"Commercial water 5 yuan per ton, total 120 yuan",120,CNY,Commercial water,anchor,2026-08-31,2026-08-31
utilities-zh-041,zh,utilities,水电燃气,Utilities,expense,燃气保险费20元每年,20,CNY,燃气保险,anchor,2026-08-31,2026-08-31
utilities-en-041,en,utilities,水电燃气,Utilities,expense,Gas insurance 20 yuan a year,20,CNY,Gas insurance,anchor,2026-08-31,2026-08-31
utilities-zh-042,zh,utilities,水电燃气,Utilities,expense,桶装水买十送二花了200块,200,CNY,桶装水,anchor,2026-08-31,2026-08-31
utilities-en-042,en,utilities,水电燃气,Utilities,expense,"Bottled water buy-10-get-2 deal, 200 bucks",200,CNY,Bottled water,anchor,2026-08-31,2026-08-31
utilities-zh-043,zh,utilities,水电燃气,Utilities,expense,香港电费补贴后每月350HKD,350,HKD,补贴后,anchor,2026-08-31,2026-08-31
utilities-en-043,en,utilities,水电燃气,Utilities,expense,"HK electric bill after subsidy, 350 HKD a month",350,HKD,After subsidy,anchor,2026-08-31,2026-08-31
utilities-zh-044,zh,utilities,水电燃气,Utilities,expense,民用电费每度0.5元合计180元,180,CNY,民用电,anchor,2026-08-31,2026-08-31
utilities-en-044,en,utilities,水电燃气,Utilities,expense,"Residential electric 0.5 yuan per kWh, total 180 yuan",180,CNY,Residential electric,anchor,2026-08-31,2026-08-31
utilities-zh-045,zh,utilities,水电燃气,Utilities,expense,燃气表更换花了280块,280,CNY,换燃气表,anchor,2026-08-31,2026-08-31
utilities-en-045,en,utilities,水电燃气,Utilities,expense,Gas meter replacement 280 bucks,280,CNY,Gas meter replacement,anchor,2026-08-31,2026-08-31
utilities-zh-046,zh,utilities,水电燃气,Utilities,expense,楼道灯公摊电费每月10元,10,CNY,公摊电费,anchor,2026-08-31,2026-08-31
utilities-en-046,en,utilities,水电燃气,Utilities,expense,Shared hallway electric 10 yuan a month,10,CNY,Shared hallway electric,anchor,2026-08-31,2026-08-31
utilities-zh-047,zh,utilities,水电燃气,Utilities,expense,二次供水费每月20块,20,CNY,二次供水,anchor,2026-08-31,2026-08-31
utilities-en-047,en,utilities,水电燃气,Utilities,expense,Secondary water supply fee 20 bucks a month,20,CNY,Secondary water supply,anchor,2026-08-31,2026-08-31
utilities-zh-048,zh,utilities,水电燃气,Utilities,expense,大功率用电增容费500元,500,CNY,增容费,anchor,2026-08-31,2026-08-31
utilities-en-048,en,utilities,水电燃气,Utilities,expense,High-power electric upgrade fee 500 yuan,500,CNY,Power upgrade fee,anchor,2026-08-31,2026-08-31
utilities-zh-049,zh,utilities,水电燃气,Utilities,expense,水电维修上门费60块,60,CNY,上门费,anchor,2026-08-31,2026-08-31
utilities-en-049,en,utilities,水电燃气,Utilities,expense,Utility repair service call 60 bucks,60,CNY,Service call fee,anchor,2026-08-31,2026-08-31
utilities-zh-050,zh,utilities,水电燃气,Utilities,expense,瓶装液化气一罐130元,130,CNY,液化气,anchor,2026-08-31,2026-08-31
utilities-en-050,en,utilities,水电燃气,Utilities,expense,One LPG cylinder 130 yuan,130,CNY,LPG cylinder,anchor,2026-08-31,2026-08-31
mobile_phone-zh-001,zh,mobile_phone,通讯话费,Mobile and Phone,expense,昨天手机话费充值100元,100,CNY,话费充值,rel:-1,2026-08-30,2026-08-31
mobile_phone-en-001,en,mobile_phone,通讯话费,Mobile and Phone,expense,"Topped up phone credit yesterday, 100 yuan",100,CNY,Phone top-up,rel:-1,2026-08-30,2026-08-31
mobile_phone-zh-002,zh,mobile_phone,通讯话费,Mobile and Phone,expense,交电话费花了58块,58,CNY,话费,anchor,2026-08-31,2026-08-31
mobile_phone-en-002,en,mobile_phone,通讯话费,Mobile and Phone,expense,Phone bill came to 58 bucks,58,CNY,Phone bill,anchor,2026-08-31,2026-08-31
mobile_phone-zh-003,zh,mobile_phone,通讯话费,Mobile and Phone,expense,香港电话卡充值200HKD,200,HKD,电话卡充值,anchor,2026-08-31,2026-08-31
mobile_phone-en-003,en,mobile_phone,通讯话费,Mobile and Phone,expense,"Topped up HK phone card, 200 HKD",200,HKD,SIM top-up,anchor,2026-08-31,2026-08-31
mobile_phone-zh-004,zh,mobile_phone,通讯话费,Mobile and Phone,expense,这一周每天流量包续费花了30元,30,CNY,流量包,week:0,2026-08-31|2026-09-01|2026-09-02|2026-09-03|2026-09-04|2026-09-05|2026-09-06,2026-08-31
mobile_phone-en-004,en,mobile_phone,通讯话费,Mobile and Phone,expense,"Data package renewal every day this week, 30 yuan",30,CNY,Data package,week:0,2026-08-31|2026-09-01|2026-09-02|2026-09-03|2026-09-04|2026-09-05|2026-09-06,2026-08-31
mobile_phone-zh-005,zh,mobile_phone,通讯话费,Mobile and Phone,expense,国际长途话费花了120块,120,CNY,国际长途,anchor,2026-08-31,2026-08-31
mobile_phone-en-005,en,mobile_phone,通讯话费,Mobile and Phone,expense,International call charges 120 bucks,120,CNY,International calls,anchor,2026-08-31,2026-08-31
mobile_phone-zh-006,zh,mobile_phone,通讯话费,Mobile and Phone,expense,手机号套餐扣费99元,99,CNY,套餐扣费,anchor,2026-08-31,2026-08-31
mobile_phone-en-006,en,mobile_phone,通讯话费,Mobile and Phone,expense,Phone plan charge 99 yuan,99,CNY,Plan charge,anchor,2026-08-31,2026-08-31
mobile_phone-zh-007,zh,mobile_phone,通讯话费,Mobile and Phone,expense,电话卡月费68HKD,68,HKD,月费,anchor,2026-08-31,2026-08-31
mobile_phone-en-007,en,mobile_phone,通讯话费,Mobile and Phone,expense,Phone card monthly fee 68 HKD,68,HKD,Monthly fee,anchor,2026-08-31,2026-08-31
mobile_phone-zh-008,zh,mobile_phone,通讯话费,Mobile and Phone,expense,漫游话费扣了45元,45,CNY,漫游,anchor,2026-08-31,2026-08-31
mobile_phone-en-008,en,mobile_phone,通讯话费,Mobile and Phone,expense,Roaming charges 45 yuan,45,CNY,Roaming,anchor,2026-08-31,2026-08-31
mobile_phone-zh-009,zh,mobile_phone,通讯话费,Mobile and Phone,expense,今天明天海外电话卡都充值50USD,50,USD,海外电话卡,"rel:0,1",2026-08-31|2026-09-01,2026-08-31
mobile_phone-en-009,en,mobile_phone,通讯话费,Mobile and Phone,expense,"Overseas SIM top-up today and tomorrow, 50 USD each",50,USD,Overseas SIM,"rel:0,1",2026-08-31|2026-09-01,2026-08-31
mobile_phone-zh-010,zh,mobile_phone,通讯话费,Mobile and Phone,expense,宽带绑定话费扣了129块,129,CNY,宽带绑定,anchor,2026-08-31,2026-08-31
mobile_phone-en-010,en,mobile_phone,通讯话费,Mobile and Phone,expense,Broadband bundle phone charge 129 bucks,129,CNY,Broadband bundle,anchor,2026-08-31,2026-08-31
mobile_phone-zh-011,zh,mobile_phone,通讯话费,Mobile and Phone,expense,手机号停机保号费每月5元,5,CNY,保号费,anchor,2026-08-31,2026-08-31
mobile_phone-en-011,en,mobile_phone,通讯话费,Mobile and Phone,expense,Number retention fee 5 yuan a month,5,CNY,Number retention fee,anchor,2026-08-31,2026-08-31
mobile_phone-zh-012,zh,mobile_phone,通讯话费,Mobile and Phone,expense,话费余额不足充值200块,200,CNY,充值,anchor,2026-08-31,2026-08-31
mobile_phone-en-012,en,mobile_phone,通讯话费,Mobile and Phone,expense,"Topped up low balance, 200 bucks",200,CNY,Top-up,anchor,2026-08-31,2026-08-31
mobile_phone-zh-013,zh,mobile_phone,通讯话费,Mobile and Phone,expense,香港上台套餐每月128HKD,128,HKD,上台套餐,anchor,2026-08-31,2026-08-31
mobile_phone-en-013,en,mobile_phone,通讯话费,Mobile and Phone,expense,HK contract plan 128 HKD a month,128,HKD,Contract plan,anchor,2026-08-31,2026-08-31
mobile_phone-zh-014,zh,mobile_phone,通讯话费,Mobile and Phone,expense,短信包10元100条,10,CNY,短信包,anchor,2026-08-31,2026-08-31
mobile_phone-en-014,en,mobile_phone,通讯话费,Mobile and Phone,expense,SMS package 10 yuan for 100 texts,10,CNY,SMS package,anchor,2026-08-31,2026-08-31
mobile_phone-zh-015,zh,mobile_phone,通讯话费,Mobile and Phone,expense,本周四来电显示费每月6块,6,CNY,来电显示,weekday:4,2026-09-03,2026-08-31
mobile_phone-en-015,en,mobile_phone,通讯话费,Mobile and Phone,expense,"Caller ID fee this Thursday, 6 bucks a month",6,CNY,Caller ID fee,weekday:4,2026-09-03,2026-08-31
mobile_phone-zh-016,zh,mobile_phone,通讯话费,Mobile and Phone,expense,异地通话费25元,25,CNY,异地通话,anchor,2026-08-31,2026-08-31
mobile_phone-en-016,en,mobile_phone,通讯话费,Mobile and Phone,expense,Out-of-area call charges 25 yuan,25,CNY,Out-of-area calls,anchor,2026-08-31,2026-08-31
mobile_phone-zh-017,zh,mobile_phone,通讯话费,Mobile and Phone,expense,手机卡补办费20元,20,CNY,补卡,anchor,2026-08-31,2026-08-31
mobile_phone-en-017,en,mobile_phone,通讯话费,Mobile and Phone,expense,SIM replacement fee 20 bucks,20,CNY,SIM replacement,anchor,2026-08-31,2026-08-31
mobile_phone-zh-018,zh,mobile_phone,通讯话费,Mobile and Phone,expense,香港储值卡充值100HKD,100,HKD,储值卡,anchor,2026-08-31,2026-08-31
mobile_phone-en-018,en,mobile_phone,通讯话费,Mobile and Phone,expense,HK prepaid card top-up 100 HKD,100,HKD,Prepaid card,anchor,2026-08-31,2026-08-31
mobile_phone-zh-019,zh,mobile_phone,通讯话费,Mobile and Phone,expense,集团短号费每月10元,10,CNY,短号费,anchor,2026-08-31,2026-08-31
mobile_phone-en-019,en,mobile_phone,通讯话费,Mobile and Phone,expense,Corporate short code fee 10 yuan a month,10,CNY,Short code fee,anchor,2026-08-31,2026-08-31
mobile_phone-zh-020,zh,mobile_phone,通讯话费,Mobile and Phone,expense,话费欠费补交80块,80,CNY,欠费补交,anchor,2026-08-31,2026-08-31
mobile_phone-en-020,en,mobile_phone,通讯话费,Mobile and Phone,expense,"Paid overdue phone bill, 80 bucks",80,CNY,Arrears payment,anchor,2026-08-31,2026-08-31
mobile_phone-zh-021,zh,mobile_phone,通讯话费,Mobile and Phone,expense,8月9日增值业务费15元每月,15,CNY,增值业务,ymd:2026-08-09,2026-08-09,2026-08-31
mobile_phone-en-021,en,mobile_phone,通讯话费,Mobile and Phone,expense,"Value-added service fee on Aug 9, 15 yuan a month",15,CNY,Value-added service,ymd:2026-08-09,2026-08-09,2026-08-31
mobile_phone-zh-022,zh,mobile_phone,通讯话费,Mobile and Phone,expense,国际漫游包天30元,30,CNY,国际漫游,anchor,2026-08-31,2026-08-31
mobile_phone-en-022,en,mobile_phone,通讯话费,Mobile and Phone,expense,International roaming day pass 30 yuan,30,CNY,International roaming,anchor,2026-08-31,2026-08-31
mobile_phone-zh-023,zh,mobile_phone,通讯话费,Mobile and Phone,expense,和记电讯月费98HKD,98,HKD,月费,anchor,2026-08-31,2026-08-31
mobile_phone-en-023,en,mobile_phone,通讯话费,Mobile and Phone,expense,Hutchison monthly fee 98 HKD,98,HKD,Monthly fee,anchor,2026-08-31,2026-08-31
mobile_phone-zh-024,zh,mobile_phone,通讯话费,Mobile and Phone,expense,亲情号业务费每月5元,5,CNY,亲情号,anchor,2026-08-31,2026-08-31
mobile_phone-en-024,en,mobile_phone,通讯话费,Mobile and Phone,expense,Family number plan 5 yuan a month,5,CNY,Family number plan,anchor,2026-08-31,2026-08-31
mobile_phone-zh-025,zh,mobile_phone,通讯话费,Mobile and Phone,expense,话费发票打印费2块,2,CNY,打印费,anchor,2026-08-31,2026-08-31
mobile_phone-en-025,en,mobile_phone,通讯话费,Mobile and Phone,expense,Phone bill receipt printing fee 2 bucks,2,CNY,Receipt printing fee,anchor,2026-08-31,2026-08-31
mobile_phone-zh-026,zh,mobile_phone,通讯话费,Mobile and Phone,expense,4G升级5G套餐费129元每月,129,CNY,升级套餐,anchor,2026-08-31,2026-08-31
mobile_phone-en-026,en,mobile_phone,通讯话费,Mobile and Phone,expense,4G to 5G plan upgrade 129 yuan a month,129,CNY,Plan upgrade,anchor,2026-08-31,2026-08-31
mobile_phone-zh-027,zh,mobile_phone,通讯话费,Mobile and Phone,expense,香港手机号过户费50HKD,50,HKD,过户费,anchor,2026-08-31,2026-08-31
mobile_phone-en-027,en,mobile_phone,通讯话费,Mobile and Phone,expense,HK number transfer fee 50 HKD,50,HKD,Number transfer fee,anchor,2026-08-31,2026-08-31
mobile_phone-zh-028,zh,mobile_phone,通讯话费,Mobile and Phone,expense,彩铃业务费每月8元,8,CNY,彩铃,anchor,2026-08-31,2026-08-31
mobile_phone-en-028,en,mobile_phone,通讯话费,Mobile and Phone,expense,Ringtone service 8 yuan a month,8,CNY,Ringtone service,anchor,2026-08-31,2026-08-31
mobile_phone-zh-029,zh,mobile_phone,通讯话费,Mobile and Phone,expense,通话时长超出扣费30块,30,CNY,超时扣费,anchor,2026-08-31,2026-08-31
mobile_phone-en-029,en,mobile_phone,通讯话费,Mobile and Phone,expense,Overtime call charge 30 bucks,30,CNY,Overtime charge,anchor,2026-08-31,2026-08-31
mobile_phone-zh-030,zh,mobile_phone,通讯话费,Mobile and Phone,expense,手机副卡费每月10元,10,CNY,副卡,anchor,2026-08-31,2026-08-31
mobile_phone-en-030,en,mobile_phone,通讯话费,Mobile and Phone,expense,Secondary SIM fee 10 yuan a month,10,CNY,Secondary SIM,anchor,2026-08-31,2026-08-31
mobile_phone-zh-031,zh,mobile_phone,通讯话费,Mobile and Phone,expense,上周每天香港漫游到内地每日28HKD,28,HKD,漫游,week:-1,2026-08-24|2026-08-25|2026-08-26|2026-08-27|2026-08-28|2026-08-29|2026-08-30,2026-08-31
mobile_phone-en-031,en,mobile_phone,通讯话费,Mobile and Phone,expense,"HK roaming to mainland every day last week, 28 HKD daily",28,HKD,Roaming,week:-1,2026-08-24|2026-08-25|2026-08-26|2026-08-27|2026-08-28|2026-08-29|2026-08-30,2026-08-31
mobile_phone-zh-032,zh,mobile_phone,通讯话费,Mobile and Phone,expense,话费积分兑换抵扣50元,50,CNY,积分抵扣,anchor,2026-08-31,2026-08-31
mobile_phone-en-032,en,mobile_phone,通讯话费,Mobile and Phone,expense,Points redeemed for 50 yuan off bill,50,CNY,Points redemption,anchor,2026-08-31,2026-08-31
mobile_phone-zh-033,zh,mobile_phone,通讯话费,Mobile and Phone,expense,骚扰电话拦截费每月3元,3,CNY,拦截费,anchor,2026-08-31,2026-08-31
mobile_phone-en-033,en,mobile_phone,通讯话费,Mobile and Phone,expense,Spam call blocker 3 yuan a month,3,CNY,Spam call blocker,anchor,2026-08-31,2026-08-31
mobile_phone-zh-034,zh,mobile_phone,通讯话费,Mobile and Phone,expense,号码靓号预存500元,500,CNY,靓号预存,anchor,2026-08-31,2026-08-31
mobile_phone-en-034,en,mobile_phone,通讯话费,Mobile and Phone,expense,Vanity number deposit 500 yuan,500,CNY,Vanity number deposit,anchor,2026-08-31,2026-08-31
mobile_phone-zh-035,zh,mobile_phone,通讯话费,Mobile and Phone,expense,香港电话卡上台押金200HKD,200,HKD,上台押金,anchor,2026-08-31,2026-08-31
mobile_phone-en-035,en,mobile_phone,通讯话费,Mobile and Phone,expense,HK contract deposit 200 HKD,200,HKD,Contract deposit,anchor,2026-08-31,2026-08-31
mobile_phone-zh-036,zh,mobile_phone,通讯话费,Mobile and Phone,expense,夜间通话包每月10元,10,CNY,夜间包,anchor,2026-08-31,2026-08-31
mobile_phone-en-036,en,mobile_phone,通讯话费,Mobile and Phone,expense,Night call package 10 yuan a month,10,CNY,Night call package,anchor,2026-08-31,2026-08-31
mobile_phone-zh-037,zh,mobile_phone,通讯话费,Mobile and Phone,expense,国内通话套餐68元每月,68,CNY,通话套餐,anchor,2026-08-31,2026-08-31
mobile_phone-en-037,en,mobile_phone,通讯话费,Mobile and Phone,expense,Domestic call plan 68 yuan a month,68,CNY,Call plan,anchor,2026-08-31,2026-08-31
mobile_phone-zh-038,zh,mobile_phone,通讯话费,Mobile and Phone,expense,香港本地通话无限量套餐88HKD,88,HKD,无限量,anchor,2026-08-31,2026-08-31
mobile_phone-en-038,en,mobile_phone,通讯话费,Mobile and Phone,expense,HK unlimited local calls plan 88 HKD,88,HKD,Unlimited local calls,anchor,2026-08-31,2026-08-31
mobile_phone-zh-039,zh,mobile_phone,通讯话费,Mobile and Phone,expense,话费查询余额剩52元,52,CNY,查余额,anchor,2026-08-31,2026-08-31
mobile_phone-en-039,en,mobile_phone,通讯话费,Mobile and Phone,expense,"Checked balance, 52 yuan left",52,CNY,Balance check,anchor,2026-08-31,2026-08-31
mobile_phone-zh-040,zh,mobile_phone,通讯话费,Mobile and Phone,expense,多收话费退还30块,30,CNY,退费,anchor,2026-08-31,2026-08-31
mobile_phone-en-040,en,mobile_phone,通讯话费,Mobile and Phone,expense,Overcharged phone bill refund 30 bucks,30,CNY,Refund,anchor,2026-08-31,2026-08-31
mobile_phone-zh-041,zh,mobile_phone,通讯话费,Mobile and Phone,expense,手机卡注销结清话费45元,45,CNY,注销结清,anchor,2026-08-31,2026-08-31
mobile_phone-en-041,en,mobile_phone,通讯话费,Mobile and Phone,expense,Final phone bill on account closure 45 yuan,45,CNY,Account closure,anchor,2026-08-31,2026-08-31
mobile_phone-zh-042,zh,mobile_phone,通讯话费,Mobile and Phone,expense,香港一卡两号月费50HKD,50,HKD,一卡两号,anchor,2026-08-31,2026-08-31
mobile_phone-en-042,en,mobile_phone,通讯话费,Mobile and Phone,expense,HK dual-number plan 50 HKD a month,50,HKD,Dual-number plan,anchor,2026-08-31,2026-08-31
mobile_phone-zh-043,zh,mobile_phone,通讯话费,Mobile and Phone,expense,定向流量包19元每月,19,CNY,定向流量,anchor,2026-08-31,2026-08-31
mobile_phone-en-043,en,mobile_phone,通讯话费,Mobile and Phone,expense,App-specific data plan 19 yuan a month,19,CNY,App-specific data,anchor,2026-08-31,2026-08-31
mobile_phone-zh-044,zh,mobile_phone,通讯话费,Mobile and Phone,expense,通用流量包50元20G,50,CNY,通用流量,anchor,2026-08-31,2026-08-31
mobile_phone-en-044,en,mobile_phone,通讯话费,Mobile and Phone,expense,General data package 50 yuan for 20GB,50,CNY,General data package,anchor,2026-08-31,2026-08-31
mobile_phone-zh-045,zh,mobile_phone,通讯话费,Mobile and Phone,expense,香港数据套餐每日20HKD,20,HKD,数据套餐,anchor,2026-08-31,2026-08-31
mobile_phone-en-045,en,mobile_phone,通讯话费,Mobile and Phone,expense,HK daily data plan 20 HKD,20,HKD,Data plan,anchor,2026-08-31,2026-08-31
mobile_phone-zh-046,zh,mobile_phone,通讯话费,Mobile and Phone,expense,话费自动扣款99元,99,CNY,自动扣款,anchor,2026-08-31,2026-08-31
mobile_phone-en-046,en,mobile_phone,通讯话费,Mobile and Phone,expense,Auto phone bill payment 99 yuan,99,CNY,Auto payment,anchor,2026-08-31,2026-08-31
mobile_phone-zh-047,zh,mobile_phone,通讯话费,Mobile and Phone,expense,异地补卡费30块,30,CNY,异地补卡,anchor,2026-08-31,2026-08-31
mobile_phone-en-047,en,mobile_phone,通讯话费,Mobile and Phone,expense,Remote SIM replacement fee 30 bucks,30,CNY,Remote SIM replacement,anchor,2026-08-31,2026-08-31
mobile_phone-zh-048,zh,mobile_phone,通讯话费,Mobile and Phone,expense,香港电话卡充值优惠充200送50HKD,200,HKD,充值优惠,anchor,2026-08-31,2026-08-31
mobile_phone-en-048,en,mobile_phone,通讯话费,Mobile and Phone,expense,"HK phone card top-up promo, paid 200 HKD",200,HKD,Top-up promo,anchor,2026-08-31,2026-08-31
mobile_phone-zh-049,zh,mobile_phone,通讯话费,Mobile and Phone,expense,香港5G套餐月费168HKD,168,HKD,5G套餐,anchor,2026-08-31,2026-08-31
mobile_phone-en-049,en,mobile_phone,通讯话费,Mobile and Phone,expense,HK 5G plan 168 HKD a month,168,HKD,5G plan,anchor,2026-08-31,2026-08-31
mobile_phone-zh-050,zh,mobile_phone,通讯话费,Mobile and Phone,expense,话费余额充值50元,50,CNY,充值,anchor,2026-08-31,2026-08-31
mobile_phone-en-050,en,mobile_phone,通讯话费,Mobile and Phone,expense,"Topped up phone balance, 50 yuan",50,CNY,Top-up,anchor,2026-08-31,2026-08-31
broadband-zh-001,zh,broadband,宽带网络,Broadband,expense,宽带年费交了600元,600,CNY,年费,anchor,2026-08-31,2026-08-31
broadband-en-001,en,broadband,宽带网络,Broadband,expense,"Paid annual broadband fee, 600 yuan",600,CNY,Annual fee,anchor,2026-08-31,2026-08-31
broadband-zh-002,zh,broadband,宽带网络,Broadband,expense,昨天月网费扣了50块,50,CNY,月费,rel:-1,2026-08-30,2026-08-31
broadband-en-002,en,broadband,宽带网络,Broadband,expense,"Monthly internet fee deducted yesterday, 50 bucks",50,CNY,Monthly fee,rel:-1,2026-08-30,2026-08-31
broadband-zh-003,zh,broadband,宽带网络,Broadband,expense,香港光纤宽带月费128HKD,128,HKD,光纤月费,anchor,2026-08-31,2026-08-31
broadband-en-003,en,broadband,宽带网络,Broadband,expense,HK fiber broadband monthly fee 128 HKD,128,HKD,Fiber monthly fee,anchor,2026-08-31,2026-08-31
broadband-zh-004,zh,broadband,宽带网络,Broadband,expense,宽带升级提速花了200元,200,CNY,提速,anchor,2026-08-31,2026-08-31
broadband-en-004,en,broadband,宽带网络,Broadband,expense,Broadband speed upgrade 200 yuan,200,CNY,Speed upgrade,anchor,2026-08-31,2026-08-31
broadband-zh-005,zh,broadband,宽带网络,Broadband,expense,安装宽带初装费100块,100,CNY,初装费,anchor,2026-08-31,2026-08-31
broadband-en-005,en,broadband,宽带网络,Broadband,expense,Broadband installation fee 100 bucks,100,CNY,Installation fee,anchor,2026-08-31,2026-08-31
broadband-zh-006,zh,broadband,宽带网络,Broadband,expense,本周一家庭千兆宽带年费960元,960,CNY,千兆年费,weekday:1,2026-08-31,2026-08-31
broadband-en-006,en,broadband,宽带网络,Broadband,expense,"Home gigabit broadband annual fee this Monday, 960 yuan",960,CNY,Gigabit annual fee,weekday:1,2026-08-31,2026-08-31
broadband-zh-007,zh,broadband,宽带网络,Broadband,expense,商业宽带月费380HKD,380,HKD,商业宽带,anchor,2026-08-31,2026-08-31
broadband-en-007,en,broadband,宽带网络,Broadband,expense,Business broadband monthly fee 380 HKD,380,HKD,Business broadband,anchor,2026-08-31,2026-08-31
broadband-zh-008,zh,broadband,宽带网络,Broadband,expense,路由器租赁费每月20元,20,CNY,路由器租赁,anchor,2026-08-31,2026-08-31
broadband-en-008,en,broadband,宽带网络,Broadband,expense,Router rental 20 yuan a month,20,CNY,Router rental,anchor,2026-08-31,2026-08-31
broadband-zh-009,zh,broadband,宽带网络,Broadband,expense,海外网络费80USD,80,USD,海外网络,anchor,2026-08-31,2026-08-31
broadband-en-009,en,broadband,宽带网络,Broadband,expense,Overseas internet fee 80 USD,80,USD,Overseas internet,anchor,2026-08-31,2026-08-31
broadband-zh-010,zh,broadband,宽带网络,Broadband,expense,宽带续约优惠后500块,500,CNY,续约,anchor,2026-08-31,2026-08-31
broadband-en-010,en,broadband,宽带网络,Broadband,expense,"Broadband renewal after discount, 500 bucks",500,CNY,Renewal,anchor,2026-08-31,2026-08-31
broadband-zh-011,zh,broadband,宽带网络,Broadband,expense,8月3日宽带移机费80元,80,CNY,移机,ymd:2026-08-03,2026-08-03,2026-08-31
broadband-en-011,en,broadband,宽带网络,Broadband,expense,"Broadband relocation fee on Aug 3, 80 yuan",80,CNY,Relocation,ymd:2026-08-03,2026-08-03,2026-08-31
broadband-zh-012,zh,broadband,宽带网络,Broadband,expense,光猫押金100块,100,CNY,光猫押金,anchor,2026-08-31,2026-08-31
broadband-en-012,en,broadband,宽带网络,Broadband,expense,Modem deposit 100 bucks,100,CNY,Modem deposit,anchor,2026-08-31,2026-08-31
broadband-zh-013,zh,broadband,宽带网络,Broadband,expense,香港1000M宽带月费198HKD,198,HKD,千兆月费,anchor,2026-08-31,2026-08-31
broadband-en-013,en,broadband,宽带网络,Broadband,expense,HK 1000M broadband monthly fee 198 HKD,198,HKD,Gigabit monthly fee,anchor,2026-08-31,2026-08-31
broadband-zh-014,zh,broadband,宽带网络,Broadband,expense,宽带测速不达标退费50元,50,CNY,退费,anchor,2026-08-31,2026-08-31
broadband-en-014,en,broadband,宽带网络,Broadband,expense,Speed test refund 50 yuan,50,CNY,Refund,anchor,2026-08-31,2026-08-31
broadband-zh-015,zh,broadband,宽带网络,Broadband,expense,宽带安装人工费150块,150,CNY,安装费,anchor,2026-08-31,2026-08-31
broadband-en-015,en,broadband,宽带网络,Broadband,expense,Broadband install labor fee 150 bucks,150,CNY,Installation labor,anchor,2026-08-31,2026-08-31
broadband-zh-016,zh,broadband,宽带网络,Broadband,expense,校园宽带半年280元,280,CNY,校园宽带,anchor,2026-08-31,2026-08-31
broadband-en-016,en,broadband,宽带网络,Broadband,expense,Campus broadband half-year fee 280 yuan,280,CNY,Campus broadband,anchor,2026-08-31,2026-08-31
broadband-zh-017,zh,broadband,宽带网络,Broadband,expense,香港住宅宽带月费99HKD,99,HKD,住宅宽带,anchor,2026-08-31,2026-08-31
broadband-en-017,en,broadband,宽带网络,Broadband,expense,HK residential broadband monthly fee 99 HKD,99,HKD,Residential broadband,anchor,2026-08-31,2026-08-31
broadband-zh-018,zh,broadband,宽带网络,Broadband,expense,宽带故障上门维修费50元,50,CNY,维修,anchor,2026-08-31,2026-08-31
broadband-en-018,en,broadband,宽带网络,Broadband,expense,Broadband repair visit 50 yuan,50,CNY,Repair visit,anchor,2026-08-31,2026-08-31
broadband-zh-019,zh,broadband,宽带网络,Broadband,expense,宽带叠加IPTV每月30块,30,CNY,IPTV,anchor,2026-08-31,2026-08-31
broadband-en-019,en,broadband,宽带网络,Broadband,expense,Broadband plus IPTV add-on 30 bucks a month,30,CNY,IPTV add-on,anchor,2026-08-31,2026-08-31
broadband-zh-020,zh,broadband,宽带网络,Broadband,expense,企业宽带年费5000元,5000,CNY,企业宽带,anchor,2026-08-31,2026-08-31
broadband-en-020,en,broadband,宽带网络,Broadband,expense,Enterprise broadband annual fee 5000 yuan,5000,CNY,Enterprise broadband,anchor,2026-08-31,2026-08-31
broadband-zh-021,zh,broadband,宽带网络,Broadband,expense,宽带销户违约金80块,80,CNY,销户,anchor,2026-08-31,2026-08-31
broadband-en-021,en,broadband,宽带网络,Broadband,expense,Broadband cancellation penalty 80 bucks,80,CNY,Cancellation fee,anchor,2026-08-31,2026-08-31
broadband-zh-022,zh,broadband,宽带网络,Broadband,expense,香港商用宽带月费480HKD,480,HKD,商用宽带,anchor,2026-08-31,2026-08-31
broadband-en-022,en,broadband,宽带网络,Broadband,expense,HK commercial broadband monthly fee 480 HKD,480,HKD,Commercial broadband,anchor,2026-08-31,2026-08-31
broadband-zh-023,zh,broadband,宽带网络,Broadband,expense,无线宽带每月60元,60,CNY,无线宽带,anchor,2026-08-31,2026-08-31
broadband-en-023,en,broadband,宽带网络,Broadband,expense,Wireless broadband 60 yuan a month,60,CNY,Wireless broadband,anchor,2026-08-31,2026-08-31
broadband-zh-024,zh,broadband,宽带网络,Broadband,expense,宽带套餐含话费每月129块,129,CNY,含话费,anchor,2026-08-31,2026-08-31
broadband-en-024,en,broadband,宽带网络,Broadband,expense,Broadband plan with phone bundle 129 bucks a month,129,CNY,Phone bundle,anchor,2026-08-31,2026-08-31
broadband-zh-025,zh,broadband,宽带网络,Broadband,expense,光纤入户施工费200元,200,CNY,施工费,anchor,2026-08-31,2026-08-31
broadband-en-025,en,broadband,宽带网络,Broadband,expense,Fiber install labor fee 200 yuan,200,CNY,Fiber install labor,anchor,2026-08-31,2026-08-31
broadband-zh-026,zh,broadband,宽带网络,Broadband,expense,宽带猫更换花了150块,150,CNY,换猫,anchor,2026-08-31,2026-08-31
broadband-en-026,en,broadband,宽带网络,Broadband,expense,Modem replacement 150 bucks,150,CNY,Modem replacement,anchor,2026-08-31,2026-08-31
broadband-zh-027,zh,broadband,宽带网络,Broadband,expense,香港宽带续约优惠200HKD,200,HKD,续约优惠,anchor,2026-08-31,2026-08-31
broadband-en-027,en,broadband,宽带网络,Broadband,expense,HK broadband renewal discount 200 HKD,200,HKD,Renewal discount,anchor,2026-08-31,2026-08-31
broadband-zh-028,zh,broadband,宽带网络,Broadband,expense,小区宽带包月80元,80,CNY,小区宽带,anchor,2026-08-31,2026-08-31
broadband-en-028,en,broadband,宽带网络,Broadband,expense,Community broadband monthly fee 80 yuan,80,CNY,Community broadband,anchor,2026-08-31,2026-08-31
broadband-zh-029,zh,broadband,宽带网络,Broadband,expense,宽带流量超出扣费50块,50,CNY,超额扣费,anchor,2026-08-31,2026-08-31
broadband-en-029,en,broadband,宽带网络,Broadband,expense,Broadband overage charge 50 bucks,50,CNY,Overage charge,anchor,2026-08-31,2026-08-31
broadband-zh-030,zh,broadband,宽带网络,Broadband,expense,专线宽带每月1000元,1000,CNY,专线,anchor,2026-08-31,2026-08-31
broadband-en-030,en,broadband,宽带网络,Broadband,expense,Dedicated line broadband 1000 yuan a month,1000,CNY,Dedicated line,anchor,2026-08-31,2026-08-31
broadband-zh-031,zh,broadband,宽带网络,Broadband,expense,香港宽频100M月费88HKD,88,HKD,百兆月费,anchor,2026-08-31,2026-08-31
broadband-en-031,en,broadband,宽带网络,Broadband,expense,HK 100M broadband monthly fee 88 HKD,88,HKD,100M monthly fee,anchor,2026-08-31,2026-08-31
broadband-zh-032,zh,broadband,宽带网络,Broadband,expense,宽带暂停保号费每月10元,10,CNY,保号,anchor,2026-08-31,2026-08-31
broadband-en-032,en,broadband,宽带网络,Broadband,expense,Broadband suspension fee 10 yuan a month,10,CNY,Service suspension fee,anchor,2026-08-31,2026-08-31
broadband-zh-033,zh,broadband,宽带网络,Broadband,expense,宽带过户费30块,30,CNY,过户,anchor,2026-08-31,2026-08-31
broadband-en-033,en,broadband,宽带网络,Broadband,expense,Broadband account transfer fee 30 bucks,30,CNY,Account transfer,anchor,2026-08-31,2026-08-31
broadband-zh-034,zh,broadband,宽带网络,Broadband,expense,家庭宽带捆绑手机号每月99元,99,CNY,捆绑套餐,anchor,2026-08-31,2026-08-31
broadband-en-034,en,broadband,宽带网络,Broadband,expense,Home broadband phone bundle 99 yuan a month,99,CNY,Phone bundle plan,anchor,2026-08-31,2026-08-31
broadband-zh-035,zh,broadband,宽带网络,Broadband,expense,香港宽带安装费300HKD,300,HKD,安装费,anchor,2026-08-31,2026-08-31
broadband-en-035,en,broadband,宽带网络,Broadband,expense,HK broadband installation fee 300 HKD,300,HKD,Installation fee,anchor,2026-08-31,2026-08-31
broadband-zh-036,zh,broadband,宽带网络,Broadband,expense,宽带提速到500M每月加30元,30,CNY,提速加价,anchor,2026-08-31,2026-08-31
broadband-en-036,en,broadband,宽带网络,Broadband,expense,500M speed upgrade add-on 30 yuan a month,30,CNY,Speed upgrade add-on,anchor,2026-08-31,2026-08-31
broadband-zh-037,zh,broadband,宽带网络,Broadband,expense,宽带欠费停机补交120块,120,CNY,欠费补交,anchor,2026-08-31,2026-08-31
broadband-en-037,en,broadband,宽带网络,Broadband,expense,"Paid overdue broadband bill, 120 bucks",120,CNY,Arrears payment,anchor,2026-08-31,2026-08-31
broadband-zh-038,zh,broadband,宽带网络,Broadband,expense,香港网上行宽带月费158HKD,158,HKD,网上行,anchor,2026-08-31,2026-08-31
broadband-en-038,en,broadband,宽带网络,Broadband,expense,HK Netvigator broadband monthly fee 158 HKD,158,HKD,Netvigator plan,anchor,2026-08-31,2026-08-31
broadband-zh-039,zh,broadband,宽带网络,Broadband,expense,农村宽带每年480元,480,CNY,农村宽带,anchor,2026-08-31,2026-08-31
broadband-en-039,en,broadband,宽带网络,Broadband,expense,Rural broadband annual fee 480 yuan,480,CNY,Rural broadband,anchor,2026-08-31,2026-08-31
broadband-zh-040,zh,broadband,宽带网络,Broadband,expense,宽带路由器调试费50块,50,CNY,调试费,anchor,2026-08-31,2026-08-31
broadband-en-040,en,broadband,宽带网络,Broadband,expense,Router setup fee 50 bucks,50,CNY,Router setup fee,anchor,2026-08-31,2026-08-31
broadband-zh-041,zh,broadband,宽带网络,Broadband,expense,公寓宽带每月50元,50,CNY,公寓宽带,anchor,2026-08-31,2026-08-31
broadband-en-041,en,broadband,宽带网络,Broadband,expense,Apartment broadband 50 yuan a month,50,CNY,Apartment broadband,anchor,2026-08-31,2026-08-31
broadband-zh-042,zh,broadband,宽带网络,Broadband,expense,香港有线宽带月费78HKD,78,HKD,有线宽带,anchor,2026-08-31,2026-08-31
broadband-en-042,en,broadband,宽带网络,Broadband,expense,HK cable broadband monthly fee 78 HKD,78,HKD,Cable broadband,anchor,2026-08-31,2026-08-31
broadband-zh-043,zh,broadband,宽带网络,Broadband,expense,宽带年付送两个月共600元,600,CNY,年付优惠,anchor,2026-08-31,2026-08-31
broadband-en-043,en,broadband,宽带网络,Broadband,expense,"Annual prepay with 2 free months, 600 yuan",600,CNY,Annual prepay deal,anchor,2026-08-31,2026-08-31
broadband-zh-044,zh,broadband,宽带网络,Broadband,expense,宽带光模块更换80块,80,CNY,光模块,anchor,2026-08-31,2026-08-31
broadband-en-044,en,broadband,宽带网络,Broadband,expense,Optical module replacement 80 bucks,80,CNY,Optical module,anchor,2026-08-31,2026-08-31
broadband-zh-045,zh,broadband,宽带网络,Broadband,expense,商铺宽带每月150元,150,CNY,商铺宽带,anchor,2026-08-31,2026-08-31
broadband-en-045,en,broadband,宽带网络,Broadband,expense,Shop broadband 150 yuan a month,150,CNY,Shop broadband,anchor,2026-08-31,2026-08-31
broadband-zh-046,zh,broadband,宽带网络,Broadband,expense,香港宽带公共天线费每月30HKD,30,HKD,公共天线,anchor,2026-08-31,2026-08-31
broadband-en-046,en,broadband,宽带网络,Broadband,expense,HK shared antenna fee 30 HKD a month,30,HKD,Shared antenna fee,anchor,2026-08-31,2026-08-31
broadband-zh-047,zh,broadband,宽带网络,Broadband,expense,宽带客服投诉返还话费50元,50,CNY,投诉返还,anchor,2026-08-31,2026-08-31
broadband-en-047,en,broadband,宽带网络,Broadband,expense,Broadband complaint refund 50 yuan,50,CNY,Complaint refund,anchor,2026-08-31,2026-08-31
broadband-zh-048,zh,broadband,宽带网络,Broadband,expense,宽带网线更换材料费20块,20,CNY,网线,anchor,2026-08-31,2026-08-31
broadband-en-048,en,broadband,宽带网络,Broadband,expense,Ethernet cable replacement 20 bucks,20,CNY,Ethernet cable,anchor,2026-08-31,2026-08-31
broadband-zh-049,zh,broadband,宽带网络,Broadband,expense,千兆宽带每月120元,120,CNY,千兆月费,anchor,2026-08-31,2026-08-31
broadband-en-049,en,broadband,宽带网络,Broadband,expense,Gigabit broadband 120 yuan a month,120,CNY,Gigabit monthly fee,anchor,2026-08-31,2026-08-31
broadband-zh-050,zh,broadband,宽带网络,Broadband,expense,香港宽带合约到期续约优惠100HKD,100,HKD,续约优惠,anchor,2026-08-31,2026-08-31
broadband-en-050,en,broadband,宽带网络,Broadband,expense,"HK broadband renewal discount after contract, 100 HKD",100,HKD,Renewal discount,anchor,2026-08-31,2026-08-31
medical-zh-001,zh,medical,医疗诊疗,Medical Care,expense,昨天去医院挂号看病花了300元,300,CNY,门诊,rel:-1,2026-08-30,2026-08-31
medical-en-001,en,medical,医疗诊疗,Medical Care,expense,"Hospital registration and visit yesterday, 300 yuan",300,CNY,Outpatient visit,rel:-1,2026-08-30,2026-08-31
medical-zh-002,zh,medical,医疗诊疗,Medical Care,expense,看牙医付了800块,800,CNY,看牙,anchor,2026-08-31,2026-08-31
medical-en-002,en,medical,医疗诊疗,Medical Care,expense,Paid dentist 800 bucks,800,CNY,Dental visit,anchor,2026-08-31,2026-08-31
medical-zh-003,zh,medical,医疗诊疗,Medical Care,expense,私立医院问诊花了500HKD,500,HKD,私立问诊,anchor,2026-08-31,2026-08-31
medical-en-003,en,medical,医疗诊疗,Medical Care,expense,Private hospital consultation 500 HKD,500,HKD,Private clinic visit,anchor,2026-08-31,2026-08-31
medical-zh-004,zh,medical,医疗诊疗,Medical Care,expense,体检套餐花了1200元,1200,CNY,体检,anchor,2026-08-31,2026-08-31
medical-en-004,en,medical,医疗诊疗,Medical Care,expense,Health checkup package 1200 yuan,1200,CNY,Health checkup,anchor,2026-08-31,2026-08-31
medical-zh-005,zh,medical,医疗诊疗,Medical Care,expense,打针输液花了280块,280,CNY,输液,anchor,2026-08-31,2026-08-31
medical-en-005,en,medical,医疗诊疗,Medical Care,expense,Injection and IV treatment 280 bucks,280,CNY,IV treatment,anchor,2026-08-31,2026-08-31
medical-zh-006,zh,medical,医疗诊疗,Medical Care,expense,眼科检查花了150元,150,CNY,眼科,anchor,2026-08-31,2026-08-31
medical-en-006,en,medical,医疗诊疗,Medical Care,expense,Eye exam 150 yuan,150,CNY,Eye exam,anchor,2026-08-31,2026-08-31
medical-zh-007,zh,medical,医疗诊疗,Medical Care,expense,中医理疗花了380HKD,380,HKD,中医理疗,anchor,2026-08-31,2026-08-31
medical-en-007,en,medical,医疗诊疗,Medical Care,expense,TCM therapy 380 HKD,380,HKD,TCM therapy,anchor,2026-08-31,2026-08-31
medical-zh-008,zh,medical,医疗诊疗,Medical Care,expense,产检费用花了600元,600,CNY,产检,anchor,2026-08-31,2026-08-31
medical-en-008,en,medical,医疗诊疗,Medical Care,expense,Prenatal checkup 600 yuan,600,CNY,Prenatal checkup,anchor,2026-08-31,2026-08-31
medical-zh-009,zh,medical,医疗诊疗,Medical Care,expense,海外看病挂号200USD,200,USD,海外挂号,anchor,2026-08-31,2026-08-31
medical-en-009,en,medical,医疗诊疗,Medical Care,expense,Overseas doctor registration 200 USD,200,USD,Overseas registration,anchor,2026-08-31,2026-08-31
medical-zh-010,zh,medical,医疗诊疗,Medical Care,expense,皮肤科就诊花了450块,450,CNY,皮肤科,anchor,2026-08-31,2026-08-31
medical-en-010,en,medical,医疗诊疗,Medical Care,expense,Dermatology visit 450 bucks,450,CNY,Dermatology visit,anchor,2026-08-31,2026-08-31
medical-zh-011,zh,medical,医疗诊疗,Medical Care,expense,骨科拍X光片花了180元,180,CNY,拍片,anchor,2026-08-31,2026-08-31
medical-en-011,en,medical,医疗诊疗,Medical Care,expense,Orthopedic X-ray 180 yuan,180,CNY,X-ray,anchor,2026-08-31,2026-08-31
medical-zh-012,zh,medical,医疗诊疗,Medical Care,expense,今天明天牙科洗牙都花200块,200,CNY,洗牙,"rel:0,1",2026-08-31|2026-09-01,2026-08-31
medical-en-012,en,medical,医疗诊疗,Medical Care,expense,"Dental cleaning today and tomorrow, 200 bucks each",200,CNY,Teeth cleaning,"rel:0,1",2026-08-31|2026-09-01,2026-08-31
medical-zh-013,zh,medical,医疗诊疗,Medical Care,expense,香港私家医院诊金800HKD,800,HKD,私家诊金,anchor,2026-08-31,2026-08-31
medical-en-013,en,medical,医疗诊疗,Medical Care,expense,HK private hospital consultation fee 800 HKD,800,HKD,Private hospital fee,anchor,2026-08-31,2026-08-31
medical-zh-014,zh,medical,医疗诊疗,Medical Care,expense,血常规检查花了50元,50,CNY,血常规,anchor,2026-08-31,2026-08-31
medical-en-014,en,medical,医疗诊疗,Medical Care,expense,Blood routine test 50 yuan,50,CNY,Blood test,anchor,2026-08-31,2026-08-31
medical-zh-015,zh,medical,医疗诊疗,Medical Care,expense,心电图检查花了80块,80,CNY,心电图,anchor,2026-08-31,2026-08-31
medical-en-015,en,medical,医疗诊疗,Medical Care,expense,ECG test 80 bucks,80,CNY,ECG,anchor,2026-08-31,2026-08-31
medical-zh-016,zh,medical,医疗诊疗,Medical Care,expense,妇科检查花了300元,300,CNY,妇科,anchor,2026-08-31,2026-08-31
medical-en-016,en,medical,医疗诊疗,Medical Care,expense,Gynecology visit 300 yuan,300,CNY,Gynecology visit,anchor,2026-08-31,2026-08-31
medical-zh-017,zh,medical,医疗诊疗,Medical Care,expense,今天到后天针灸推拿都花120块,120,CNY,针灸推拿,span:0:2,2026-08-31|2026-09-01|2026-09-02,2026-08-31
medical-en-017,en,medical,医疗诊疗,Medical Care,expense,"Acupuncture and massage today through the day after tomorrow, 120 bucks each",120,CNY,Acupuncture and massage,span:0:2,2026-08-31|2026-09-01|2026-09-02,2026-08-31
medical-zh-018,zh,medical,医疗诊疗,Medical Care,expense,香港公立医院挂号费50HKD,50,HKD,公立挂号,anchor,2026-08-31,2026-08-31
medical-en-018,en,medical,医疗诊疗,Medical Care,expense,HK public hospital registration fee 50 HKD,50,HKD,Public hospital fee,anchor,2026-08-31,2026-08-31
medical-zh-019,zh,medical,医疗诊疗,Medical Care,expense,CT检查花了800元,800,CNY,CT检查,anchor,2026-08-31,2026-08-31
medical-en-019,en,medical,医疗诊疗,Medical Care,expense,CT scan 800 yuan,800,CNY,CT scan,anchor,2026-08-31,2026-08-31
medical-zh-020,zh,medical,医疗诊疗,Medical Care,expense,打破伤风针花了150块,150,CNY,破伤风针,anchor,2026-08-31,2026-08-31
medical-en-020,en,medical,医疗诊疗,Medical Care,expense,Tetanus shot 150 bucks,150,CNY,Tetanus shot,anchor,2026-08-31,2026-08-31
medical-zh-021,zh,medical,医疗诊疗,Medical Care,expense,耳鼻喉科检查花了200元,200,CNY,耳鼻喉,anchor,2026-08-31,2026-08-31
medical-en-021,en,medical,医疗诊疗,Medical Care,expense,ENT exam 200 yuan,200,CNY,ENT exam,anchor,2026-08-31,2026-08-31
medical-zh-022,zh,medical,医疗诊疗,Medical Care,expense,拔罐刮痧花了80块,80,CNY,拔罐刮痧,anchor,2026-08-31,2026-08-31
medical-en-022,en,medical,医疗诊疗,Medical Care,expense,Cupping and scraping 80 bucks,80,CNY,Cupping and scraping,anchor,2026-08-31,2026-08-31
medical-zh-023,zh,medical,医疗诊疗,Medical Care,expense,香港体检套餐1500HKD,1500,HKD,体检,anchor,2026-08-31,2026-08-31
medical-en-023,en,medical,医疗诊疗,Medical Care,expense,HK health checkup package 1500 HKD,1500,HKD,Health checkup,anchor,2026-08-31,2026-08-31
medical-zh-024,zh,medical,医疗诊疗,Medical Care,expense,B超检查花了120元,120,CNY,B超,anchor,2026-08-31,2026-08-31
medical-en-024,en,medical,医疗诊疗,Medical Care,expense,Ultrasound 120 yuan,120,CNY,Ultrasound,anchor,2026-08-31,2026-08-31
medical-zh-025,zh,medical,医疗诊疗,Medical Care,expense,外科缝合花了300块,300,CNY,缝合,anchor,2026-08-31,2026-08-31
medical-en-025,en,medical,医疗诊疗,Medical Care,expense,Surgical sutures 300 bucks,300,CNY,Sutures,anchor,2026-08-31,2026-08-31
medical-zh-026,zh,medical,医疗诊疗,Medical Care,expense,本周三内科专家挂号费100元,100,CNY,专家号,weekday:3,2026-09-02,2026-08-31
medical-en-026,en,medical,医疗诊疗,Medical Care,expense,"Internal medicine specialist fee this Wednesday, 100 yuan",100,CNY,Specialist registration,weekday:3,2026-09-02,2026-08-31
medical-zh-027,zh,medical,医疗诊疗,Medical Care,expense,艾灸调理一次90块,90,CNY,艾灸,anchor,2026-08-31,2026-08-31
medical-en-027,en,medical,医疗诊疗,Medical Care,expense,Moxibustion session 90 bucks,90,CNY,Moxibustion session,anchor,2026-08-31,2026-08-31
medical-zh-028,zh,medical,医疗诊疗,Medical Care,expense,香港牙科补牙500HKD一颗,500,HKD,补牙,anchor,2026-08-31,2026-08-31
medical-en-028,en,medical,医疗诊疗,Medical Care,expense,HK dental filling 500 HKD per tooth,500,HKD,Dental filling,anchor,2026-08-31,2026-08-31
medical-zh-029,zh,medical,医疗诊疗,Medical Care,expense,核磁共振检查花了1200元,1200,CNY,核磁共振,anchor,2026-08-31,2026-08-31
medical-en-029,en,medical,医疗诊疗,Medical Care,expense,MRI scan 1200 yuan,1200,CNY,MRI scan,anchor,2026-08-31,2026-08-31
medical-zh-030,zh,medical,医疗诊疗,Medical Care,expense,狂犬疫苗五针400块,400,CNY,疫苗,anchor,2026-08-31,2026-08-31
medical-en-030,en,medical,医疗诊疗,Medical Care,expense,"Rabies vaccine course, 5 shots 400 bucks",400,CNY,Rabies vaccine,anchor,2026-08-31,2026-08-31
medical-zh-031,zh,medical,医疗诊疗,Medical Care,expense,儿科门诊看病花了180元,180,CNY,儿科,anchor,2026-08-31,2026-08-31
medical-en-031,en,medical,医疗诊疗,Medical Care,expense,Pediatrics visit 180 yuan,180,CNY,Pediatrics visit,anchor,2026-08-31,2026-08-31
medical-zh-032,zh,medical,医疗诊疗,Medical Care,expense,中药熏蒸花了150块,150,CNY,中药熏蒸,anchor,2026-08-31,2026-08-31
medical-en-032,en,medical,医疗诊疗,Medical Care,expense,Herbal steam therapy 150 bucks,150,CNY,Herbal steam therapy,anchor,2026-08-31,2026-08-31
medical-zh-033,zh,medical,医疗诊疗,Medical Care,expense,8月22日香港急症室就诊180HKD,180,HKD,急症室,ymd:2026-08-22,2026-08-22,2026-08-31
medical-en-033,en,medical,医疗诊疗,Medical Care,expense,"HK emergency room visit on Aug 22, 180 HKD",180,HKD,Emergency room,ymd:2026-08-22,2026-08-22,2026-08-31
medical-zh-034,zh,medical,医疗诊疗,Medical Care,expense,尿常规检查花了30元,30,CNY,尿常规,anchor,2026-08-31,2026-08-31
medical-en-034,en,medical,医疗诊疗,Medical Care,expense,Urinalysis 30 yuan,30,CNY,Urinalysis,anchor,2026-08-31,2026-08-31
medical-zh-035,zh,medical,医疗诊疗,Medical Care,expense,上周每天康复治疗一次200块,200,CNY,康复,week:-1,2026-08-24|2026-08-25|2026-08-26|2026-08-27|2026-08-28|2026-08-29|2026-08-30,2026-08-31
medical-en-035,en,medical,医疗诊疗,Medical Care,expense,"Rehabilitation every day last week, 200 bucks per session",200,CNY,Rehabilitation,week:-1,2026-08-24|2026-08-25|2026-08-26|2026-08-27|2026-08-28|2026-08-29|2026-08-30,2026-08-31
medical-zh-036,zh,medical,医疗诊疗,Medical Care,expense,呼吸科挂号花了25元,25,CNY,呼吸科,anchor,2026-08-31,2026-08-31
medical-en-036,en,medical,医疗诊疗,Medical Care,expense,Respiratory clinic registration 25 yuan,25,CNY,Respiratory clinic,anchor,2026-08-31,2026-08-31
medical-zh-037,zh,medical,医疗诊疗,Medical Care,expense,小手术清创缝合花了500块,500,CNY,小手术,anchor,2026-08-31,2026-08-31
medical-en-037,en,medical,医疗诊疗,Medical Care,expense,Minor wound debridement and sutures 500 bucks,500,CNY,Minor surgery,anchor,2026-08-31,2026-08-31
medical-zh-038,zh,medical,医疗诊疗,Medical Care,expense,香港专科门诊诊金600HKD,600,HKD,专科门诊,anchor,2026-08-31,2026-08-31
medical-en-038,en,medical,医疗诊疗,Medical Care,expense,HK specialist clinic fee 600 HKD,600,HKD,Specialist clinic,anchor,2026-08-31,2026-08-31
medical-zh-039,zh,medical,医疗诊疗,Medical Care,expense,肝功能检查花了120元,120,CNY,肝功能,anchor,2026-08-31,2026-08-31
medical-en-039,en,medical,医疗诊疗,Medical Care,expense,Liver function test 120 yuan,120,CNY,Liver function test,anchor,2026-08-31,2026-08-31
medical-zh-040,zh,medical,医疗诊疗,Medical Care,expense,腰椎牵引治疗一次80块,80,CNY,腰椎牵引,anchor,2026-08-31,2026-08-31
medical-en-040,en,medical,医疗诊疗,Medical Care,expense,Lumbar traction session 80 bucks,80,CNY,Lumbar traction,anchor,2026-08-31,2026-08-31
medical-zh-041,zh,medical,医疗诊疗,Medical Care,expense,皮肤科激光治疗花了800元,800,CNY,激光治疗,anchor,2026-08-31,2026-08-31
medical-en-041,en,medical,医疗诊疗,Medical Care,expense,Dermatology laser treatment 800 yuan,800,CNY,Laser treatment,anchor,2026-08-31,2026-08-31
medical-zh-042,zh,medical,医疗诊疗,Medical Care,expense,视力验光花了50块,50,CNY,验光,anchor,2026-08-31,2026-08-31
medical-en-042,en,medical,医疗诊疗,Medical Care,expense,Vision exam 50 bucks,50,CNY,Eye exam,anchor,2026-08-31,2026-08-31
medical-zh-043,zh,medical,医疗诊疗,Medical Care,expense,香港中医诊症300HKD,300,HKD,中医诊症,anchor,2026-08-31,2026-08-31
medical-en-043,en,medical,医疗诊疗,Medical Care,expense,HK TCM consultation 300 HKD,300,HKD,TCM consultation,anchor,2026-08-31,2026-08-31
medical-zh-044,zh,medical,医疗诊疗,Medical Care,expense,胃镜检查花了400元,400,CNY,胃镜,anchor,2026-08-31,2026-08-31
medical-en-044,en,medical,医疗诊疗,Medical Care,expense,Gastroscopy 400 yuan,400,CNY,Gastroscopy,anchor,2026-08-31,2026-08-31
medical-zh-045,zh,medical,医疗诊疗,Medical Care,expense,伤口换药花了30块,30,CNY,换药,anchor,2026-08-31,2026-08-31
medical-en-045,en,medical,医疗诊疗,Medical Care,expense,Wound dressing change 30 bucks,30,CNY,Wound dressing,anchor,2026-08-31,2026-08-31
medical-zh-046,zh,medical,医疗诊疗,Medical Care,expense,过敏原检测花了600元,600,CNY,过敏检测,anchor,2026-08-31,2026-08-31
medical-en-046,en,medical,医疗诊疗,Medical Care,expense,Allergy test 600 yuan,600,CNY,Allergy test,anchor,2026-08-31,2026-08-31
medical-zh-047,zh,medical,医疗诊疗,Medical Care,expense,推拿按摩一小时100块,100,CNY,推拿,anchor,2026-08-31,2026-08-31
medical-en-047,en,medical,医疗诊疗,Medical Care,expense,Massage therapy one hour 100 bucks,100,CNY,Massage therapy,anchor,2026-08-31,2026-08-31
medical-zh-048,zh,medical,医疗诊疗,Medical Care,expense,香港健康检查2000HKD,2000,HKD,健康检查,anchor,2026-08-31,2026-08-31
medical-en-048,en,medical,医疗诊疗,Medical Care,expense,HK health screening 2000 HKD,2000,HKD,Health screening,anchor,2026-08-31,2026-08-31
medical-zh-049,zh,medical,医疗诊疗,Medical Care,expense,牙齿矫正检查花了200元,200,CNY,矫正检查,anchor,2026-08-31,2026-08-31
medical-en-049,en,medical,医疗诊疗,Medical Care,expense,Orthodontic checkup 200 yuan,200,CNY,Orthodontic exam,anchor,2026-08-31,2026-08-31
medical-zh-050,zh,medical,医疗诊疗,Medical Care,expense,口腔科拍牙片花了80元,80,CNY,牙片,anchor,2026-08-31,2026-08-31
medical-en-050,en,medical,医疗诊疗,Medical Care,expense,Dental X-ray 80 yuan,80,CNY,Dental X-ray,anchor,2026-08-31,2026-08-31
pharmacy-zh-001,zh,pharmacy,药品保健,Pharmacy,expense,昨天买感冒药花了45元,45,CNY,感冒药,rel:-1,2026-08-30,2026-08-31
pharmacy-en-001,en,pharmacy,药品保健,Pharmacy,expense,Bought cold medicine yesterday for 45 yuan,45,CNY,cold medicine,rel:-1,2026-08-30,2026-08-31
pharmacy-zh-002,zh,pharmacy,药品保健,Pharmacy,expense,囤退烧药花了120块,120,CNY,退烧药,anchor,2026-08-31,2026-08-31
pharmacy-en-002,en,pharmacy,药品保健,Pharmacy,expense,Stocked up on fever reducers for 120 bucks,120,CNY,fever medicine,anchor,2026-08-31,2026-08-31
pharmacy-zh-003,zh,pharmacy,药品保健,Pharmacy,expense,买维生素片花了180HKD,180,HKD,维生素,anchor,2026-08-31,2026-08-31
pharmacy-en-003,en,pharmacy,药品保健,Pharmacy,expense,Vitamin pills cost 180 HKD,180,HKD,vitamins,anchor,2026-08-31,2026-08-31
pharmacy-zh-004,zh,pharmacy,药品保健,Pharmacy,expense,买创可贴碘伏花了25元,25,CNY,外伤用品,anchor,2026-08-31,2026-08-31
pharmacy-en-004,en,pharmacy,药品保健,Pharmacy,expense,Band-aids and iodine cost 25 yuan,25,CNY,wound supplies,anchor,2026-08-31,2026-08-31
pharmacy-zh-005,zh,pharmacy,药品保健,Pharmacy,expense,蛋白粉花了320块,320,CNY,蛋白粉,anchor,2026-08-31,2026-08-31
pharmacy-en-005,en,pharmacy,药品保健,Pharmacy,expense,Protein powder was 320 bucks,320,CNY,protein powder,anchor,2026-08-31,2026-08-31
pharmacy-zh-006,zh,pharmacy,药品保健,Pharmacy,expense,这一周每天降压药按150元记,150,CNY,降压药,week:0,2026-08-31|2026-09-01|2026-09-02|2026-09-03|2026-09-04|2026-09-05|2026-09-06,2026-08-31
pharmacy-en-006,en,pharmacy,药品保健,Pharmacy,expense,Log 150 yuan daily this week for blood pressure meds,150,CNY,blood pressure meds,week:0,2026-08-31|2026-09-01|2026-09-02|2026-09-03|2026-09-04|2026-09-05|2026-09-06,2026-08-31
pharmacy-zh-007,zh,pharmacy,药品保健,Pharmacy,expense,买益生菌花了260HKD,260,HKD,益生菌,anchor,2026-08-31,2026-08-31
pharmacy-en-007,en,pharmacy,药品保健,Pharmacy,expense,Probiotics cost 260 HKD,260,HKD,probiotics,anchor,2026-08-31,2026-08-31
pharmacy-zh-008,zh,pharmacy,药品保健,Pharmacy,expense,眼药水花了68元,68,CNY,眼药水,anchor,2026-08-31,2026-08-31
pharmacy-en-008,en,pharmacy,药品保健,Pharmacy,expense,Eye drops were 68 yuan,68,CNY,eye drops,anchor,2026-08-31,2026-08-31
pharmacy-zh-009,zh,pharmacy,药品保健,Pharmacy,expense,今天明天海外保健品都按80USD记,80,USD,保健品,"rel:0,1",2026-08-31|2026-09-01,2026-08-31
pharmacy-en-009,en,pharmacy,药品保健,Pharmacy,expense,Log 80 USD today and tomorrow for overseas supplements,80,USD,supplements,"rel:0,1",2026-08-31|2026-09-01,2026-08-31
pharmacy-zh-010,zh,pharmacy,药品保健,Pharmacy,expense,钙片花了110块,110,CNY,钙片,anchor,2026-08-31,2026-08-31
pharmacy-en-010,en,pharmacy,药品保健,Pharmacy,expense,Calcium tablets cost 110 bucks,110,CNY,calcium tablets,anchor,2026-08-31,2026-08-31
pharmacy-zh-011,zh,pharmacy,药品保健,Pharmacy,expense,买布洛芬花了30元,30,CNY,止痛药,anchor,2026-08-31,2026-08-31
pharmacy-en-011,en,pharmacy,药品保健,Pharmacy,expense,Ibuprofen cost 30 yuan,30,CNY,pain reliever,anchor,2026-08-31,2026-08-31
pharmacy-zh-012,zh,pharmacy,药品保健,Pharmacy,expense,健胃消食片花了15块,15,CNY,消食片,anchor,2026-08-31,2026-08-31
pharmacy-en-012,en,pharmacy,药品保健,Pharmacy,expense,Digestive tablets were 15 bucks,15,CNY,digestive tablets,anchor,2026-08-31,2026-08-31
pharmacy-zh-013,zh,pharmacy,药品保健,Pharmacy,expense,本周六香港买鱼肝油150HKD,150,HKD,鱼肝油,weekday:6,2026-09-05,2026-08-31
pharmacy-en-013,en,pharmacy,药品保健,Pharmacy,expense,"Cod liver oil in HK this Saturday, 150 HKD",150,HKD,cod liver oil,weekday:6,2026-09-05,2026-08-31
pharmacy-zh-014,zh,pharmacy,药品保健,Pharmacy,expense,碘伏棉签花了10元,10,CNY,外伤用品,anchor,2026-08-31,2026-08-31
pharmacy-en-014,en,pharmacy,药品保健,Pharmacy,expense,Iodine swabs cost 10 yuan,10,CNY,wound supplies,anchor,2026-08-31,2026-08-31
pharmacy-zh-015,zh,pharmacy,药品保健,Pharmacy,expense,氨糖软骨素花了198块,198,CNY,软骨素,anchor,2026-08-31,2026-08-31
pharmacy-en-015,en,pharmacy,药品保健,Pharmacy,expense,Glucosamine supplement was 198 bucks,198,CNY,glucosamine,anchor,2026-08-31,2026-08-31
pharmacy-zh-016,zh,pharmacy,药品保健,Pharmacy,expense,避孕药花了45元,45,CNY,避孕药,anchor,2026-08-31,2026-08-31
pharmacy-en-016,en,pharmacy,药品保健,Pharmacy,expense,Birth control pills cost 45 yuan,45,CNY,birth control,anchor,2026-08-31,2026-08-31
pharmacy-zh-017,zh,pharmacy,药品保健,Pharmacy,expense,褪黑素花了89块,89,CNY,褪黑素,anchor,2026-08-31,2026-08-31
pharmacy-en-017,en,pharmacy,药品保健,Pharmacy,expense,Melatonin was 89 bucks,89,CNY,melatonin,anchor,2026-08-31,2026-08-31
pharmacy-zh-018,zh,pharmacy,药品保健,Pharmacy,expense,香港买整肠丸80HKD,80,HKD,肠胃药,anchor,2026-08-31,2026-08-31
pharmacy-en-018,en,pharmacy,药品保健,Pharmacy,expense,Stomach pills in HK cost 80 HKD,80,HKD,stomach medicine,anchor,2026-08-31,2026-08-31
pharmacy-zh-019,zh,pharmacy,药品保健,Pharmacy,expense,8月11日感冒药口服液花了58元,58,CNY,感冒药,ymd:2026-08-11,2026-08-11,2026-08-31
pharmacy-en-019,en,pharmacy,药品保健,Pharmacy,expense,Cold syrup on Aug 11 cost 58 yuan,58,CNY,cold medicine,ymd:2026-08-11,2026-08-11,2026-08-31
pharmacy-zh-020,zh,pharmacy,药品保健,Pharmacy,expense,护肝片花了128块,128,CNY,护肝片,anchor,2026-08-31,2026-08-31
pharmacy-en-020,en,pharmacy,药品保健,Pharmacy,expense,Liver support pills were 128 bucks,128,CNY,liver supplement,anchor,2026-08-31,2026-08-31
pharmacy-zh-021,zh,pharmacy,药品保健,Pharmacy,expense,医用口罩一盒25元,25,CNY,口罩,anchor,2026-08-31,2026-08-31
pharmacy-en-021,en,pharmacy,药品保健,Pharmacy,expense,Medical masks box cost 25 yuan,25,CNY,face masks,anchor,2026-08-31,2026-08-31
pharmacy-zh-022,zh,pharmacy,药品保健,Pharmacy,expense,血糖仪花了299块,299,CNY,血糖仪,anchor,2026-08-31,2026-08-31
pharmacy-en-022,en,pharmacy,药品保健,Pharmacy,expense,Blood glucose meter was 299 bucks,299,CNY,glucose meter,anchor,2026-08-31,2026-08-31
pharmacy-zh-023,zh,pharmacy,药品保健,Pharmacy,expense,香港买维生素C100HKD,100,HKD,维生素,anchor,2026-08-31,2026-08-31
pharmacy-en-023,en,pharmacy,药品保健,Pharmacy,expense,Vitamin C in HK cost 100 HKD,100,HKD,vitamins,anchor,2026-08-31,2026-08-31
pharmacy-zh-024,zh,pharmacy,药品保健,Pharmacy,expense,体温计花了15元,15,CNY,体温计,anchor,2026-08-31,2026-08-31
pharmacy-en-024,en,pharmacy,药品保健,Pharmacy,expense,Thermometer cost 15 yuan,15,CNY,thermometer,anchor,2026-08-31,2026-08-31
pharmacy-zh-025,zh,pharmacy,药品保健,Pharmacy,expense,鱼油软胶囊花了168块,168,CNY,鱼油,anchor,2026-08-31,2026-08-31
pharmacy-en-025,en,pharmacy,药品保健,Pharmacy,expense,Fish oil capsules were 168 bucks,168,CNY,fish oil,anchor,2026-08-31,2026-08-31
pharmacy-zh-026,zh,pharmacy,药品保健,Pharmacy,expense,皮炎平药膏花了22元,22,CNY,药膏,anchor,2026-08-31,2026-08-31
pharmacy-en-026,en,pharmacy,药品保健,Pharmacy,expense,Skin cream cost 22 yuan,22,CNY,ointment,anchor,2026-08-31,2026-08-31
pharmacy-zh-027,zh,pharmacy,药品保健,Pharmacy,expense,香港买活络油68HKD,68,HKD,活络油,anchor,2026-08-31,2026-08-31
pharmacy-en-027,en,pharmacy,药品保健,Pharmacy,expense,Pain relief oil in HK cost 68 HKD,68,HKD,pain relief oil,anchor,2026-08-31,2026-08-31
pharmacy-zh-028,zh,pharmacy,药品保健,Pharmacy,expense,止咳糖浆花了35元,35,CNY,止咳药,anchor,2026-08-31,2026-08-31
pharmacy-en-028,en,pharmacy,药品保健,Pharmacy,expense,Cough syrup was 35 yuan,35,CNY,cough medicine,anchor,2026-08-31,2026-08-31
pharmacy-zh-029,zh,pharmacy,药品保健,Pharmacy,expense,六味地黄丸花了48块,48,CNY,中成药,anchor,2026-08-31,2026-08-31
pharmacy-en-029,en,pharmacy,药品保健,Pharmacy,expense,Traditional Chinese pills cost 48 bucks,48,CNY,TCM pills,anchor,2026-08-31,2026-08-31
pharmacy-zh-030,zh,pharmacy,药品保健,Pharmacy,expense,血压计花了259元,259,CNY,血压计,anchor,2026-08-31,2026-08-31
pharmacy-en-030,en,pharmacy,药品保健,Pharmacy,expense,Blood pressure monitor was 259 yuan,259,CNY,blood pressure monitor,anchor,2026-08-31,2026-08-31
pharmacy-zh-031,zh,pharmacy,药品保健,Pharmacy,expense,香港买保健品礼盒380HKD,380,HKD,礼盒,anchor,2026-08-31,2026-08-31
pharmacy-en-031,en,pharmacy,药品保健,Pharmacy,expense,Health gift set in HK cost 380 HKD,380,HKD,gift set,anchor,2026-08-31,2026-08-31
pharmacy-zh-032,zh,pharmacy,药品保健,Pharmacy,expense,口腔溃疡散花了12元,12,CNY,口腔药,anchor,2026-08-31,2026-08-31
pharmacy-en-032,en,pharmacy,药品保健,Pharmacy,expense,Mouth ulcer powder cost 12 yuan,12,CNY,mouth medicine,anchor,2026-08-31,2026-08-31
pharmacy-zh-033,zh,pharmacy,药品保健,Pharmacy,expense,阿胶糕花了298块,298,CNY,阿胶,anchor,2026-08-31,2026-08-31
pharmacy-en-033,en,pharmacy,药品保健,Pharmacy,expense,Ejiao cake was 298 bucks,298,CNY,ejiao,anchor,2026-08-31,2026-08-31
pharmacy-zh-034,zh,pharmacy,药品保健,Pharmacy,expense,红霉素软膏花了8元,8,CNY,软膏,anchor,2026-08-31,2026-08-31
pharmacy-en-034,en,pharmacy,药品保健,Pharmacy,expense,Erythromycin ointment cost 8 yuan,8,CNY,ointment,anchor,2026-08-31,2026-08-31
pharmacy-zh-035,zh,pharmacy,药品保健,Pharmacy,expense,香港买感冒灵50HKD,50,HKD,感冒药,anchor,2026-08-31,2026-08-31
pharmacy-en-035,en,pharmacy,药品保健,Pharmacy,expense,Cold medicine in HK cost 50 HKD,50,HKD,cold medicine,anchor,2026-08-31,2026-08-31
pharmacy-zh-036,zh,pharmacy,药品保健,Pharmacy,expense,胃药奥美拉唑花了45元,45,CNY,胃药,anchor,2026-08-31,2026-08-31
pharmacy-en-036,en,pharmacy,药品保健,Pharmacy,expense,Omeprazole stomach pills cost 45 yuan,45,CNY,stomach medicine,anchor,2026-08-31,2026-08-31
pharmacy-zh-037,zh,pharmacy,药品保健,Pharmacy,expense,叶黄素片花了79块,79,CNY,叶黄素,anchor,2026-08-31,2026-08-31
pharmacy-en-037,en,pharmacy,药品保健,Pharmacy,expense,Lutein tablets were 79 bucks,79,CNY,lutein,anchor,2026-08-31,2026-08-31
pharmacy-zh-038,zh,pharmacy,药品保健,Pharmacy,expense,医用酒精花了10元,10,CNY,消毒,anchor,2026-08-31,2026-08-31
pharmacy-en-038,en,pharmacy,药品保健,Pharmacy,expense,Medical alcohol cost 10 yuan,10,CNY,disinfectant,anchor,2026-08-31,2026-08-31
pharmacy-zh-039,zh,pharmacy,药品保健,Pharmacy,expense,香港买双飞人药水45HKD,45,HKD,药水,anchor,2026-08-31,2026-08-31
pharmacy-en-039,en,pharmacy,药品保健,Pharmacy,expense,Double Prawn oil in HK cost 45 HKD,45,HKD,medicinal oil,anchor,2026-08-31,2026-08-31
pharmacy-zh-040,zh,pharmacy,药品保健,Pharmacy,expense,咽炎片花了28元,28,CNY,咽炎药,anchor,2026-08-31,2026-08-31
pharmacy-en-040,en,pharmacy,药品保健,Pharmacy,expense,Sore throat tablets cost 28 yuan,28,CNY,sore throat medicine,anchor,2026-08-31,2026-08-31
pharmacy-zh-041,zh,pharmacy,药品保健,Pharmacy,expense,丹参滴丸花了65块,65,CNY,中成药,anchor,2026-08-31,2026-08-31
pharmacy-en-041,en,pharmacy,药品保健,Pharmacy,expense,Danshen pills were 65 bucks,65,CNY,TCM pills,anchor,2026-08-31,2026-08-31
pharmacy-zh-042,zh,pharmacy,药品保健,Pharmacy,expense,创可贴防水型15元,15,CNY,创可贴,anchor,2026-08-31,2026-08-31
pharmacy-en-042,en,pharmacy,药品保健,Pharmacy,expense,Waterproof band-aids cost 15 yuan,15,CNY,band-aids,anchor,2026-08-31,2026-08-31
pharmacy-zh-043,zh,pharmacy,药品保健,Pharmacy,expense,香港买补钙奶粉200HKD,200,HKD,补钙,anchor,2026-08-31,2026-08-31
pharmacy-en-043,en,pharmacy,药品保健,Pharmacy,expense,Calcium milk powder in HK cost 200 HKD,200,HKD,calcium supplement,anchor,2026-08-31,2026-08-31
pharmacy-zh-044,zh,pharmacy,药品保健,Pharmacy,expense,抗过敏药氯雷他定花了30元,30,CNY,抗过敏,anchor,2026-08-31,2026-08-31
pharmacy-en-044,en,pharmacy,药品保健,Pharmacy,expense,Loratadine allergy pills cost 30 yuan,30,CNY,allergy medicine,anchor,2026-08-31,2026-08-31
pharmacy-zh-045,zh,pharmacy,药品保健,Pharmacy,expense,三七粉花了128块,128,CNY,三七粉,anchor,2026-08-31,2026-08-31
pharmacy-en-045,en,pharmacy,药品保健,Pharmacy,expense,Panax notoginseng powder was 128 bucks,128,CNY,notoginseng powder,anchor,2026-08-31,2026-08-31
pharmacy-zh-046,zh,pharmacy,药品保健,Pharmacy,expense,纱布绷带花了18元,18,CNY,纱布,anchor,2026-08-31,2026-08-31
pharmacy-en-046,en,pharmacy,药品保健,Pharmacy,expense,Gauze bandages cost 18 yuan,18,CNY,gauze,anchor,2026-08-31,2026-08-31
pharmacy-zh-047,zh,pharmacy,药品保健,Pharmacy,expense,香港买必理痛60HKD,60,HKD,止痛药,anchor,2026-08-31,2026-08-31
pharmacy-en-047,en,pharmacy,药品保健,Pharmacy,expense,Panadol in HK cost 60 HKD,60,HKD,pain reliever,anchor,2026-08-31,2026-08-31
pharmacy-zh-048,zh,pharmacy,药品保健,Pharmacy,expense,开塞露花了5元,5,CNY,开塞露,anchor,2026-08-31,2026-08-31
pharmacy-en-048,en,pharmacy,药品保健,Pharmacy,expense,Laxative suppository cost 5 yuan,5,CNY,laxative,anchor,2026-08-31,2026-08-31
pharmacy-zh-049,zh,pharmacy,药品保健,Pharmacy,expense,灵芝孢子粉花了398块,398,CNY,灵芝粉,anchor,2026-08-31,2026-08-31
pharmacy-en-049,en,pharmacy,药品保健,Pharmacy,expense,Reishi spore powder was 398 bucks,398,CNY,reishi powder,anchor,2026-08-31,2026-08-31
pharmacy-zh-050,zh,pharmacy,药品保健,Pharmacy,expense,香港买退烧药100HKD,100,HKD,退烧药,anchor,2026-08-31,2026-08-31
pharmacy-en-050,en,pharmacy,药品保健,Pharmacy,expense,Fever reducers in HK cost 100 HKD,100,HKD,fever medicine,anchor,2026-08-31,2026-08-31
education-zh-001,zh,education,教育学习,Education,expense,昨天报英语培训班花了3000元,3000,CNY,英语班,rel:-1,2026-08-30,2026-08-31
education-en-001,en,education,教育学习,Education,expense,"Signed up for English class yesterday, 3000 yuan",3000,CNY,English class,rel:-1,2026-08-30,2026-08-31
education-zh-002,zh,education,教育学习,Education,expense,网课报名费花了1200块,1200,CNY,网课,anchor,2026-08-31,2026-08-31
education-en-002,en,education,教育学习,Education,expense,Online course enrollment was 1200 bucks,1200,CNY,online course,anchor,2026-08-31,2026-08-31
education-zh-003,zh,education,教育学习,Education,expense,雅思考试费花了2170HKD,2170,HKD,雅思,anchor,2026-08-31,2026-08-31
education-en-003,en,education,教育学习,Education,expense,IELTS exam fee cost 2170 HKD,2170,HKD,IELTS,anchor,2026-08-31,2026-08-31
education-zh-004,zh,education,教育学习,Education,expense,驾照报名费花了4500元,4500,CNY,考驾照,anchor,2026-08-31,2026-08-31
education-en-004,en,education,教育学习,Education,expense,Driving license registration cost 4500 yuan,4500,CNY,driving license,anchor,2026-08-31,2026-08-31
education-zh-005,zh,education,教育学习,Education,expense,技能培训课花了800块,800,CNY,技能培训,anchor,2026-08-31,2026-08-31
education-en-005,en,education,教育学习,Education,expense,Skills training course was 800 bucks,800,CNY,skills training,anchor,2026-08-31,2026-08-31
education-zh-006,zh,education,教育学习,Education,expense,考研辅导班花了6800元,6800,CNY,考研班,anchor,2026-08-31,2026-08-31
education-en-006,en,education,教育学习,Education,expense,Grad school prep class cost 6800 yuan,6800,CNY,grad school prep,anchor,2026-08-31,2026-08-31
education-zh-007,zh,education,教育学习,Education,expense,本周六编程课学费3500HKD,3500,HKD,编程课,weekday:6,2026-09-05,2026-08-31
education-en-007,en,education,教育学习,Education,expense,"Coding class tuition this Saturday, 3500 HKD",3500,HKD,coding class,weekday:6,2026-09-05,2026-08-31
education-zh-008,zh,education,教育学习,Education,expense,钢琴课一节200元,200,CNY,钢琴课,anchor,2026-08-31,2026-08-31
education-en-008,en,education,教育学习,Education,expense,Piano lesson one session cost 200 yuan,200,CNY,piano lesson,anchor,2026-08-31,2026-08-31
education-zh-009,zh,education,教育学习,Education,expense,海外留学申请费500USD,500,USD,留学申请,anchor,2026-08-31,2026-08-31
education-en-009,en,education,教育学习,Education,expense,Study abroad application fee 500 USD,500,USD,study abroad app,anchor,2026-08-31,2026-08-31
education-zh-010,zh,education,教育学习,Education,expense,职业资格考试报名花了300块,300,CNY,考证,anchor,2026-08-31,2026-08-31
education-en-010,en,education,教育学习,Education,expense,Professional exam registration was 300 bucks,300,CNY,certification exam,anchor,2026-08-31,2026-08-31
education-zh-011,zh,education,教育学习,Education,expense,公务员考试培训费2500元,2500,CNY,考公,anchor,2026-08-31,2026-08-31
education-en-011,en,education,教育学习,Education,expense,Civil service exam training cost 2500 yuan,2500,CNY,civil service prep,anchor,2026-08-31,2026-08-31
education-zh-012,zh,education,教育学习,Education,expense,日语入门班1200块,1200,CNY,日语班,anchor,2026-08-31,2026-08-31
education-en-012,en,education,教育学习,Education,expense,Japanese beginner class was 1200 bucks,1200,CNY,Japanese class,anchor,2026-08-31,2026-08-31
education-zh-013,zh,education,教育学习,Education,expense,8月8日香港DSE补习费3000HKD,3000,HKD,DSE补习,ymd:2026-08-08,2026-08-08,2026-08-31
education-en-013,en,education,教育学习,Education,expense,HK DSE tutoring on Aug 8 cost 3000 HKD,3000,HKD,DSE tutoring,ymd:2026-08-08,2026-08-08,2026-08-31
education-zh-014,zh,education,教育学习,Education,expense,会计实操培训1500元,1500,CNY,会计培训,anchor,2026-08-31,2026-08-31
education-en-014,en,education,教育学习,Education,expense,Accounting hands-on training cost 1500 yuan,1500,CNY,accounting training,anchor,2026-08-31,2026-08-31
education-zh-015,zh,education,教育学习,Education,expense,舞蹈培训班年费3600块,3600,CNY,舞蹈班,anchor,2026-08-31,2026-08-31
education-en-015,en,education,教育学习,Education,expense,Dance class annual fee was 3600 bucks,3600,CNY,dance class,anchor,2026-08-31,2026-08-31
education-zh-016,zh,education,教育学习,Education,expense,托福考试费2100元,2100,CNY,托福,anchor,2026-08-31,2026-08-31
education-en-016,en,education,教育学习,Education,expense,TOEFL exam fee cost 2100 yuan,2100,CNY,TOEFL,anchor,2026-08-31,2026-08-31
education-zh-017,zh,education,教育学习,Education,expense,设计软件课程2800HKD,2800,HKD,设计课,anchor,2026-08-31,2026-08-31
education-en-017,en,education,教育学习,Education,expense,Design software course 2800 HKD,2800,HKD,design course,anchor,2026-08-31,2026-08-31
education-zh-018,zh,education,教育学习,Education,expense,书法班一期800元,800,CNY,书法班,anchor,2026-08-31,2026-08-31
education-en-018,en,education,教育学习,Education,expense,Calligraphy class one term cost 800 yuan,800,CNY,calligraphy class,anchor,2026-08-31,2026-08-31
education-zh-019,zh,education,教育学习,Education,expense,健身教练证培训2000块,2000,CNY,教练证,anchor,2026-08-31,2026-08-31
education-en-019,en,education,教育学习,Education,expense,Fitness trainer cert training was 2000 bucks,2000,CNY,trainer cert,anchor,2026-08-31,2026-08-31
education-zh-020,zh,education,教育学习,Education,expense,GRE考试费1600元,1600,CNY,GRE,anchor,2026-08-31,2026-08-31
education-en-020,en,education,教育学习,Education,expense,GRE exam fee cost 1600 yuan,1600,CNY,GRE,anchor,2026-08-31,2026-08-31
education-zh-021,zh,education,教育学习,Education,expense,今天明天香港普通话培训都按1500HKD记,1500,HKD,普通话,"rel:0,1",2026-08-31|2026-09-01,2026-08-31
education-en-021,en,education,教育学习,Education,expense,Log 1500 HKD today and tomorrow for HK Mandarin training,1500,HKD,Mandarin training,"rel:0,1",2026-08-31|2026-09-01,2026-08-31
education-zh-022,zh,education,教育学习,Education,expense,教师资格证面试班1200元,1200,CNY,教资,anchor,2026-08-31,2026-08-31
education-en-022,en,education,教育学习,Education,expense,Teacher cert interview class cost 1200 yuan,1200,CNY,teacher cert,anchor,2026-08-31,2026-08-31
education-zh-023,zh,education,教育学习,Education,expense,西点烘焙培训2800块,2800,CNY,烘焙课,anchor,2026-08-31,2026-08-31
education-en-023,en,education,教育学习,Education,expense,Pastry baking training was 2800 bucks,2800,CNY,baking class,anchor,2026-08-31,2026-08-31
education-zh-024,zh,education,教育学习,Education,expense,粤语学习班600元,600,CNY,粤语班,anchor,2026-08-31,2026-08-31
education-en-024,en,education,教育学习,Education,expense,Cantonese class cost 600 yuan,600,CNY,Cantonese class,anchor,2026-08-31,2026-08-31
education-zh-025,zh,education,教育学习,Education,expense,法律职业资格考试报名费200块,200,CNY,法考,anchor,2026-08-31,2026-08-31
education-en-025,en,education,教育学习,Education,expense,Bar exam registration fee was 200 bucks,200,CNY,bar exam,anchor,2026-08-31,2026-08-31
education-zh-026,zh,education,教育学习,Education,expense,香港进修移民咨询费5000HKD,5000,HKD,进修咨询,anchor,2026-08-31,2026-08-31
education-en-026,en,education,教育学习,Education,expense,HK further study consulting fee 5000 HKD,5000,HKD,study consulting,anchor,2026-08-31,2026-08-31
education-zh-027,zh,education,教育学习,Education,expense,PS软件教程399元,399,CNY,PS教程,anchor,2026-08-31,2026-08-31
education-en-027,en,education,教育学习,Education,expense,Photoshop tutorial cost 399 yuan,399,CNY,PS tutorial,anchor,2026-08-31,2026-08-31
education-zh-028,zh,education,教育学习,Education,expense,演讲与口才培训1500块,1500,CNY,口才培训,anchor,2026-08-31,2026-08-31
education-en-028,en,education,教育学习,Education,expense,Public speaking training was 1500 bucks,1500,CNY,public speaking,anchor,2026-08-31,2026-08-31
education-zh-029,zh,education,教育学习,Education,expense,专升本学费每年3000元,3000,CNY,专升本,anchor,2026-08-31,2026-08-31
education-en-029,en,education,教育学习,Education,expense,Associate degree tuition yearly cost 3000 yuan,3000,CNY,associate degree,anchor,2026-08-31,2026-08-31
education-zh-030,zh,education,教育学习,Education,expense,保育员证培训800块,800,CNY,保育员证,anchor,2026-08-31,2026-08-31
education-en-030,en,education,教育学习,Education,expense,Childcare worker cert training was 800 bucks,800,CNY,childcare cert,anchor,2026-08-31,2026-08-31
education-zh-031,zh,education,教育学习,Education,expense,香港MBA申请费10000HKD,10000,HKD,MBA申请,anchor,2026-08-31,2026-08-31
education-en-031,en,education,教育学习,Education,expense,HK MBA application fee 10000 HKD,10000,HKD,MBA application,anchor,2026-08-31,2026-08-31
education-zh-032,zh,education,教育学习,Education,expense,原画设计网课4500元,4500,CNY,原画课,anchor,2026-08-31,2026-08-31
education-en-032,en,education,教育学习,Education,expense,Concept art online course cost 4500 yuan,4500,CNY,concept art class,anchor,2026-08-31,2026-08-31
education-zh-033,zh,education,教育学习,Education,expense,叉车证考试报名600块,600,CNY,叉车证,anchor,2026-08-31,2026-08-31
education-en-033,en,education,教育学习,Education,expense,Forklift license exam registration was 600 bucks,600,CNY,forklift license,anchor,2026-08-31,2026-08-31
education-zh-034,zh,education,教育学习,Education,expense,一级建造师培训5000元,5000,CNY,建造师,anchor,2026-08-31,2026-08-31
education-en-034,en,education,教育学习,Education,expense,Level 1 constructor training cost 5000 yuan,5000,CNY,constructor cert,anchor,2026-08-31,2026-08-31
education-zh-035,zh,education,教育学习,Education,expense,心理咨询师培训2800块,2800,CNY,心理师,anchor,2026-08-31,2026-08-31
education-en-035,en,education,教育学习,Education,expense,Counselor training was 2800 bucks,2800,CNY,counselor training,anchor,2026-08-31,2026-08-31
education-zh-036,zh,education,教育学习,Education,expense,香港雅思一对一500HKD每小时,500,HKD,雅思一对一,anchor,2026-08-31,2026-08-31
education-en-036,en,education,教育学习,Education,expense,HK IELTS one-on-one 500 HKD per hour,500,HKD,IELTS tutoring,anchor,2026-08-31,2026-08-31
education-zh-037,zh,education,教育学习,Education,expense,证券从业资格考试报名61元,61,CNY,证券考试,anchor,2026-08-31,2026-08-31
education-en-037,en,education,教育学习,Education,expense,Securities exam registration cost 61 yuan,61,CNY,securities exam,anchor,2026-08-31,2026-08-31
education-zh-038,zh,education,教育学习,Education,expense,主持人培训1800块,1800,CNY,主持人,anchor,2026-08-31,2026-08-31
education-en-038,en,education,教育学习,Education,expense,Host training was 1800 bucks,1800,CNY,host training,anchor,2026-08-31,2026-08-31
education-zh-039,zh,education,教育学习,Education,expense,注册会计师网课3200元,3200,CNY,注会网课,anchor,2026-08-31,2026-08-31
education-en-039,en,education,教育学习,Education,expense,CPA online course cost 3200 yuan,3200,CNY,CPA course,anchor,2026-08-31,2026-08-31
education-zh-040,zh,education,教育学习,Education,expense,化妆师培训3500块,3500,CNY,化妆培训,anchor,2026-08-31,2026-08-31
education-en-040,en,education,教育学习,Education,expense,Makeup artist training was 3500 bucks,3500,CNY,makeup training,anchor,2026-08-31,2026-08-31
education-zh-041,zh,education,教育学习,Education,expense,香港升学规划咨询2000HKD,2000,HKD,升学咨询,anchor,2026-08-31,2026-08-31
education-en-041,en,education,教育学习,Education,expense,HK school planning consulting 2000 HKD,2000,HKD,school consulting,anchor,2026-08-31,2026-08-31
education-zh-042,zh,education,教育学习,Education,expense,Python编程入门课99元,99,CNY,Python课,anchor,2026-08-31,2026-08-31
education-en-042,en,education,教育学习,Education,expense,Python intro course cost 99 yuan,99,CNY,Python course,anchor,2026-08-31,2026-08-31
education-zh-043,zh,education,教育学习,Education,expense,人力资源管理师培训1200块,1200,CNY,人力证,anchor,2026-08-31,2026-08-31
education-en-043,en,education,教育学习,Education,expense,HR manager training was 1200 bucks,1200,CNY,HR cert,anchor,2026-08-31,2026-08-31
education-zh-044,zh,education,教育学习,Education,expense,执业药师考试报名150元,150,CNY,药师考试,anchor,2026-08-31,2026-08-31
education-en-044,en,education,教育学习,Education,expense,Licensed pharmacist exam registration cost 150 yuan,150,CNY,pharmacist exam,anchor,2026-08-31,2026-08-31
education-zh-045,zh,education,教育学习,Education,expense,电商运营培训2000块,2000,CNY,电商培训,anchor,2026-08-31,2026-08-31
education-en-045,en,education,教育学习,Education,expense,E-commerce operations training was 2000 bucks,2000,CNY,e-commerce training,anchor,2026-08-31,2026-08-31
education-zh-046,zh,education,教育学习,Education,expense,香港粤语一对一300HKD每小时,300,HKD,粤语一对一,anchor,2026-08-31,2026-08-31
education-en-046,en,education,教育学习,Education,expense,HK Cantonese one-on-one 300 HKD per hour,300,HKD,Cantonese tutoring,anchor,2026-08-31,2026-08-31
education-zh-047,zh,education,教育学习,Education,expense,新媒体运营课899元,899,CNY,新媒体课,anchor,2026-08-31,2026-08-31
education-en-047,en,education,教育学习,Education,expense,New media operations course cost 899 yuan,899,CNY,new media course,anchor,2026-08-31,2026-08-31
education-zh-048,zh,education,教育学习,Education,expense,塔吊司机证培训1500块,1500,CNY,塔吊证,anchor,2026-08-31,2026-08-31
education-en-048,en,education,教育学习,Education,expense,Tower crane license training was 1500 bucks,1500,CNY,crane license,anchor,2026-08-31,2026-08-31
education-zh-049,zh,education,教育学习,Education,expense,考研资料费200元,200,CNY,考研资料,anchor,2026-08-31,2026-08-31
education-en-049,en,education,教育学习,Education,expense,Grad school study materials cost 200 yuan,200,CNY,grad school materials,anchor,2026-08-31,2026-08-31
education-zh-050,zh,education,教育学习,Education,expense,香港补习社补习每小时200HKD,200,HKD,补习,anchor,2026-08-31,2026-08-31
education-en-050,en,education,教育学习,Education,expense,HK tutoring center 200 HKD per hour,200,HKD,tutoring,anchor,2026-08-31,2026-08-31
books_stationery-zh-001,zh,books_stationery,书籍文具,Books and Stationery,expense,买专业书花了120元,120,CNY,专业书,anchor,2026-08-31,2026-08-31
books_stationery-en-001,en,books_stationery,书籍文具,Books and Stationery,expense,Professional books cost 120 yuan,120,CNY,professional books,anchor,2026-08-31,2026-08-31
books_stationery-zh-002,zh,books_stationery,书籍文具,Books and Stationery,expense,昨天买笔记本笔花了35块,35,CNY,文具,rel:-1,2026-08-30,2026-08-31
books_stationery-en-002,en,books_stationery,书籍文具,Books and Stationery,expense,Bought notebooks and pens yesterday for 35 bucks,35,CNY,stationery,rel:-1,2026-08-30,2026-08-31
books_stationery-zh-003,zh,books_stationery,书籍文具,Books and Stationery,expense,买英文原版书花了180HKD,180,HKD,原版书,anchor,2026-08-31,2026-08-31
books_stationery-en-003,en,books_stationery,书籍文具,Books and Stationery,expense,English original edition book cost 180 HKD,180,HKD,original edition,anchor,2026-08-31,2026-08-31
books_stationery-zh-004,zh,books_stationery,书籍文具,Books and Stationery,expense,打印资料花了50元,50,CNY,打印,anchor,2026-08-31,2026-08-31
books_stationery-en-004,en,books_stationery,书籍文具,Books and Stationery,expense,Printing materials cost 50 yuan,50,CNY,printing,anchor,2026-08-31,2026-08-31
books_stationery-zh-005,zh,books_stationery,书籍文具,Books and Stationery,expense,本周三买文具套装花了88块,88,CNY,文具,weekday:3,2026-09-02,2026-08-31
books_stationery-en-005,en,books_stationery,书籍文具,Books and Stationery,expense,Stationery set this Wednesday cost 88 bucks,88,CNY,stationery,weekday:3,2026-09-02,2026-08-31
books_stationery-zh-006,zh,books_stationery,书籍文具,Books and Stationery,expense,小说实体书花了49元,49,CNY,小说,anchor,2026-08-31,2026-08-31
books_stationery-en-006,en,books_stationery,书籍文具,Books and Stationery,expense,Novel paperback cost 49 yuan,49,CNY,novel,anchor,2026-08-31,2026-08-31
books_stationery-zh-007,zh,books_stationery,书籍文具,Books and Stationery,expense,买画笔纸花了150HKD,150,HKD,画材,anchor,2026-08-31,2026-08-31
books_stationery-en-007,en,books_stationery,书籍文具,Books and Stationery,expense,Art brushes and paper cost 150 HKD,150,HKD,art supplies,anchor,2026-08-31,2026-08-31
books_stationery-zh-008,zh,books_stationery,书籍文具,Books and Stationery,expense,订书器文件夹花了60元,60,CNY,办公用品,anchor,2026-08-31,2026-08-31
books_stationery-en-008,en,books_stationery,书籍文具,Books and Stationery,expense,Stapler and folders cost 60 yuan,60,CNY,office supplies,anchor,2026-08-31,2026-08-31
books_stationery-zh-009,zh,books_stationery,书籍文具,Books and Stationery,expense,海外买教材120USD,120,USD,海外教材,anchor,2026-08-31,2026-08-31
books_stationery-en-009,en,books_stationery,书籍文具,Books and Stationery,expense,Overseas textbook purchase 120 USD,120,USD,overseas textbook,anchor,2026-08-31,2026-08-31
books_stationery-zh-010,zh,books_stationery,书籍文具,Books and Stationery,expense,买字帖花了28块,28,CNY,字帖,anchor,2026-08-31,2026-08-31
books_stationery-en-010,en,books_stationery,书籍文具,Books and Stationery,expense,Calligraphy copybook was 28 bucks,28,CNY,copybook,anchor,2026-08-31,2026-08-31
books_stationery-zh-011,zh,books_stationery,书籍文具,Books and Stationery,expense,考研参考书花了200元,200,CNY,参考书,anchor,2026-08-31,2026-08-31
books_stationery-en-011,en,books_stationery,书籍文具,Books and Stationery,expense,Grad school reference books cost 200 yuan,200,CNY,reference books,anchor,2026-08-31,2026-08-31
books_stationery-zh-012,zh,books_stationery,书籍文具,Books and Stationery,expense,这一周每天中性笔按盒15块,15,CNY,文具,week:0,2026-08-31|2026-09-01|2026-09-02|2026-09-03|2026-09-04|2026-09-05|2026-09-06,2026-08-31
books_stationery-en-012,en,books_stationery,书籍文具,Books and Stationery,expense,Log 15 bucks daily this week for gel pens per box,15,CNY,stationery,week:0,2026-08-31|2026-09-01|2026-09-02|2026-09-03|2026-09-04|2026-09-05|2026-09-06,2026-08-31
books_stationery-zh-013,zh,books_stationery,书籍文具,Books and Stationery,expense,香港诚品书店买书250HKD,250,HKD,书店,anchor,2026-08-31,2026-08-31
books_stationery-en-013,en,books_stationery,书籍文具,Books and Stationery,expense,Books at HK Eslite cost 250 HKD,250,HKD,bookstore,anchor,2026-08-31,2026-08-31
books_stationery-zh-014,zh,books_stationery,书籍文具,Books and Stationery,expense,8月16日复印身份证花了2元,2,CNY,复印,ymd:2026-08-16,2026-08-16,2026-08-31
books_stationery-en-014,en,books_stationery,书籍文具,Books and Stationery,expense,ID photocopy on Aug 16 cost 2 yuan,2,CNY,photocopy,ymd:2026-08-16,2026-08-16,2026-08-31
books_stationery-zh-015,zh,books_stationery,书籍文具,Books and Stationery,expense,装订论文花了30块,30,CNY,装订,anchor,2026-08-31,2026-08-31
books_stationery-en-015,en,books_stationery,书籍文具,Books and Stationery,expense,Thesis binding was 30 bucks,30,CNY,binding,anchor,2026-08-31,2026-08-31
books_stationery-zh-016,zh,books_stationery,书籍文具,Books and Stationery,expense,精装版图书花了98元,98,CNY,精装书,anchor,2026-08-31,2026-08-31
books_stationery-en-016,en,books_stationery,书籍文具,Books and Stationery,expense,Hardcover book cost 98 yuan,98,CNY,hardcover book,anchor,2026-08-31,2026-08-31
books_stationery-zh-017,zh,books_stationery,书籍文具,Books and Stationery,expense,彩铅套装花了128块,128,CNY,画材,anchor,2026-08-31,2026-08-31
books_stationery-en-017,en,books_stationery,书籍文具,Books and Stationery,expense,Colored pencil set was 128 bucks,128,CNY,art supplies,anchor,2026-08-31,2026-08-31
books_stationery-zh-018,zh,books_stationery,书籍文具,Books and Stationery,expense,香港教材书300HKD,300,HKD,教材,anchor,2026-08-31,2026-08-31
books_stationery-en-018,en,books_stationery,书籍文具,Books and Stationery,expense,HK textbook cost 300 HKD,300,HKD,textbook,anchor,2026-08-31,2026-08-31
books_stationery-zh-019,zh,books_stationery,书籍文具,Books and Stationery,expense,今天明天便利贴都花了8元,8,CNY,文具,"rel:0,1",2026-08-31|2026-09-01,2026-08-31
books_stationery-en-019,en,books_stationery,书籍文具,Books and Stationery,expense,Sticky notes today and tomorrow cost 8 yuan each,8,CNY,stationery,"rel:0,1",2026-08-31|2026-09-01,2026-08-31
books_stationery-zh-020,zh,books_stationery,书籍文具,Books and Stationery,expense,胶棒剪刀花了15块,15,CNY,文具,anchor,2026-08-31,2026-08-31
books_stationery-en-020,en,books_stationery,书籍文具,Books and Stationery,expense,Glue stick and scissors cost 15 bucks,15,CNY,stationery,anchor,2026-08-31,2026-08-31
books_stationery-zh-021,zh,books_stationery,书籍文具,Books and Stationery,expense,技术开发文档书籍158元,158,CNY,技术书,anchor,2026-08-31,2026-08-31
books_stationery-en-021,en,books_stationery,书籍文具,Books and Stationery,expense,Tech development book cost 158 yuan,158,CNY,tech book,anchor,2026-08-31,2026-08-31
books_stationery-zh-022,zh,books_stationery,书籍文具,Books and Stationery,expense,素描本花了25块,25,CNY,素描本,anchor,2026-08-31,2026-08-31
books_stationery-en-022,en,books_stationery,书籍文具,Books and Stationery,expense,Sketchbook was 25 bucks,25,CNY,sketchbook,anchor,2026-08-31,2026-08-31
books_stationery-zh-023,zh,books_stationery,书籍文具,Books and Stationery,expense,香港漫画书100HKD,100,HKD,漫画,anchor,2026-08-31,2026-08-31
books_stationery-en-023,en,books_stationery,书籍文具,Books and Stationery,expense,HK comic book cost 100 HKD,100,HKD,comic,anchor,2026-08-31,2026-08-31
books_stationery-zh-024,zh,books_stationery,书籍文具,Books and Stationery,expense,文件袋十个10元,10,CNY,办公用品,anchor,2026-08-31,2026-08-31
books_stationery-en-024,en,books_stationery,书籍文具,Books and Stationery,expense,Ten file folders cost 10 yuan,10,CNY,office supplies,anchor,2026-08-31,2026-08-31
books_stationery-zh-025,zh,books_stationery,书籍文具,Books and Stationery,expense,钢笔墨水花了45块,45,CNY,钢笔,anchor,2026-08-31,2026-08-31
books_stationery-en-025,en,books_stationery,书籍文具,Books and Stationery,expense,Fountain pen and ink cost 45 bucks,45,CNY,fountain pen,anchor,2026-08-31,2026-08-31
books_stationery-zh-026,zh,books_stationery,书籍文具,Books and Stationery,expense,畅销书排行榜书籍59元,59,CNY,畅销书,anchor,2026-08-31,2026-08-31
books_stationery-en-026,en,books_stationery,书籍文具,Books and Stationery,expense,Bestseller book cost 59 yuan,59,CNY,bestseller,anchor,2026-08-31,2026-08-31
books_stationery-zh-027,zh,books_stationery,书籍文具,Books and Stationery,expense,马克笔套装88块,88,CNY,画材,anchor,2026-08-31,2026-08-31
books_stationery-en-027,en,books_stationery,书籍文具,Books and Stationery,expense,Marker pen set was 88 bucks,88,CNY,art supplies,anchor,2026-08-31,2026-08-31
books_stationery-zh-028,zh,books_stationery,书籍文具,Books and Stationery,expense,香港考试用书350HKD,350,HKD,考试书,anchor,2026-08-31,2026-08-31
books_stationery-en-028,en,books_stationery,书籍文具,Books and Stationery,expense,HK exam prep book cost 350 HKD,350,HKD,exam book,anchor,2026-08-31,2026-08-31
books_stationery-zh-029,zh,books_stationery,书籍文具,Books and Stationery,expense,回形针长尾夹花了12元,12,CNY,办公用品,anchor,2026-08-31,2026-08-31
books_stationery-en-029,en,books_stationery,书籍文具,Books and Stationery,expense,Paper clips and binder clips cost 12 yuan,12,CNY,office supplies,anchor,2026-08-31,2026-08-31
books_stationery-zh-030,zh,books_stationery,书籍文具,Books and Stationery,expense,笔记本电脑支架89块,89,CNY,电脑配件,anchor,2026-08-31,2026-08-31
books_stationery-en-030,en,books_stationery,书籍文具,Books and Stationery,expense,Laptop stand was 89 bucks,89,CNY,laptop accessory,anchor,2026-08-31,2026-08-31
books_stationery-zh-031,zh,books_stationery,书籍文具,Books and Stationery,expense,诗集散文集花了68元,68,CNY,文学书,anchor,2026-08-31,2026-08-31
books_stationery-en-031,en,books_stationery,书籍文具,Books and Stationery,expense,Poetry and essay collection cost 68 yuan,68,CNY,literature book,anchor,2026-08-31,2026-08-31
books_stationery-zh-032,zh,books_stationery,书籍文具,Books and Stationery,expense,水彩颜料套装128块,128,CNY,画材,anchor,2026-08-31,2026-08-31
books_stationery-en-032,en,books_stationery,书籍文具,Books and Stationery,expense,Watercolor paint set was 128 bucks,128,CNY,art supplies,anchor,2026-08-31,2026-08-31
books_stationery-zh-033,zh,books_stationery,书籍文具,Books and Stationery,expense,香港字典词典180HKD,180,HKD,词典,anchor,2026-08-31,2026-08-31
books_stationery-en-033,en,books_stationery,书籍文具,Books and Stationery,expense,HK dictionary cost 180 HKD,180,HKD,dictionary,anchor,2026-08-31,2026-08-31
books_stationery-zh-034,zh,books_stationery,书籍文具,Books and Stationery,expense,书签套装花了20元,20,CNY,文具,anchor,2026-08-31,2026-08-31
books_stationery-en-034,en,books_stationery,书籍文具,Books and Stationery,expense,Bookmark set cost 20 yuan,20,CNY,stationery,anchor,2026-08-31,2026-08-31
books_stationery-zh-035,zh,books_stationery,书籍文具,Books and Stationery,expense,计算器花了50块,50,CNY,文具,anchor,2026-08-31,2026-08-31
books_stationery-en-035,en,books_stationery,书籍文具,Books and Stationery,expense,Calculator was 50 bucks,50,CNY,stationery,anchor,2026-08-31,2026-08-31
books_stationery-zh-036,zh,books_stationery,书籍文具,Books and Stationery,expense,历史类书籍78元,78,CNY,历史书,anchor,2026-08-31,2026-08-31
books_stationery-en-036,en,books_stationery,书籍文具,Books and Stationery,expense,History book cost 78 yuan,78,CNY,history book,anchor,2026-08-31,2026-08-31
books_stationery-zh-037,zh,books_stationery,书籍文具,Books and Stationery,expense,画架画板花了150块,150,CNY,画材,anchor,2026-08-31,2026-08-31
books_stationery-en-037,en,books_stationery,书籍文具,Books and Stationery,expense,Easel and drawing board cost 150 bucks,150,CNY,art supplies,anchor,2026-08-31,2026-08-31
books_stationery-zh-038,zh,books_stationery,书籍文具,Books and Stationery,expense,香港儿童绘本120HKD,120,HKD,绘本,anchor,2026-08-31,2026-08-31
books_stationery-en-038,en,books_stationery,书籍文具,Books and Stationery,expense,HK children's picture book 120 HKD,120,HKD,picture book,anchor,2026-08-31,2026-08-31
books_stationery-zh-039,zh,books_stationery,书籍文具,Books and Stationery,expense,橡皮尺子套装8元,8,CNY,文具,anchor,2026-08-31,2026-08-31
books_stationery-en-039,en,books_stationery,书籍文具,Books and Stationery,expense,Eraser and ruler set cost 8 yuan,8,CNY,stationery,anchor,2026-08-31,2026-08-31
books_stationery-zh-040,zh,books_stationery,书籍文具,Books and Stationery,expense,文件夹收纳盒35块,35,CNY,办公用品,anchor,2026-08-31,2026-08-31
books_stationery-en-040,en,books_stationery,书籍文具,Books and Stationery,expense,Folder storage box was 35 bucks,35,CNY,office supplies,anchor,2026-08-31,2026-08-31
books_stationery-zh-041,zh,books_stationery,书籍文具,Books and Stationery,expense,心理学书籍128元,128,CNY,心理书,anchor,2026-08-31,2026-08-31
books_stationery-en-041,en,books_stationery,书籍文具,Books and Stationery,expense,Psychology book cost 128 yuan,128,CNY,psychology book,anchor,2026-08-31,2026-08-31
books_stationery-zh-042,zh,books_stationery,书籍文具,Books and Stationery,expense,宣纸毛边纸50块,50,CNY,文房,anchor,2026-08-31,2026-08-31
books_stationery-en-042,en,books_stationery,书籍文具,Books and Stationery,expense,Rice paper bundle was 50 bucks,50,CNY,calligraphy supplies,anchor,2026-08-31,2026-08-31
books_stationery-zh-043,zh,books_stationery,书籍文具,Books and Stationery,expense,香港商业书籍280HKD,280,HKD,商业书,anchor,2026-08-31,2026-08-31
books_stationery-en-043,en,books_stationery,书籍文具,Books and Stationery,expense,HK business book cost 280 HKD,280,HKD,business book,anchor,2026-08-31,2026-08-31
books_stationery-zh-044,zh,books_stationery,书籍文具,Books and Stationery,expense,便签本花了10元,10,CNY,文具,anchor,2026-08-31,2026-08-31
books_stationery-en-044,en,books_stationery,书籍文具,Books and Stationery,expense,Memo pad cost 10 yuan,10,CNY,stationery,anchor,2026-08-31,2026-08-31
books_stationery-zh-045,zh,books_stationery,书籍文具,Books and Stationery,expense,订书钉回形针5块,5,CNY,办公用品,anchor,2026-08-31,2026-08-31
books_stationery-en-045,en,books_stationery,书籍文具,Books and Stationery,expense,Staples and paper clips cost 5 bucks,5,CNY,office supplies,anchor,2026-08-31,2026-08-31
books_stationery-zh-046,zh,books_stationery,书籍文具,Books and Stationery,expense,编程技术书籍199元,199,CNY,技术书,anchor,2026-08-31,2026-08-31
books_stationery-en-046,en,books_stationery,书籍文具,Books and Stationery,expense,Programming tech book cost 199 yuan,199,CNY,tech book,anchor,2026-08-31,2026-08-31
books_stationery-zh-047,zh,books_stationery,书籍文具,Books and Stationery,expense,毛笔砚台套装200块,200,CNY,文房,anchor,2026-08-31,2026-08-31
books_stationery-en-047,en,books_stationery,书籍文具,Books and Stationery,expense,Brush and inkstone set was 200 bucks,200,CNY,calligraphy supplies,anchor,2026-08-31,2026-08-31
books_stationery-zh-048,zh,books_stationery,书籍文具,Books and Stationery,expense,香港旅游攻略书88HKD,88,HKD,旅游书,anchor,2026-08-31,2026-08-31
books_stationery-en-048,en,books_stationery,书籍文具,Books and Stationery,expense,HK travel guide book cost 88 HKD,88,HKD,travel book,anchor,2026-08-31,2026-08-31
books_stationery-zh-049,zh,books_stationery,书籍文具,Books and Stationery,expense,错题本花了12元,12,CNY,文具,anchor,2026-08-31,2026-08-31
books_stationery-en-049,en,books_stationery,书籍文具,Books and Stationery,expense,Error notebook cost 12 yuan,12,CNY,stationery,anchor,2026-08-31,2026-08-31
books_stationery-zh-050,zh,books_stationery,书籍文具,Books and Stationery,expense,精装笔记本68块,68,CNY,笔记本,anchor,2026-08-31,2026-08-31
books_stationery-en-050,en,books_stationery,书籍文具,Books and Stationery,expense,Hardcover notebook was 68 bucks,68,CNY,notebook,anchor,2026-08-31,2026-08-31
leisure-zh-001,zh,leisure,休闲娱乐,Leisure,expense,昨天去KTV唱歌花了380元,380,CNY,KTV,rel:-1,2026-08-30,2026-08-31
leisure-en-001,en,leisure,休闲娱乐,Leisure,expense,KTV karaoke yesterday cost 380 yuan,380,CNY,KTV,rel:-1,2026-08-30,2026-08-31
leisure-zh-002,zh,leisure,休闲娱乐,Leisure,expense,剧本杀人均花了128块,128,CNY,剧本杀,anchor,2026-08-31,2026-08-31
leisure-en-002,en,leisure,休闲娱乐,Leisure,expense,Murder mystery game per person was 128 bucks,128,CNY,murder mystery,anchor,2026-08-31,2026-08-31
leisure-zh-003,zh,leisure,休闲娱乐,Leisure,expense,密室逃脱门票花了298HKD,298,HKD,密室,anchor,2026-08-31,2026-08-31
leisure-en-003,en,leisure,休闲娱乐,Leisure,expense,Escape room ticket cost 298 HKD,298,HKD,escape room,anchor,2026-08-31,2026-08-31
leisure-zh-004,zh,leisure,休闲娱乐,Leisure,expense,这一周每天桌游吧消费花了80元,80,CNY,桌游,week:0,2026-08-31|2026-09-01|2026-09-02|2026-09-03|2026-09-04|2026-09-05|2026-09-06,2026-08-31
leisure-en-004,en,leisure,休闲娱乐,Leisure,expense,Log 80 yuan daily this week at board game cafe,80,CNY,board games,week:0,2026-08-31|2026-09-01|2026-09-02|2026-09-03|2026-09-04|2026-09-05|2026-09-06,2026-08-31
leisure-zh-005,zh,leisure,休闲娱乐,Leisure,expense,抓娃娃花了50块,50,CNY,抓娃娃,anchor,2026-08-31,2026-08-31
leisure-en-005,en,leisure,休闲娱乐,Leisure,expense,Claw machine cost 50 bucks,50,CNY,claw machine,anchor,2026-08-31,2026-08-31
leisure-zh-006,zh,leisure,休闲娱乐,Leisure,expense,酒吧喝酒花了600元,600,CNY,酒吧,anchor,2026-08-31,2026-08-31
leisure-en-006,en,leisure,休闲娱乐,Leisure,expense,Bar drinks cost 600 yuan,600,CNY,bar,anchor,2026-08-31,2026-08-31
leisure-zh-007,zh,leisure,休闲娱乐,Leisure,expense,轰趴馆团建花了800HKD,800,HKD,轰趴,anchor,2026-08-31,2026-08-31
leisure-en-007,en,leisure,休闲娱乐,Leisure,expense,Party house team building cost 800 HKD,800,HKD,party house,anchor,2026-08-31,2026-08-31
leisure-zh-008,zh,leisure,休闲娱乐,Leisure,expense,射箭馆体验花了150元,150,CNY,射箭,anchor,2026-08-31,2026-08-31
leisure-en-008,en,leisure,休闲娱乐,Leisure,expense,Archery range experience cost 150 yuan,150,CNY,archery,anchor,2026-08-31,2026-08-31
leisure-zh-009,zh,leisure,休闲娱乐,Leisure,expense,海外赌场小费100USD,100,USD,赌场小费,anchor,2026-08-31,2026-08-31
leisure-en-009,en,leisure,休闲娱乐,Leisure,expense,Overseas casino tip 100 USD,100,USD,casino tip,anchor,2026-08-31,2026-08-31
leisure-zh-010,zh,leisure,休闲娱乐,Leisure,expense,今天明天网吧上网都花40块,40,CNY,网吧,"rel:0,1",2026-08-31|2026-09-01,2026-08-31
leisure-en-010,en,leisure,休闲娱乐,Leisure,expense,Log 40 bucks today and tomorrow for internet cafe,40,CNY,internet cafe,"rel:0,1",2026-08-31|2026-09-01,2026-08-31
leisure-zh-011,zh,leisure,休闲娱乐,Leisure,expense,今天到后天台球厅打球都花80元,80,CNY,台球,span:0:2,2026-08-31|2026-09-01|2026-09-02,2026-08-31
leisure-en-011,en,leisure,休闲娱乐,Leisure,expense,Log 80 yuan today through day after tomorrow for pool hall,80,CNY,pool,span:0:2,2026-08-31|2026-09-01|2026-09-02,2026-08-31
leisure-zh-012,zh,leisure,休闲娱乐,Leisure,expense,棋牌室麻将一下午120块,120,CNY,棋牌,anchor,2026-08-31,2026-08-31
leisure-en-012,en,leisure,休闲娱乐,Leisure,expense,Mahjong afternoon at card room cost 120 bucks,120,CNY,card room,anchor,2026-08-31,2026-08-31
leisure-zh-013,zh,leisure,休闲娱乐,Leisure,expense,香港桌游吧每人150HKD,150,HKD,桌游,anchor,2026-08-31,2026-08-31
leisure-en-013,en,leisure,休闲娱乐,Leisure,expense,HK board game cafe 150 HKD per person,150,HKD,board games,anchor,2026-08-31,2026-08-31
leisure-zh-014,zh,leisure,休闲娱乐,Leisure,expense,电玩城买游戏币花了100元,100,CNY,电玩城,anchor,2026-08-31,2026-08-31
leisure-en-014,en,leisure,休闲娱乐,Leisure,expense,Arcade game tokens cost 100 yuan,100,CNY,arcade,anchor,2026-08-31,2026-08-31
leisure-zh-015,zh,leisure,休闲娱乐,Leisure,expense,DIY手工坊做陶艺128块,128,CNY,DIY,anchor,2026-08-31,2026-08-31
leisure-en-015,en,leisure,休闲娱乐,Leisure,expense,DIY pottery workshop was 128 bucks,128,CNY,DIY,anchor,2026-08-31,2026-08-31
leisure-zh-016,zh,leisure,休闲娱乐,Leisure,expense,本周五舞厅跳舞门票50元,50,CNY,舞厅,weekday:5,2026-09-04,2026-08-31
leisure-en-016,en,leisure,休闲娱乐,Leisure,expense,Dance hall ticket this Friday cost 50 yuan,50,CNY,dance hall,weekday:5,2026-09-04,2026-08-31
leisure-zh-017,zh,leisure,休闲娱乐,Leisure,expense,轰趴别墅一天1500块,1500,CNY,轰趴别墅,anchor,2026-08-31,2026-08-31
leisure-en-017,en,leisure,休闲娱乐,Leisure,expense,Party villa for one day cost 1500 bucks,1500,CNY,party villa,anchor,2026-08-31,2026-08-31
leisure-zh-018,zh,leisure,休闲娱乐,Leisure,expense,香港卡丁车体验200HKD,200,HKD,卡丁车,anchor,2026-08-31,2026-08-31
leisure-en-018,en,leisure,休闲娱乐,Leisure,expense,HK go-kart experience cost 200 HKD,200,HKD,go-kart,anchor,2026-08-31,2026-08-31
leisure-zh-019,zh,leisure,休闲娱乐,Leisure,expense,VR体验馆一小时80元,80,CNY,VR体验,anchor,2026-08-31,2026-08-31
leisure-en-019,en,leisure,休闲娱乐,Leisure,expense,VR experience one hour cost 80 yuan,80,CNY,VR experience,anchor,2026-08-31,2026-08-31
leisure-zh-020,zh,leisure,休闲娱乐,Leisure,expense,狼人杀桌游吧50块每人,50,CNY,狼人杀,anchor,2026-08-31,2026-08-31
leisure-en-020,en,leisure,休闲娱乐,Leisure,expense,Werewolf board game cafe 50 bucks per person,50,CNY,werewolf game,anchor,2026-08-31,2026-08-31
leisure-zh-021,zh,leisure,休闲娱乐,Leisure,expense,茶棋牌室喝茶打牌100元,100,CNY,茶棋牌,anchor,2026-08-31,2026-08-31
leisure-en-021,en,leisure,休闲娱乐,Leisure,expense,Tea and card room cost 100 yuan,100,CNY,tea and cards,anchor,2026-08-31,2026-08-31
leisure-zh-022,zh,leisure,休闲娱乐,Leisure,expense,蹦床公园门票98块,98,CNY,蹦床,anchor,2026-08-31,2026-08-31
leisure-en-022,en,leisure,休闲娱乐,Leisure,expense,Trampoline park ticket was 98 bucks,98,CNY,trampoline park,anchor,2026-08-31,2026-08-31
leisure-zh-023,zh,leisure,休闲娱乐,Leisure,expense,香港室内跳伞500HKD,500,HKD,室内跳伞,anchor,2026-08-31,2026-08-31
leisure-en-023,en,leisure,休闲娱乐,Leisure,expense,HK indoor skydiving cost 500 HKD,500,HKD,indoor skydiving,anchor,2026-08-31,2026-08-31
leisure-zh-024,zh,leisure,休闲娱乐,Leisure,expense,溜冰场门票40元,40,CNY,溜冰,anchor,2026-08-31,2026-08-31
leisure-en-024,en,leisure,休闲娱乐,Leisure,expense,Ice rink ticket cost 40 yuan,40,CNY,ice skating,anchor,2026-08-31,2026-08-31
leisure-zh-025,zh,leisure,休闲娱乐,Leisure,expense,真人CS野战150块,150,CNY,真人CS,anchor,2026-08-31,2026-08-31
leisure-en-025,en,leisure,休闲娱乐,Leisure,expense,Paintball field was 150 bucks,150,CNY,paintball,anchor,2026-08-31,2026-08-31
leisure-zh-026,zh,leisure,休闲娱乐,Leisure,expense,插花体验课88元,88,CNY,插花课,anchor,2026-08-31,2026-08-31
leisure-en-026,en,leisure,休闲娱乐,Leisure,expense,Flower arranging class cost 88 yuan,88,CNY,flower class,anchor,2026-08-31,2026-08-31
leisure-zh-027,zh,leisure,休闲娱乐,Leisure,expense,朋友局再开一局剧本杀花了138元,138,CNY,剧本杀,anchor,2026-08-31,2026-08-31
leisure-en-027,en,leisure,休闲娱乐,Leisure,expense,Another murder mystery with friends cost 138 yuan,138,CNY,murder mystery,anchor,2026-08-31,2026-08-31
leisure-zh-028,zh,leisure,休闲娱乐,Leisure,expense,攀岩馆体验120元,120,CNY,攀岩,anchor,2026-08-31,2026-08-31
leisure-en-028,en,leisure,休闲娱乐,Leisure,expense,Rock climbing gym experience cost 120 yuan,120,CNY,rock climbing,anchor,2026-08-31,2026-08-31
leisure-zh-029,zh,leisure,休闲娱乐,Leisure,expense,桌游卡牌购买80块,80,CNY,桌游卡,anchor,2026-08-31,2026-08-31
leisure-en-029,en,leisure,休闲娱乐,Leisure,expense,Board game cards purchase was 80 bucks,80,CNY,board game cards,anchor,2026-08-31,2026-08-31
leisure-zh-030,zh,leisure,休闲娱乐,Leisure,expense,密室逃脱恐怖主题198元,198,CNY,密室,anchor,2026-08-31,2026-08-31
leisure-en-030,en,leisure,休闲娱乐,Leisure,expense,Horror escape room cost 198 yuan,198,CNY,escape room,anchor,2026-08-31,2026-08-31
leisure-zh-031,zh,leisure,休闲娱乐,Leisure,expense,酒吧台费最低消费200块,200,CNY,酒吧,anchor,2026-08-31,2026-08-31
leisure-en-031,en,leisure,休闲娱乐,Leisure,expense,Bar table minimum spend was 200 bucks,200,CNY,bar,anchor,2026-08-31,2026-08-31
leisure-zh-032,zh,leisure,休闲娱乐,Leisure,expense,香港杜莎夫人蜡像馆门票290HKD,290,HKD,蜡像馆,anchor,2026-08-31,2026-08-31
leisure-en-032,en,leisure,休闲娱乐,Leisure,expense,HK Madame Tussauds ticket cost 290 HKD,290,HKD,wax museum,anchor,2026-08-31,2026-08-31
leisure-zh-033,zh,leisure,休闲娱乐,Leisure,expense,电竞酒店开黑一晚300元,300,CNY,电竞酒店,anchor,2026-08-31,2026-08-31
leisure-en-033,en,leisure,休闲娱乐,Leisure,expense,Esports hotel one night cost 300 yuan,300,CNY,esports hotel,anchor,2026-08-31,2026-08-31
leisure-zh-034,zh,leisure,休闲娱乐,Leisure,expense,DIY蛋糕烘焙168块,168,CNY,烘焙DIY,anchor,2026-08-31,2026-08-31
leisure-en-034,en,leisure,休闲娱乐,Leisure,expense,DIY cake baking was 168 bucks,168,CNY,baking DIY,anchor,2026-08-31,2026-08-31
leisure-zh-035,zh,leisure,休闲娱乐,Leisure,expense,8月21日脱口秀开放麦门票50元,50,CNY,脱口秀,ymd:2026-08-21,2026-08-21,2026-08-31
leisure-en-035,en,leisure,休闲娱乐,Leisure,expense,Open mic comedy ticket on Aug 21 cost 50 yuan,50,CNY,stand-up comedy,ymd:2026-08-21,2026-08-21,2026-08-31
leisure-zh-036,zh,leisure,休闲娱乐,Leisure,expense,室内滑雪场三小时300块,300,CNY,室内滑雪,anchor,2026-08-31,2026-08-31
leisure-en-036,en,leisure,休闲娱乐,Leisure,expense,Indoor ski slope three hours cost 300 bucks,300,CNY,indoor skiing,anchor,2026-08-31,2026-08-31
leisure-zh-037,zh,leisure,休闲娱乐,Leisure,expense,香港天际100观景台门票188HKD,188,HKD,观景台,anchor,2026-08-31,2026-08-31
leisure-en-037,en,leisure,休闲娱乐,Leisure,expense,HK Sky100 observation deck ticket 188 HKD,188,HKD,observation deck,anchor,2026-08-31,2026-08-31
leisure-zh-038,zh,leisure,休闲娱乐,Leisure,expense,射箭馆办卡500元,500,CNY,射箭办卡,anchor,2026-08-31,2026-08-31
leisure-en-038,en,leisure,休闲娱乐,Leisure,expense,Archery range membership card cost 500 yuan,500,CNY,archery membership,anchor,2026-08-31,2026-08-31
leisure-zh-039,zh,leisure,休闲娱乐,Leisure,expense,剧本杀城限本198块,198,CNY,城限本,anchor,2026-08-31,2026-08-31
leisure-en-039,en,leisure,休闲娱乐,Leisure,expense,City-limited murder mystery script was 198 bucks,198,CNY,limited script,anchor,2026-08-31,2026-08-31
leisure-zh-040,zh,leisure,休闲娱乐,Leisure,expense,温泉会馆门票128元,128,CNY,温泉,anchor,2026-08-31,2026-08-31
leisure-en-040,en,leisure,休闲娱乐,Leisure,expense,Hot spring spa ticket cost 128 yuan,128,CNY,hot spring,anchor,2026-08-31,2026-08-31
leisure-zh-041,zh,leisure,休闲娱乐,Leisure,expense,轰趴馆包场1200块,1200,CNY,轰趴包场,anchor,2026-08-31,2026-08-31
leisure-en-041,en,leisure,休闲娱乐,Leisure,expense,Party house private booking cost 1200 bucks,1200,CNY,party booking,anchor,2026-08-31,2026-08-31
leisure-zh-042,zh,leisure,休闲娱乐,Leisure,expense,香港挪亚方舟门票168HKD,168,HKD,景点门票,anchor,2026-08-31,2026-08-31
leisure-en-042,en,leisure,休闲娱乐,Leisure,expense,HK Noah's Ark ticket cost 168 HKD,168,HKD,attraction ticket,anchor,2026-08-31,2026-08-31
leisure-zh-043,zh,leisure,休闲娱乐,Leisure,expense,上周每天网吧包夜30元,30,CNY,网吧包夜,week:-1,2026-08-24|2026-08-25|2026-08-26|2026-08-27|2026-08-28|2026-08-29|2026-08-30,2026-08-31
leisure-en-043,en,leisure,休闲娱乐,Leisure,expense,Log 30 yuan daily last week for internet cafe overnight,30,CNY,overnight cafe,week:-1,2026-08-24|2026-08-25|2026-08-26|2026-08-27|2026-08-28|2026-08-29|2026-08-30,2026-08-31
leisure-zh-044,zh,leisure,休闲娱乐,Leisure,expense,抓娃娃充值100块,100,CNY,抓娃娃,anchor,2026-08-31,2026-08-31
leisure-en-044,en,leisure,休闲娱乐,Leisure,expense,Claw machine top-up was 100 bucks,100,CNY,claw machine,anchor,2026-08-31,2026-08-31
leisure-zh-045,zh,leisure,休闲娱乐,Leisure,expense,棋牌室包房200元,200,CNY,棋牌包房,anchor,2026-08-31,2026-08-31
leisure-en-045,en,leisure,休闲娱乐,Leisure,expense,Card room private room cost 200 yuan,200,CNY,private card room,anchor,2026-08-31,2026-08-31
leisure-zh-046,zh,leisure,休闲娱乐,Leisure,expense,真人密室逃脱88块每人,88,CNY,密室,anchor,2026-08-31,2026-08-31
leisure-en-046,en,leisure,休闲娱乐,Leisure,expense,Live escape room 88 bucks per person,88,CNY,escape room,anchor,2026-08-31,2026-08-31
leisure-zh-047,zh,leisure,休闲娱乐,Leisure,expense,香港坪洲岛一日游套票300HKD,300,HKD,一日游,anchor,2026-08-31,2026-08-31
leisure-en-047,en,leisure,休闲娱乐,Leisure,expense,HK Peng Chau day trip package 300 HKD,300,HKD,day trip,anchor,2026-08-31,2026-08-31
leisure-zh-048,zh,leisure,休闲娱乐,Leisure,expense,桌游吧通宵场100元,100,CNY,桌游通宵,anchor,2026-08-31,2026-08-31
leisure-en-048,en,leisure,休闲娱乐,Leisure,expense,Board game cafe overnight session cost 100 yuan,100,CNY,overnight board games,anchor,2026-08-31,2026-08-31
leisure-zh-049,zh,leisure,休闲娱乐,Leisure,expense,KTV包厢费580块,580,CNY,KTV包厢,anchor,2026-08-31,2026-08-31
leisure-en-049,en,leisure,休闲娱乐,Leisure,expense,KTV private room fee was 580 bucks,580,CNY,KTV room,anchor,2026-08-31,2026-08-31
leisure-zh-050,zh,leisure,休闲娱乐,Leisure,expense,香港保龄球馆50HKD一局,50,HKD,保龄球,anchor,2026-08-31,2026-08-31
leisure-en-050,en,leisure,休闲娱乐,Leisure,expense,HK bowling alley 50 HKD per game,50,HKD,bowling,anchor,2026-08-31,2026-08-31
shows_media-zh-001,zh,shows_media,影视演出,Shows and Media,expense,昨天电影票两张花了80元,80,CNY,电影,rel:-1,2026-08-30,2026-08-31
shows_media-en-001,en,shows_media,影视演出,Shows and Media,expense,Two movie tickets yesterday cost 80 yuan,80,CNY,movie,rel:-1,2026-08-30,2026-08-31
shows_media-zh-002,zh,shows_media,影视演出,Shows and Media,expense,演唱会门票花了1280块,1280,CNY,演唱会,anchor,2026-08-31,2026-08-31
shows_media-en-002,en,shows_media,影视演出,Shows and Media,expense,Concert ticket was 1280 bucks,1280,CNY,concert,anchor,2026-08-31,2026-08-31
shows_media-zh-003,zh,shows_media,影视演出,Shows and Media,expense,话剧票花了380HKD,380,HKD,话剧,anchor,2026-08-31,2026-08-31
shows_media-en-003,en,shows_media,影视演出,Shows and Media,expense,Stage play ticket cost 380 HKD,380,HKD,stage play,anchor,2026-08-31,2026-08-31
shows_media-zh-004,zh,shows_media,影视演出,Shows and Media,expense,视频会员年卡花了198元,198,CNY,视频会员,anchor,2026-08-31,2026-08-31
shows_media-en-004,en,shows_media,影视演出,Shows and Media,expense,Streaming annual membership cost 198 yuan,198,CNY,streaming membership,anchor,2026-08-31,2026-08-31
shows_media-zh-005,zh,shows_media,影视演出,Shows and Media,expense,音乐节门票花了580块,580,CNY,音乐节,anchor,2026-08-31,2026-08-31
shows_media-en-005,en,shows_media,影视演出,Shows and Media,expense,Music festival ticket was 580 bucks,580,CNY,music festival,anchor,2026-08-31,2026-08-31
shows_media-zh-006,zh,shows_media,影视演出,Shows and Media,expense,本周六相声演出票花了299元,299,CNY,相声,weekday:6,2026-09-05,2026-08-31
shows_media-en-006,en,shows_media,影视演出,Shows and Media,expense,Crosstalk show ticket this Saturday cost 299 yuan,299,CNY,crosstalk,weekday:6,2026-09-05,2026-08-31
shows_media-zh-007,zh,shows_media,影视演出,Shows and Media,expense,迪士尼门票花了650HKD,650,HKD,迪士尼,anchor,2026-08-31,2026-08-31
shows_media-en-007,en,shows_media,影视演出,Shows and Media,expense,Disneyland ticket cost 650 HKD,650,HKD,Disneyland,anchor,2026-08-31,2026-08-31
shows_media-zh-008,zh,shows_media,影视演出,Shows and Media,expense,爱奇艺会员月费25元,25,CNY,视频会员,anchor,2026-08-31,2026-08-31
shows_media-en-008,en,shows_media,影视演出,Shows and Media,expense,iQiyi monthly membership cost 25 yuan,25,CNY,streaming membership,anchor,2026-08-31,2026-08-31
shows_media-zh-009,zh,shows_media,影视演出,Shows and Media,expense,百老汇门票150USD,150,USD,百老汇,anchor,2026-08-31,2026-08-31
shows_media-en-009,en,shows_media,影视演出,Shows and Media,expense,Broadway ticket 150 USD,150,USD,Broadway,anchor,2026-08-31,2026-08-31
shows_media-zh-010,zh,shows_media,影视演出,Shows and Media,expense,脱口秀演出花了180块,180,CNY,脱口秀,anchor,2026-08-31,2026-08-31
shows_media-en-010,en,shows_media,影视演出,Shows and Media,expense,Stand-up comedy show was 180 bucks,180,CNY,stand-up comedy,anchor,2026-08-31,2026-08-31
shows_media-zh-011,zh,shows_media,影视演出,Shows and Media,expense,8月19日IMAX电影票一张65元,65,CNY,IMAX,ymd:2026-08-19,2026-08-19,2026-08-31
shows_media-en-011,en,shows_media,影视演出,Shows and Media,expense,One IMAX ticket on Aug 19 cost 65 yuan,65,CNY,IMAX,ymd:2026-08-19,2026-08-19,2026-08-31
shows_media-zh-012,zh,shows_media,影视演出,Shows and Media,expense,林俊杰演唱会内场1880块,1880,CNY,演唱会,anchor,2026-08-31,2026-08-31
shows_media-en-012,en,shows_media,影视演出,Shows and Media,expense,JJ Lin concert floor seats 1880 bucks,1880,CNY,concert,anchor,2026-08-31,2026-08-31
shows_media-zh-013,zh,shows_media,影视演出,Shows and Media,expense,香港话剧团演出280HKD,280,HKD,话剧,anchor,2026-08-31,2026-08-31
shows_media-en-013,en,shows_media,影视演出,Shows and Media,expense,HK drama troupe show cost 280 HKD,280,HKD,stage play,anchor,2026-08-31,2026-08-31
shows_media-zh-014,zh,shows_media,影视演出,Shows and Media,expense,腾讯视频季卡58元,58,CNY,视频会员,anchor,2026-08-31,2026-08-31
shows_media-en-014,en,shows_media,影视演出,Shows and Media,expense,Tencent Video quarterly pass cost 58 yuan,58,CNY,streaming membership,anchor,2026-08-31,2026-08-31
shows_media-zh-015,zh,shows_media,影视演出,Shows and Media,expense,草莓音乐节门票380块,380,CNY,音乐节,anchor,2026-08-31,2026-08-31
shows_media-en-015,en,shows_media,影视演出,Shows and Media,expense,Strawberry Music Festival ticket was 380 bucks,380,CNY,music festival,anchor,2026-08-31,2026-08-31
shows_media-zh-016,zh,shows_media,影视演出,Shows and Media,expense,京剧演出票180元,180,CNY,京剧,anchor,2026-08-31,2026-08-31
shows_media-en-016,en,shows_media,影视演出,Shows and Media,expense,Peking opera ticket cost 180 yuan,180,CNY,Peking opera,anchor,2026-08-31,2026-08-31
shows_media-zh-017,zh,shows_media,影视演出,Shows and Media,expense,香港迪士尼乐园一日票639HKD,639,HKD,迪士尼,anchor,2026-08-31,2026-08-31
shows_media-en-017,en,shows_media,影视演出,Shows and Media,expense,HK Disneyland one-day ticket 639 HKD,639,HKD,Disneyland,anchor,2026-08-31,2026-08-31
shows_media-zh-018,zh,shows_media,影视演出,Shows and Media,expense,优酷会员月卡20元,20,CNY,视频会员,anchor,2026-08-31,2026-08-31
shows_media-en-018,en,shows_media,影视演出,Shows and Media,expense,Youku monthly pass cost 20 yuan,20,CNY,streaming membership,anchor,2026-08-31,2026-08-31
shows_media-zh-019,zh,shows_media,影视演出,Shows and Media,expense,音乐剧门票480块,480,CNY,音乐剧,anchor,2026-08-31,2026-08-31
shows_media-en-019,en,shows_media,影视演出,Shows and Media,expense,Musical ticket was 480 bucks,480,CNY,musical,anchor,2026-08-31,2026-08-31
shows_media-zh-020,zh,shows_media,影视演出,Shows and Media,expense,舞剧演出票380元,380,CNY,舞剧,anchor,2026-08-31,2026-08-31
shows_media-en-020,en,shows_media,影视演出,Shows and Media,expense,Dance performance ticket cost 380 yuan,380,CNY,dance show,anchor,2026-08-31,2026-08-31
shows_media-zh-021,zh,shows_media,影视演出,Shows and Media,expense,8月31日跨年演唱会门票880块,880,CNY,跨年演唱会,ymd:2026-08-31,2026-08-31,2026-08-31
shows_media-en-021,en,shows_media,影视演出,Shows and Media,expense,New Year concert ticket on Aug 31 cost 880 bucks,880,CNY,New Year concert,ymd:2026-08-31,2026-08-31,2026-08-31
shows_media-zh-022,zh,shows_media,影视演出,Shows and Media,expense,香港电影节开幕影片120HKD,120,HKD,电影节,anchor,2026-08-31,2026-08-31
shows_media-en-022,en,shows_media,影视演出,Shows and Media,expense,HK Film Festival opening film 120 HKD,120,HKD,film festival,anchor,2026-08-31,2026-08-31
shows_media-zh-023,zh,shows_media,影视演出,Shows and Media,expense,B站大会员年卡148元,148,CNY,视频会员,anchor,2026-08-31,2026-08-31
shows_media-en-023,en,shows_media,影视演出,Shows and Media,expense,Bilibili annual membership cost 148 yuan,148,CNY,streaming membership,anchor,2026-08-31,2026-08-31
shows_media-zh-024,zh,shows_media,影视演出,Shows and Media,expense,Livehouse演出票150块,150,CNY,Livehouse,anchor,2026-08-31,2026-08-31
shows_media-en-024,en,shows_media,影视演出,Shows and Media,expense,Livehouse show ticket was 150 bucks,150,CNY,Livehouse,anchor,2026-08-31,2026-08-31
shows_media-zh-025,zh,shows_media,影视演出,Shows and Media,expense,杂技表演门票80元,80,CNY,杂技,anchor,2026-08-31,2026-08-31
shows_media-en-025,en,shows_media,影视演出,Shows and Media,expense,Acrobatics show ticket cost 80 yuan,80,CNY,acrobatics,anchor,2026-08-31,2026-08-31
shows_media-zh-026,zh,shows_media,影视演出,Shows and Media,expense,看了场话剧门票花了180元,180,CNY,话剧,anchor,2026-08-31,2026-08-31
shows_media-en-026,en,shows_media,影视演出,Shows and Media,expense,Stage play ticket cost 180 yuan,180,CNY,stage play,anchor,2026-08-31,2026-08-31
shows_media-zh-027,zh,shows_media,影视演出,Shows and Media,expense,芒果TV会员月卡19元,19,CNY,视频会员,anchor,2026-08-31,2026-08-31
shows_media-en-027,en,shows_media,影视演出,Shows and Media,expense,Mango TV monthly pass cost 19 yuan,19,CNY,streaming membership,anchor,2026-08-31,2026-08-31
shows_media-zh-028,zh,shows_media,影视演出,Shows and Media,expense,德云社相声票280块,280,CNY,相声,anchor,2026-08-31,2026-08-31
shows_media-en-028,en,shows_media,影视演出,Shows and Media,expense,Deyun Club crosstalk ticket was 280 bucks,280,CNY,crosstalk,anchor,2026-08-31,2026-08-31
shows_media-zh-029,zh,shows_media,影视演出,Shows and Media,expense,儿童剧门票120元,120,CNY,儿童剧,anchor,2026-08-31,2026-08-31
shows_media-en-029,en,shows_media,影视演出,Shows and Media,expense,Children's theater ticket cost 120 yuan,120,CNY,children's theater,anchor,2026-08-31,2026-08-31
shows_media-zh-030,zh,shows_media,影视演出,Shows and Media,expense,电音节门票680块,680,CNY,电音节,anchor,2026-08-31,2026-08-31
shows_media-en-030,en,shows_media,影视演出,Shows and Media,expense,EDM festival ticket was 680 bucks,680,CNY,EDM festival,anchor,2026-08-31,2026-08-31
shows_media-zh-031,zh,shows_media,影视演出,Shows and Media,expense,香港文化中心演出200HKD,200,HKD,演出,anchor,2026-08-31,2026-08-31
shows_media-en-031,en,shows_media,影视演出,Shows and Media,expense,HK Cultural Centre show cost 200 HKD,200,HKD,performance,anchor,2026-08-31,2026-08-31
shows_media-zh-032,zh,shows_media,影视演出,Shows and Media,expense,私人影院两小时100元,100,CNY,私人影院,anchor,2026-08-31,2026-08-31
shows_media-en-032,en,shows_media,影视演出,Shows and Media,expense,Private cinema two hours cost 100 yuan,100,CNY,private cinema,anchor,2026-08-31,2026-08-31
shows_media-zh-033,zh,shows_media,影视演出,Shows and Media,expense,摇滚乐队巡演280块,280,CNY,巡演,anchor,2026-08-31,2026-08-31
shows_media-en-033,en,shows_media,影视演出,Shows and Media,expense,Rock band tour ticket was 280 bucks,280,CNY,tour concert,anchor,2026-08-31,2026-08-31
shows_media-zh-034,zh,shows_media,影视演出,Shows and Media,expense,戏曲表演门票50元,50,CNY,戏曲,anchor,2026-08-31,2026-08-31
shows_media-en-034,en,shows_media,影视演出,Shows and Media,expense,Chinese opera ticket cost 50 yuan,50,CNY,Chinese opera,anchor,2026-08-31,2026-08-31
shows_media-zh-035,zh,shows_media,影视演出,Shows and Media,expense,香港昂坪360缆车门票235HKD,235,HKD,缆车,anchor,2026-08-31,2026-08-31
shows_media-en-035,en,shows_media,影视演出,Shows and Media,expense,HK Ngong Ping 360 cable car ticket 235 HKD,235,HKD,cable car,anchor,2026-08-31,2026-08-31
shows_media-zh-036,zh,shows_media,影视演出,Shows and Media,expense,网易云音乐黑胶年卡128元,128,CNY,音乐会员,anchor,2026-08-31,2026-08-31
shows_media-en-036,en,shows_media,影视演出,Shows and Media,expense,NetEase Music annual pass cost 128 yuan,128,CNY,music membership,anchor,2026-08-31,2026-08-31
shows_media-zh-037,zh,shows_media,影视演出,Shows and Media,expense,脱口秀专场128块,128,CNY,脱口秀,anchor,2026-08-31,2026-08-31
shows_media-en-037,en,shows_media,影视演出,Shows and Media,expense,Stand-up comedy special was 128 bucks,128,CNY,stand-up comedy,anchor,2026-08-31,2026-08-31
shows_media-zh-038,zh,shows_media,影视演出,Shows and Media,expense,芭蕾舞剧门票580元,580,CNY,芭蕾舞剧,anchor,2026-08-31,2026-08-31
shows_media-en-038,en,shows_media,影视演出,Shows and Media,expense,Ballet ticket cost 580 yuan,580,CNY,ballet,anchor,2026-08-31,2026-08-31
shows_media-zh-039,zh,shows_media,影视演出,Shows and Media,expense,音乐节VIP票980块,980,CNY,音乐节VIP,anchor,2026-08-31,2026-08-31
shows_media-en-039,en,shows_media,影视演出,Shows and Media,expense,Music festival VIP ticket was 980 bucks,980,CNY,festival VIP,anchor,2026-08-31,2026-08-31
shows_media-zh-040,zh,shows_media,影视演出,Shows and Media,expense,香港太空馆天象厅30HKD,30,HKD,太空馆,anchor,2026-08-31,2026-08-31
shows_media-en-040,en,shows_media,影视演出,Shows and Media,expense,HK Space Museum planetarium 30 HKD,30,HKD,space museum,anchor,2026-08-31,2026-08-31
shows_media-zh-041,zh,shows_media,影视演出,Shows and Media,expense,腾讯体育会员月卡30元,30,CNY,体育会员,anchor,2026-08-31,2026-08-31
shows_media-en-041,en,shows_media,影视演出,Shows and Media,expense,Tencent Sports monthly pass cost 30 yuan,30,CNY,sports membership,anchor,2026-08-31,2026-08-31
shows_media-zh-042,zh,shows_media,影视演出,Shows and Media,expense,话剧暗恋桃花源380块,380,CNY,话剧,anchor,2026-08-31,2026-08-31
shows_media-en-042,en,shows_media,影视演出,Shows and Media,expense,Stage play Peach Blossom Land was 380 bucks,380,CNY,stage play,anchor,2026-08-31,2026-08-31
shows_media-zh-043,zh,shows_media,影视演出,Shows and Media,expense,木偶剧演出60元,60,CNY,木偶剧,anchor,2026-08-31,2026-08-31
shows_media-en-043,en,shows_media,影视演出,Shows and Media,expense,Puppet show ticket cost 60 yuan,60,CNY,puppet show,anchor,2026-08-31,2026-08-31
shows_media-zh-044,zh,shows_media,影视演出,Shows and Media,expense,香港科学馆门票30HKD,30,HKD,科学馆,anchor,2026-08-31,2026-08-31
shows_media-en-044,en,shows_media,影视演出,Shows and Media,expense,HK Science Museum ticket 30 HKD,30,HKD,science museum,anchor,2026-08-31,2026-08-31
shows_media-zh-045,zh,shows_media,影视演出,Shows and Media,expense,爱奇艺奇异果会员年卡298元,298,CNY,视频会员,anchor,2026-08-31,2026-08-31
shows_media-en-045,en,shows_media,影视演出,Shows and Media,expense,iQiyi TV annual membership cost 298 yuan,298,CNY,streaming membership,anchor,2026-08-31,2026-08-31
shows_media-zh-046,zh,shows_media,影视演出,Shows and Media,expense,相声专场演出199块,199,CNY,相声,anchor,2026-08-31,2026-08-31
shows_media-en-046,en,shows_media,影视演出,Shows and Media,expense,Crosstalk special show was 199 bucks,199,CNY,crosstalk,anchor,2026-08-31,2026-08-31
shows_media-zh-047,zh,shows_media,影视演出,Shows and Media,expense,经典电影重映票40元,40,CNY,电影,anchor,2026-08-31,2026-08-31
shows_media-en-047,en,shows_media,影视演出,Shows and Media,expense,Classic film re-release ticket cost 40 yuan,40,CNY,movie,anchor,2026-08-31,2026-08-31
shows_media-zh-048,zh,shows_media,影视演出,Shows and Media,expense,香港红馆演唱会门票880HKD,880,HKD,红馆演唱会,anchor,2026-08-31,2026-08-31
shows_media-en-048,en,shows_media,影视演出,Shows and Media,expense,HK Coliseum concert ticket 880 HKD,880,HKD,Coliseum concert,anchor,2026-08-31,2026-08-31
shows_media-zh-049,zh,shows_media,影视演出,Shows and Media,expense,优酷酷喵会员年卡248元,248,CNY,视频会员,anchor,2026-08-31,2026-08-31
shows_media-en-049,en,shows_media,影视演出,Shows and Media,expense,Youku TV annual pass cost 248 yuan,248,CNY,streaming membership,anchor,2026-08-31,2026-08-31
shows_media-zh-050,zh,shows_media,影视演出,Shows and Media,expense,漫展门票80块,80,CNY,漫展,anchor,2026-08-31,2026-08-31
shows_media-en-050,en,shows_media,影视演出,Shows and Media,expense,Comic convention ticket was 80 bucks,80,CNY,comic con,anchor,2026-08-31,2026-08-31
fitness-zh-001,zh,fitness,运动健身,Fitness,expense,昨天健身卡年卡花了2400元,2400,CNY,健身年卡,rel:-1,2026-08-30,2026-08-31
fitness-en-001,en,fitness,运动健身,Fitness,expense,Spent 2400 yuan on gym annual pass yesterday,2400,CNY,Gym annual pass,rel:-1,2026-08-30,2026-08-31
fitness-zh-002,zh,fitness,运动健身,Fitness,expense,私教课一节花了300块,300,CNY,私教,anchor,2026-08-31,2026-08-31
fitness-en-002,en,fitness,运动健身,Fitness,expense,Private training session cost 300 bucks,300,CNY,Private training,anchor,2026-08-31,2026-08-31
fitness-zh-003,zh,fitness,运动健身,Fitness,expense,这一周每天羽毛球场地费花了120HKD,120,HKD,羽毛球,week:0,2026-08-31|2026-09-01|2026-09-02|2026-09-03|2026-09-04|2026-09-05|2026-09-06,2026-08-31
fitness-en-003,en,fitness,运动健身,Fitness,expense,Badminton court fee 120 HKD every day this week,120,HKD,Badminton,week:0,2026-08-31|2026-09-01|2026-09-02|2026-09-03|2026-09-04|2026-09-05|2026-09-06,2026-08-31
fitness-zh-004,zh,fitness,运动健身,Fitness,expense,游泳票花了50元,50,CNY,游泳,anchor,2026-08-31,2026-08-31
fitness-en-004,en,fitness,运动健身,Fitness,expense,Swimming ticket 50 yuan,50,CNY,Swimming,anchor,2026-08-31,2026-08-31
fitness-zh-005,zh,fitness,运动健身,Fitness,expense,瑜伽课月卡花了800块,800,CNY,瑜伽,anchor,2026-08-31,2026-08-31
fitness-en-005,en,fitness,运动健身,Fitness,expense,Yoga monthly pass 800 bucks,800,CNY,Yoga,anchor,2026-08-31,2026-08-31
fitness-zh-006,zh,fitness,运动健身,Fitness,expense,篮球馆包场花了400元,400,CNY,篮球,anchor,2026-08-31,2026-08-31
fitness-en-006,en,fitness,运动健身,Fitness,expense,Basketball court rental 400 yuan,400,CNY,Basketball,anchor,2026-08-31,2026-08-31
fitness-zh-007,zh,fitness,运动健身,Fitness,expense,高尔夫练习场花了500HKD,500,HKD,高尔夫,anchor,2026-08-31,2026-08-31
fitness-en-007,en,fitness,运动健身,Fitness,expense,Golf driving range 500 HKD,500,HKD,Golf,anchor,2026-08-31,2026-08-31
fitness-zh-008,zh,fitness,运动健身,Fitness,expense,跑步装备花了350元,350,CNY,跑步装备,anchor,2026-08-31,2026-08-31
fitness-en-008,en,fitness,运动健身,Fitness,expense,Running gear 350 yuan,350,CNY,Running gear,anchor,2026-08-31,2026-08-31
fitness-zh-009,zh,fitness,运动健身,Fitness,expense,8月16日海外滑雪票200USD,200,USD,滑雪,ymd:2026-08-16,2026-08-16,2026-08-31
fitness-en-009,en,fitness,运动健身,Fitness,expense,Overseas ski ticket 200 USD on August 16,200,USD,Skiing,ymd:2026-08-16,2026-08-16,2026-08-31
fitness-zh-010,zh,fitness,运动健身,Fitness,expense,乒乓球台租赁花了60块,60,CNY,乒乓球,anchor,2026-08-31,2026-08-31
fitness-en-010,en,fitness,运动健身,Fitness,expense,Table tennis table rental 60 bucks,60,CNY,Table tennis,anchor,2026-08-31,2026-08-31
fitness-zh-011,zh,fitness,运动健身,Fitness,expense,健身房季卡800元,800,CNY,健身季卡,anchor,2026-08-31,2026-08-31
fitness-en-011,en,fitness,运动健身,Fitness,expense,Gym quarterly pass 800 yuan,800,CNY,Gym quarterly pass,anchor,2026-08-31,2026-08-31
fitness-zh-012,zh,fitness,运动健身,Fitness,expense,拳击课一节180块,180,CNY,拳击,anchor,2026-08-31,2026-08-31
fitness-en-012,en,fitness,运动健身,Fitness,expense,Boxing class 180 bucks per session,180,CNY,Boxing,anchor,2026-08-31,2026-08-31
fitness-zh-013,zh,fitness,运动健身,Fitness,expense,今天到后天香港网球场一小时都150HKD,150,HKD,网球,span:0:2,2026-08-31|2026-09-01|2026-09-02,2026-08-31
fitness-en-013,en,fitness,运动健身,Fitness,expense,HK tennis court 150 HKD per hour today through day after tomorrow,150,HKD,Tennis,span:0:2,2026-08-31|2026-09-01|2026-09-02,2026-08-31
fitness-zh-014,zh,fitness,运动健身,Fitness,expense,保龄球三局80元,80,CNY,保龄球,anchor,2026-08-31,2026-08-31
fitness-en-014,en,fitness,运动健身,Fitness,expense,Bowling three games 80 yuan,80,CNY,Bowling,anchor,2026-08-31,2026-08-31
fitness-zh-015,zh,fitness,运动健身,Fitness,expense,舞蹈班月卡600块,600,CNY,舞蹈班,anchor,2026-08-31,2026-08-31
fitness-en-015,en,fitness,运动健身,Fitness,expense,Dance class monthly pass 600 bucks,600,CNY,Dance class,anchor,2026-08-31,2026-08-31
fitness-zh-016,zh,fitness,运动健身,Fitness,expense,击剑体验课198元,198,CNY,击剑,anchor,2026-08-31,2026-08-31
fitness-en-016,en,fitness,运动健身,Fitness,expense,Fencing trial class 198 yuan,198,CNY,Fencing,anchor,2026-08-31,2026-08-31
fitness-zh-017,zh,fitness,运动健身,Fitness,expense,香港健身中心月卡800HKD,800,HKD,健身月卡,anchor,2026-08-31,2026-08-31
fitness-en-017,en,fitness,运动健身,Fitness,expense,HK gym monthly pass 800 HKD,800,HKD,Gym monthly pass,anchor,2026-08-31,2026-08-31
fitness-zh-018,zh,fitness,运动健身,Fitness,expense,轮滑场地费30元,30,CNY,轮滑,anchor,2026-08-31,2026-08-31
fitness-en-018,en,fitness,运动健身,Fitness,expense,Roller skating rink fee 30 yuan,30,CNY,Roller skating,anchor,2026-08-31,2026-08-31
fitness-zh-019,zh,fitness,运动健身,Fitness,expense,本周日散打课一节150块,150,CNY,散打,weekday:7,2026-09-06,2026-08-31
fitness-en-019,en,fitness,运动健身,Fitness,expense,Sanda class 150 bucks this Sunday,150,CNY,Sanda,weekday:7,2026-09-06,2026-08-31
fitness-zh-020,zh,fitness,运动健身,Fitness,expense,壁球馆一小时100元,100,CNY,壁球,anchor,2026-08-31,2026-08-31
fitness-en-020,en,fitness,运动健身,Fitness,expense,Squash court one hour 100 yuan,100,CNY,Squash,anchor,2026-08-31,2026-08-31
fitness-zh-021,zh,fitness,运动健身,Fitness,expense,香港保龄球城50HKD一局,50,HKD,保龄球,anchor,2026-08-31,2026-08-31
fitness-en-021,en,fitness,运动健身,Fitness,expense,HK bowling alley 50 HKD per game,50,HKD,Bowling,anchor,2026-08-31,2026-08-31
fitness-zh-022,zh,fitness,运动健身,Fitness,expense,动感单车月卡300元,300,CNY,动感单车,anchor,2026-08-31,2026-08-31
fitness-en-022,en,fitness,运动健身,Fitness,expense,Spin class monthly pass 300 yuan,300,CNY,Spin class,anchor,2026-08-31,2026-08-31
fitness-zh-023,zh,fitness,运动健身,Fitness,expense,普拉提一节280块,280,CNY,普拉提,anchor,2026-08-31,2026-08-31
fitness-en-023,en,fitness,运动健身,Fitness,expense,Pilates session 280 bucks,280,CNY,Pilates,anchor,2026-08-31,2026-08-31
fitness-zh-024,zh,fitness,运动健身,Fitness,expense,射箭馆一小时80元,80,CNY,射箭,anchor,2026-08-31,2026-08-31
fitness-en-024,en,fitness,运动健身,Fitness,expense,Archery range one hour 80 yuan,80,CNY,Archery,anchor,2026-08-31,2026-08-31
fitness-zh-025,zh,fitness,运动健身,Fitness,expense,香港攀石场180HKD,180,HKD,攀石,anchor,2026-08-31,2026-08-31
fitness-en-025,en,fitness,运动健身,Fitness,expense,HK rock climbing gym 180 HKD,180,HKD,Rock climbing,anchor,2026-08-31,2026-08-31
fitness-zh-026,zh,fitness,运动健身,Fitness,expense,8月14日健身房次卡20次500元,500,CNY,次卡,ymd:2026-08-14,2026-08-14,2026-08-31
fitness-en-026,en,fitness,运动健身,Fitness,expense,Gym 20-visit pass 500 yuan on August 14,500,CNY,Visit pass,ymd:2026-08-14,2026-08-14,2026-08-31
fitness-zh-027,zh,fitness,运动健身,Fitness,expense,跆拳道月卡400块,400,CNY,跆拳道,anchor,2026-08-31,2026-08-31
fitness-en-027,en,fitness,运动健身,Fitness,expense,Taekwondo monthly pass 400 bucks,400,CNY,Taekwondo,anchor,2026-08-31,2026-08-31
fitness-zh-028,zh,fitness,运动健身,Fitness,expense,潜水体验课380元,380,CNY,潜水,anchor,2026-08-31,2026-08-31
fitness-en-028,en,fitness,运动健身,Fitness,expense,Diving trial class 380 yuan,380,CNY,Diving,anchor,2026-08-31,2026-08-31
fitness-zh-029,zh,fitness,运动健身,Fitness,expense,香港冲浪教学500HKD,500,HKD,冲浪,anchor,2026-08-31,2026-08-31
fitness-en-029,en,fitness,运动健身,Fitness,expense,HK surf lesson 500 HKD,500,HKD,Surfing,anchor,2026-08-31,2026-08-31
fitness-zh-030,zh,fitness,运动健身,Fitness,expense,乒乓球培训一期1200元,1200,CNY,乒乓球培训,anchor,2026-08-31,2026-08-31
fitness-en-030,en,fitness,运动健身,Fitness,expense,Table tennis training course 1200 yuan,1200,CNY,Table tennis training,anchor,2026-08-31,2026-08-31
fitness-zh-031,zh,fitness,运动健身,Fitness,expense,上周六买了羽毛球拍一支800块,800,CNY,球拍,weekday:-1:6,2026-08-29,2026-08-31
fitness-en-031,en,fitness,运动健身,Fitness,expense,Bought badminton racket 800 bucks last Saturday,800,CNY,Racket,weekday:-1:6,2026-08-29,2026-08-31
fitness-zh-032,zh,fitness,运动健身,Fitness,expense,瑜伽垫一张128元,128,CNY,瑜伽垫,anchor,2026-08-31,2026-08-31
fitness-en-032,en,fitness,运动健身,Fitness,expense,Yoga mat 128 yuan,128,CNY,Yoga mat,anchor,2026-08-31,2026-08-31
fitness-zh-033,zh,fitness,运动健身,Fitness,expense,香港健身私教400HKD一节,400,HKD,私教,anchor,2026-08-31,2026-08-31
fitness-en-033,en,fitness,运动健身,Fitness,expense,HK gym private training 400 HKD per session,400,HKD,Private training,anchor,2026-08-31,2026-08-31
fitness-zh-034,zh,fitness,运动健身,Fitness,expense,篮球一双600元,600,CNY,篮球鞋,anchor,2026-08-31,2026-08-31
fitness-en-034,en,fitness,运动健身,Fitness,expense,Basketball shoes 600 yuan,600,CNY,Basketball shoes,anchor,2026-08-31,2026-08-31
fitness-zh-035,zh,fitness,运动健身,Fitness,expense,游泳培训10节课1500块,1500,CNY,游泳培训,anchor,2026-08-31,2026-08-31
fitness-en-035,en,fitness,运动健身,Fitness,expense,Swimming lessons 10 sessions 1500 bucks,1500,CNY,Swimming lessons,anchor,2026-08-31,2026-08-31
fitness-zh-036,zh,fitness,运动健身,Fitness,expense,跑步机一台2999元,2999,CNY,跑步机,anchor,2026-08-31,2026-08-31
fitness-en-036,en,fitness,运动健身,Fitness,expense,Treadmill 2999 yuan,2999,CNY,Treadmill,anchor,2026-08-31,2026-08-31
fitness-zh-037,zh,fitness,运动健身,Fitness,expense,香港瑜伽中心月卡900HKD,900,HKD,瑜伽月卡,anchor,2026-08-31,2026-08-31
fitness-en-037,en,fitness,运动健身,Fitness,expense,HK yoga center monthly pass 900 HKD,900,HKD,Yoga monthly pass,anchor,2026-08-31,2026-08-31
fitness-zh-038,zh,fitness,运动健身,Fitness,expense,哑铃套装500元,500,CNY,哑铃,anchor,2026-08-31,2026-08-31
fitness-en-038,en,fitness,运动健身,Fitness,expense,Dumbbell set 500 yuan,500,CNY,Dumbbells,anchor,2026-08-31,2026-08-31
fitness-zh-039,zh,fitness,运动健身,Fitness,expense,羽毛球线更换30块,30,CNY,换线,anchor,2026-08-31,2026-08-31
fitness-en-039,en,fitness,运动健身,Fitness,expense,Badminton string restring 30 bucks,30,CNY,String restring,anchor,2026-08-31,2026-08-31
fitness-zh-040,zh,fitness,运动健身,Fitness,expense,护膝护腕套装88元,88,CNY,护具,anchor,2026-08-31,2026-08-31
fitness-en-040,en,fitness,运动健身,Fitness,expense,Knee and wrist guard set 88 yuan,88,CNY,Protective gear,anchor,2026-08-31,2026-08-31
fitness-zh-041,zh,fitness,运动健身,Fitness,expense,香港运动用品店买鞋800HKD,800,HKD,运动鞋,anchor,2026-08-31,2026-08-31
fitness-en-041,en,fitness,运动健身,Fitness,expense,Sports shoes at HK sports store 800 HKD,800,HKD,Sports shoes,anchor,2026-08-31,2026-08-31
fitness-zh-042,zh,fitness,运动健身,Fitness,expense,健身蛋白粉320元,320,CNY,蛋白粉,anchor,2026-08-31,2026-08-31
fitness-en-042,en,fitness,运动健身,Fitness,expense,Protein powder 320 yuan,320,CNY,Protein powder,anchor,2026-08-31,2026-08-31
fitness-zh-043,zh,fitness,运动健身,Fitness,expense,乒乓球拍一副200块,200,CNY,球拍,anchor,2026-08-31,2026-08-31
fitness-en-043,en,fitness,运动健身,Fitness,expense,Table tennis paddle set 200 bucks,200,CNY,Racket,anchor,2026-08-31,2026-08-31
fitness-zh-044,zh,fitness,运动健身,Fitness,expense,速干运动衣150元,150,CNY,运动衣,anchor,2026-08-31,2026-08-31
fitness-en-044,en,fitness,运动健身,Fitness,expense,Quick-dry sport shirt 150 yuan,150,CNY,Sport shirt,anchor,2026-08-31,2026-08-31
fitness-zh-045,zh,fitness,运动健身,Fitness,expense,香港健身手套150HKD,150,HKD,健身手套,anchor,2026-08-31,2026-08-31
fitness-en-045,en,fitness,运动健身,Fitness,expense,HK gym gloves 150 HKD,150,HKD,Gym gloves,anchor,2026-08-31,2026-08-31
fitness-zh-046,zh,fitness,运动健身,Fitness,expense,游泳镜一副128元,128,CNY,泳镜,anchor,2026-08-31,2026-08-31
fitness-en-046,en,fitness,运动健身,Fitness,expense,Swimming goggles 128 yuan,128,CNY,Swim goggles,anchor,2026-08-31,2026-08-31
fitness-zh-047,zh,fitness,运动健身,Fitness,expense,篮球比赛报名费100块,100,CNY,报名费,anchor,2026-08-31,2026-08-31
fitness-en-047,en,fitness,运动健身,Fitness,expense,Basketball tournament entry fee 100 bucks,100,CNY,Entry fee,anchor,2026-08-31,2026-08-31
fitness-zh-048,zh,fitness,运动健身,Fitness,expense,运动背包299元,299,CNY,运动包,anchor,2026-08-31,2026-08-31
fitness-en-048,en,fitness,运动健身,Fitness,expense,Sports backpack 299 yuan,299,CNY,Sports bag,anchor,2026-08-31,2026-08-31
fitness-zh-049,zh,fitness,运动健身,Fitness,expense,香港羽毛球馆80HKD每小时,80,HKD,羽毛球,anchor,2026-08-31,2026-08-31
fitness-en-049,en,fitness,运动健身,Fitness,expense,HK badminton court 80 HKD per hour,80,HKD,Badminton,anchor,2026-08-31,2026-08-31
fitness-zh-050,zh,fitness,运动健身,Fitness,expense,香港健身月卡1000HKD,1000,HKD,健身月卡,anchor,2026-08-31,2026-08-31
fitness-en-050,en,fitness,运动健身,Fitness,expense,HK gym monthly pass 1000 HKD,1000,HKD,Gym monthly pass,anchor,2026-08-31,2026-08-31
travel-zh-001,zh,travel,旅游度假,Travel,expense,昨天三亚旅游花了5000元,5000,CNY,三亚游,rel:-1,2026-08-30,2026-08-31
travel-en-001,en,travel,旅游度假,Travel,expense,Sanya trip cost 5000 yuan yesterday,5000,CNY,Sanya trip,rel:-1,2026-08-30,2026-08-31
travel-zh-002,zh,travel,旅游度假,Travel,expense,省内游跟团花了1200块,1200,CNY,跟团游,anchor,2026-08-31,2026-08-31
travel-en-002,en,travel,旅游度假,Travel,expense,Provincial group tour 1200 bucks,1200,CNY,Group tour,anchor,2026-08-31,2026-08-31
travel-zh-003,zh,travel,旅游度假,Travel,expense,日本旅行花了8000HKD,8000,HKD,日本游,anchor,2026-08-31,2026-08-31
travel-en-003,en,travel,旅游度假,Travel,expense,Japan trip 8000 HKD,8000,HKD,Japan trip,anchor,2026-08-31,2026-08-31
travel-zh-004,zh,travel,旅游度假,Travel,expense,景区门票花了180元,180,CNY,景区门票,anchor,2026-08-31,2026-08-31
travel-en-004,en,travel,旅游度假,Travel,expense,Scenic spot ticket 180 yuan,180,CNY,Scenic ticket,anchor,2026-08-31,2026-08-31
travel-zh-005,zh,travel,旅游度假,Travel,expense,跟团游团费3500块,3500,CNY,跟团游,anchor,2026-08-31,2026-08-31
travel-en-005,en,travel,旅游度假,Travel,expense,Group tour fee 3500 bucks,3500,CNY,Group tour,anchor,2026-08-31,2026-08-31
travel-zh-006,zh,travel,旅游度假,Travel,expense,本周五云南自由行花了6000元,6000,CNY,自由行,weekday:5,2026-09-04,2026-08-31
travel-en-006,en,travel,旅游度假,Travel,expense,Yunnan self-drive trip 6000 yuan this Friday,6000,CNY,Self-drive trip,weekday:5,2026-09-04,2026-08-31
travel-zh-007,zh,travel,旅游度假,Travel,expense,泰国旅游花了12000HKD,12000,HKD,泰国游,anchor,2026-08-31,2026-08-31
travel-en-007,en,travel,旅游度假,Travel,expense,Thailand trip 12000 HKD,12000,HKD,Thailand trip,anchor,2026-08-31,2026-08-31
travel-zh-008,zh,travel,旅游度假,Travel,expense,导游小费花了200元,200,CNY,导游小费,anchor,2026-08-31,2026-08-31
travel-en-008,en,travel,旅游度假,Travel,expense,Tour guide tip 200 yuan,200,CNY,Guide tip,anchor,2026-08-31,2026-08-31
travel-zh-009,zh,travel,旅游度假,Travel,expense,欧洲游花费2000USD,2000,USD,欧洲游,anchor,2026-08-31,2026-08-31
travel-en-009,en,travel,旅游度假,Travel,expense,Europe trip 2000 USD,2000,USD,Europe trip,anchor,2026-08-31,2026-08-31
travel-zh-010,zh,travel,旅游度假,Travel,expense,周边自驾游花了800块,800,CNY,自驾游,anchor,2026-08-31,2026-08-31
travel-en-010,en,travel,旅游度假,Travel,expense,Nearby road trip 800 bucks,800,CNY,Road trip,anchor,2026-08-31,2026-08-31
travel-zh-011,zh,travel,旅游度假,Travel,expense,8月7日成都重庆旅游4000元,4000,CNY,川渝游,ymd:2026-08-07,2026-08-07,2026-08-31
travel-en-011,en,travel,旅游度假,Travel,expense,Chengdu Chongqing trip 4000 yuan on August 7,4000,CNY,Sichuan Chongqing trip,ymd:2026-08-07,2026-08-07,2026-08-31
travel-zh-012,zh,travel,旅游度假,Travel,expense,海岛游跟团3800块,3800,CNY,海岛游,anchor,2026-08-31,2026-08-31
travel-en-012,en,travel,旅游度假,Travel,expense,Island group tour 3800 bucks,3800,CNY,Island trip,anchor,2026-08-31,2026-08-31
travel-zh-013,zh,travel,旅游度假,Travel,expense,韩国济州岛5000HKD,5000,HKD,济州岛,anchor,2026-08-31,2026-08-31
travel-en-013,en,travel,旅游度假,Travel,expense,Jeju Island trip 5000 HKD,5000,HKD,Jeju Island,anchor,2026-08-31,2026-08-31
travel-zh-014,zh,travel,旅游度假,Travel,expense,古镇一日游199元,199,CNY,古镇游,anchor,2026-08-31,2026-08-31
travel-en-014,en,travel,旅游度假,Travel,expense,Ancient town day trip 199 yuan,199,CNY,Ancient town trip,anchor,2026-08-31,2026-08-31
travel-zh-015,zh,travel,旅游度假,Travel,expense,亲子游乐园行1500块,1500,CNY,亲子游,anchor,2026-08-31,2026-08-31
travel-en-015,en,travel,旅游度假,Travel,expense,Family theme park trip 1500 bucks,1500,CNY,Family trip,anchor,2026-08-31,2026-08-31
travel-zh-016,zh,travel,旅游度假,Travel,expense,新疆自驾游10000元,10000,CNY,新疆自驾,anchor,2026-08-31,2026-08-31
travel-en-016,en,travel,旅游度假,Travel,expense,Xinjiang road trip 10000 yuan,10000,CNY,Xinjiang road trip,anchor,2026-08-31,2026-08-31
travel-zh-017,zh,travel,旅游度假,Travel,expense,新加坡旅游8000HKD,8000,HKD,新加坡游,anchor,2026-08-31,2026-08-31
travel-en-017,en,travel,旅游度假,Travel,expense,Singapore trip 8000 HKD,8000,HKD,Singapore trip,anchor,2026-08-31,2026-08-31
travel-zh-018,zh,travel,旅游度假,Travel,expense,漂流门票180元,180,CNY,漂流,anchor,2026-08-31,2026-08-31
travel-en-018,en,travel,旅游度假,Travel,expense,Rafting ticket 180 yuan,180,CNY,Rafting,anchor,2026-08-31,2026-08-31
travel-zh-019,zh,travel,旅游度假,Travel,expense,登山徒步团300块,300,CNY,徒步,anchor,2026-08-31,2026-08-31
travel-en-019,en,travel,旅游度假,Travel,expense,Hiking group tour 300 bucks,300,CNY,Hiking,anchor,2026-08-31,2026-08-31
travel-zh-020,zh,travel,旅游度假,Travel,expense,马尔代夫蜜月游20000元,20000,CNY,蜜月游,anchor,2026-08-31,2026-08-31
travel-en-020,en,travel,旅游度假,Travel,expense,Maldives honeymoon trip 20000 yuan,20000,CNY,Honeymoon trip,anchor,2026-08-31,2026-08-31
travel-zh-021,zh,travel,旅游度假,Travel,expense,今天明天香港本地一日游都300HKD,300,HKD,香港一日游,"rel:0,1",2026-08-31|2026-09-01,2026-08-31
travel-en-021,en,travel,旅游度假,Travel,expense,HK local day trip 300 HKD today and tomorrow,300,HKD,HK day trip,"rel:0,1",2026-08-31|2026-09-01,2026-08-31
travel-zh-022,zh,travel,旅游度假,Travel,expense,张家界旅游2500元,2500,CNY,张家界,anchor,2026-08-31,2026-08-31
travel-en-022,en,travel,旅游度假,Travel,expense,Zhangjiajie trip 2500 yuan,2500,CNY,Zhangjiajie,anchor,2026-08-31,2026-08-31
travel-zh-023,zh,travel,旅游度假,Travel,expense,游轮游三天两晚1800块,1800,CNY,游轮游,anchor,2026-08-31,2026-08-31
travel-en-023,en,travel,旅游度假,Travel,expense,Cruise trip three days two nights 1800 bucks,1800,CNY,Cruise trip,anchor,2026-08-31,2026-08-31
travel-zh-024,zh,travel,旅游度假,Travel,expense,台湾环岛游12000HKD,12000,HKD,环岛游,anchor,2026-08-31,2026-08-31
travel-en-024,en,travel,旅游度假,Travel,expense,Taiwan island tour 12000 HKD,12000,HKD,Island tour,anchor,2026-08-31,2026-08-31
travel-zh-025,zh,travel,旅游度假,Travel,expense,草原五日游3000元,3000,CNY,草原游,anchor,2026-08-31,2026-08-31
travel-en-025,en,travel,旅游度假,Travel,expense,Grassland five-day tour 3000 yuan,3000,CNY,Grassland trip,anchor,2026-08-31,2026-08-31
travel-zh-026,zh,travel,旅游度假,Travel,expense,温泉度假村两日游880块,880,CNY,温泉度假,anchor,2026-08-31,2026-08-31
travel-en-026,en,travel,旅游度假,Travel,expense,Hot spring resort two-day trip 880 bucks,880,CNY,Hot spring resort,anchor,2026-08-31,2026-08-31
travel-zh-027,zh,travel,旅游度假,Travel,expense,香港离岛游200HKD,200,HKD,离岛游,anchor,2026-08-31,2026-08-31
travel-en-027,en,travel,旅游度假,Travel,expense,HK outlying island trip 200 HKD,200,HKD,Outlying island trip,anchor,2026-08-31,2026-08-31
travel-zh-028,zh,travel,旅游度假,Travel,expense,西藏旅行8000元,8000,CNY,西藏游,anchor,2026-08-31,2026-08-31
travel-en-028,en,travel,旅游度假,Travel,expense,Tibet trip 8000 yuan,8000,CNY,Tibet trip,anchor,2026-08-31,2026-08-31
travel-zh-029,zh,travel,旅游度假,Travel,expense,摄影团采风1500块,1500,CNY,摄影团,anchor,2026-08-31,2026-08-31
travel-en-029,en,travel,旅游度假,Travel,expense,Photo tour group 1500 bucks,1500,CNY,Photo tour,anchor,2026-08-31,2026-08-31
travel-zh-030,zh,travel,旅游度假,Travel,expense,美国东西海岸游20000HKD,20000,HKD,美国游,anchor,2026-08-31,2026-08-31
travel-en-030,en,travel,旅游度假,Travel,expense,US coast-to-coast trip 20000 HKD,20000,HKD,US trip,anchor,2026-08-31,2026-08-31
travel-zh-031,zh,travel,旅游度假,Travel,expense,黄山旅游1200元,1200,CNY,黄山,anchor,2026-08-31,2026-08-31
travel-en-031,en,travel,旅游度假,Travel,expense,Huangshan trip 1200 yuan,1200,CNY,Huangshan,anchor,2026-08-31,2026-08-31
travel-zh-032,zh,travel,旅游度假,Travel,expense,农家乐两日游600块,600,CNY,农家乐,anchor,2026-08-31,2026-08-31
travel-en-032,en,travel,旅游度假,Travel,expense,Farm stay two-day trip 600 bucks,600,CNY,Farm stay,anchor,2026-08-31,2026-08-31
travel-zh-033,zh,travel,旅游度假,Travel,expense,港澳五日游3000HKD,3000,HKD,港澳游,anchor,2026-08-31,2026-08-31
travel-en-033,en,travel,旅游度假,Travel,expense,Hong Kong Macau five-day tour 3000 HKD,3000,HKD,HK Macau trip,anchor,2026-08-31,2026-08-31
travel-zh-034,zh,travel,旅游度假,Travel,expense,桂林山水游1800元,1800,CNY,桂林游,anchor,2026-08-31,2026-08-31
travel-en-034,en,travel,旅游度假,Travel,expense,Guilin landscape trip 1800 yuan,1800,CNY,Guilin trip,anchor,2026-08-31,2026-08-31
travel-zh-035,zh,travel,旅游度假,Travel,expense,沙漠穿越团2500块,2500,CNY,沙漠穿越,anchor,2026-08-31,2026-08-31
travel-en-035,en,travel,旅游度假,Travel,expense,Desert crossing tour 2500 bucks,2500,CNY,Desert crossing,anchor,2026-08-31,2026-08-31
travel-zh-036,zh,travel,旅游度假,Travel,expense,香港长洲岛一日游150HKD,150,HKD,长洲岛,anchor,2026-08-31,2026-08-31
travel-en-036,en,travel,旅游度假,Travel,expense,HK Cheung Chau day trip 150 HKD,150,HKD,Cheung Chau,anchor,2026-08-31,2026-08-31
travel-zh-037,zh,travel,旅游度假,Travel,expense,西安古都游2000元,2000,CNY,西安游,anchor,2026-08-31,2026-08-31
travel-en-037,en,travel,旅游度假,Travel,expense,Xi'an ancient capital trip 2000 yuan,2000,CNY,Xi'an trip,anchor,2026-08-31,2026-08-31
travel-zh-038,zh,travel,旅游度假,Travel,expense,滑雪度假三日游1500块,1500,CNY,滑雪度假,anchor,2026-08-31,2026-08-31
travel-en-038,en,travel,旅游度假,Travel,expense,Ski resort three-day trip 1500 bucks,1500,CNY,Ski resort trip,anchor,2026-08-31,2026-08-31
travel-zh-039,zh,travel,旅游度假,Travel,expense,澳大利亚游15000HKD,15000,HKD,澳洲游,anchor,2026-08-31,2026-08-31
travel-en-039,en,travel,旅游度假,Travel,expense,Australia trip 15000 HKD,15000,HKD,Australia trip,anchor,2026-08-31,2026-08-31
travel-zh-040,zh,travel,旅游度假,Travel,expense,武夷山旅游800元,800,CNY,武夷山,anchor,2026-08-31,2026-08-31
travel-en-040,en,travel,旅游度假,Travel,expense,Wuyi Mountain trip 800 yuan,800,CNY,Wuyi Mountain,anchor,2026-08-31,2026-08-31
travel-zh-041,zh,travel,旅游度假,Travel,expense,海滨度假一周5000块,5000,CNY,海滨度假,anchor,2026-08-31,2026-08-31
travel-en-041,en,travel,旅游度假,Travel,expense,Beach resort one week 5000 bucks,5000,CNY,Beach resort,anchor,2026-08-31,2026-08-31
travel-zh-042,zh,travel,旅游度假,Travel,expense,香港南丫岛一日游180HKD,180,HKD,南丫岛,anchor,2026-08-31,2026-08-31
travel-en-042,en,travel,旅游度假,Travel,expense,HK Lamma Island day trip 180 HKD,180,HKD,Lamma Island,anchor,2026-08-31,2026-08-31
travel-zh-043,zh,travel,旅游度假,Travel,expense,九寨沟旅游2200元,2200,CNY,九寨沟,anchor,2026-08-31,2026-08-31
travel-en-043,en,travel,旅游度假,Travel,expense,Jiuzhaigou trip 2200 yuan,2200,CNY,Jiuzhaigou,anchor,2026-08-31,2026-08-31
travel-zh-044,zh,travel,旅游度假,Travel,expense,美食团逛吃800块,800,CNY,美食团,anchor,2026-08-31,2026-08-31
travel-en-044,en,travel,旅游度假,Travel,expense,Food tour eating trip 800 bucks,800,CNY,Food tour,anchor,2026-08-31,2026-08-31
travel-zh-045,zh,travel,旅游度假,Travel,expense,欧洲十国游25000HKD,25000,HKD,欧洲多国游,anchor,2026-08-31,2026-08-31
travel-en-045,en,travel,旅游度假,Travel,expense,Ten-country Europe tour 25000 HKD,25000,HKD,Multi-country Europe trip,anchor,2026-08-31,2026-08-31
travel-zh-046,zh,travel,旅游度假,Travel,expense,长白山旅游1800元,1800,CNY,长白山,anchor,2026-08-31,2026-08-31
travel-en-046,en,travel,旅游度假,Travel,expense,Changbai Mountain trip 1800 yuan,1800,CNY,Changbai Mountain,anchor,2026-08-31,2026-08-31
travel-zh-047,zh,travel,旅游度假,Travel,expense,露营装备租赁300块,300,CNY,露营,anchor,2026-08-31,2026-08-31
travel-en-047,en,travel,旅游度假,Travel,expense,Camping gear rental 300 bucks,300,CNY,Camping,anchor,2026-08-31,2026-08-31
travel-zh-048,zh,travel,旅游度假,Travel,expense,香港大屿山一日游250HKD,250,HKD,大屿山,anchor,2026-08-31,2026-08-31
travel-en-048,en,travel,旅游度假,Travel,expense,HK Lantau day trip 250 HKD,250,HKD,Lantau,anchor,2026-08-31,2026-08-31
travel-zh-049,zh,travel,旅游度假,Travel,expense,丽江大理游3000元,3000,CNY,丽江大理,anchor,2026-08-31,2026-08-31
travel-en-049,en,travel,旅游度假,Travel,expense,Lijiang Dali trip 3000 yuan,3000,CNY,Lijiang Dali,anchor,2026-08-31,2026-08-31
travel-zh-050,zh,travel,旅游度假,Travel,expense,签证办理费500块,500,CNY,签证费,anchor,2026-08-31,2026-08-31
travel-en-050,en,travel,旅游度假,Travel,expense,Visa application fee 500 bucks,500,CNY,Visa fee,anchor,2026-08-31,2026-08-31
lodging-zh-001,zh,lodging,酒店住宿,Lodging,expense,昨天酒店住一晚花了380元,380,CNY,酒店,rel:-1,2026-08-30,2026-08-31
lodging-en-001,en,lodging,酒店住宿,Lodging,expense,Hotel one night 380 yuan yesterday,380,CNY,Hotel,rel:-1,2026-08-30,2026-08-31
lodging-zh-002,zh,lodging,酒店住宿,Lodging,expense,民宿两晚花了600块,600,CNY,民宿,anchor,2026-08-31,2026-08-31
lodging-en-002,en,lodging,酒店住宿,Lodging,expense,Homestay two nights 600 bucks,600,CNY,Homestay,anchor,2026-08-31,2026-08-31
lodging-zh-003,zh,lodging,酒店住宿,Lodging,expense,香港酒店一晚1200HKD,1200,HKD,香港酒店,anchor,2026-08-31,2026-08-31
lodging-en-003,en,lodging,酒店住宿,Lodging,expense,HK hotel one night 1200 HKD,1200,HKD,HK hotel,anchor,2026-08-31,2026-08-31
lodging-zh-004,zh,lodging,酒店住宿,Lodging,expense,出差住宿报销前花了450元,450,CNY,出差住宿,anchor,2026-08-31,2026-08-31
lodging-en-004,en,lodging,酒店住宿,Lodging,expense,Business trip lodging 450 yuan before reimbursement,450,CNY,Business lodging,anchor,2026-08-31,2026-08-31
lodging-zh-005,zh,lodging,酒店住宿,Lodging,expense,本周四五星级酒店一晚1800块,1800,CNY,五星级,weekday:4,2026-09-03,2026-08-31
lodging-en-005,en,lodging,酒店住宿,Lodging,expense,Five-star hotel one night 1800 bucks this Thursday,1800,CNY,Five-star hotel,weekday:4,2026-09-03,2026-08-31
lodging-zh-006,zh,lodging,酒店住宿,Lodging,expense,快捷酒店住三晚花了750元,750,CNY,快捷酒店,anchor,2026-08-31,2026-08-31
lodging-en-006,en,lodging,酒店住宿,Lodging,expense,Budget hotel three nights 750 yuan,750,CNY,Budget hotel,anchor,2026-08-31,2026-08-31
lodging-zh-007,zh,lodging,酒店住宿,Lodging,expense,海景酒店一晚2500HKD,2500,HKD,海景酒店,anchor,2026-08-31,2026-08-31
lodging-en-007,en,lodging,酒店住宿,Lodging,expense,Sea-view hotel one night 2500 HKD,2500,HKD,Sea-view hotel,anchor,2026-08-31,2026-08-31
lodging-zh-008,zh,lodging,酒店住宿,Lodging,expense,青旅床位花了80元,80,CNY,青旅,anchor,2026-08-31,2026-08-31
lodging-en-008,en,lodging,酒店住宿,Lodging,expense,Hostel bunk 80 yuan,80,CNY,Hostel,anchor,2026-08-31,2026-08-31
lodging-zh-009,zh,lodging,酒店住宿,Lodging,expense,海外酒店一晚300USD,300,USD,海外酒店,anchor,2026-08-31,2026-08-31
lodging-en-009,en,lodging,酒店住宿,Lodging,expense,Overseas hotel one night 300 USD,300,USD,Overseas hotel,anchor,2026-08-31,2026-08-31
lodging-zh-010,zh,lodging,酒店住宿,Lodging,expense,钟点房花了120块,120,CNY,钟点房,anchor,2026-08-31,2026-08-31
lodging-en-010,en,lodging,酒店住宿,Lodging,expense,Hourly room 120 bucks,120,CNY,Hourly room,anchor,2026-08-31,2026-08-31
lodging-zh-011,zh,lodging,酒店住宿,Lodging,expense,8月6日连锁酒店标间一晚280元,280,CNY,连锁酒店,ymd:2026-08-06,2026-08-06,2026-08-31
lodging-en-011,en,lodging,酒店住宿,Lodging,expense,Chain hotel standard room 280 yuan on August 6,280,CNY,Chain hotel,ymd:2026-08-06,2026-08-06,2026-08-31
lodging-zh-012,zh,lodging,酒店住宿,Lodging,expense,度假别墅一晚3000块,3000,CNY,度假别墅,anchor,2026-08-31,2026-08-31
lodging-en-012,en,lodging,酒店住宿,Lodging,expense,Vacation villa one night 3000 bucks,3000,CNY,Vacation villa,anchor,2026-08-31,2026-08-31
lodging-zh-013,zh,lodging,酒店住宿,Lodging,expense,香港铜锣湾酒店一晚1800HKD,1800,HKD,铜锣湾,anchor,2026-08-31,2026-08-31
lodging-en-013,en,lodging,酒店住宿,Lodging,expense,HK Causeway Bay hotel one night 1800 HKD,1800,HKD,Causeway Bay,anchor,2026-08-31,2026-08-31
lodging-zh-014,zh,lodging,酒店住宿,Lodging,expense,商务酒店一晚320元,320,CNY,商务酒店,anchor,2026-08-31,2026-08-31
lodging-en-014,en,lodging,酒店住宿,Lodging,expense,Business hotel one night 320 yuan,320,CNY,Business hotel,anchor,2026-08-31,2026-08-31
lodging-zh-015,zh,lodging,酒店住宿,Lodging,expense,主题酒店一晚480块,480,CNY,主题酒店,anchor,2026-08-31,2026-08-31
lodging-en-015,en,lodging,酒店住宿,Lodging,expense,Theme hotel one night 480 bucks,480,CNY,Theme hotel,anchor,2026-08-31,2026-08-31
lodging-zh-016,zh,lodging,酒店住宿,Lodging,expense,机场附近酒店一晚350元,350,CNY,机场酒店,anchor,2026-08-31,2026-08-31
lodging-en-016,en,lodging,酒店住宿,Lodging,expense,Airport hotel one night 350 yuan,350,CNY,Airport hotel,anchor,2026-08-31,2026-08-31
lodging-zh-017,zh,lodging,酒店住宿,Lodging,expense,香港尖沙咀酒店一晚2000HKD,2000,HKD,尖沙咀,anchor,2026-08-31,2026-08-31
lodging-en-017,en,lodging,酒店住宿,Lodging,expense,HK Tsim Sha Tsui hotel one night 2000 HKD,2000,HKD,Tsim Sha Tsui,anchor,2026-08-31,2026-08-31
lodging-zh-018,zh,lodging,酒店住宿,Lodging,expense,民宿包院一天1500元,1500,CNY,包院,anchor,2026-08-31,2026-08-31
lodging-en-018,en,lodging,酒店住宿,Lodging,expense,Homestay whole courtyard one day 1500 yuan,1500,CNY,Whole courtyard,anchor,2026-08-31,2026-08-31
lodging-zh-019,zh,lodging,酒店住宿,Lodging,expense,电竞酒店双人间一晚260块,260,CNY,电竞酒店,anchor,2026-08-31,2026-08-31
lodging-en-019,en,lodging,酒店住宿,Lodging,expense,Esports hotel double room one night 260 bucks,260,CNY,Esports hotel,anchor,2026-08-31,2026-08-31
lodging-zh-020,zh,lodging,酒店住宿,Lodging,expense,温泉酒店一晚680元,680,CNY,温泉酒店,anchor,2026-08-31,2026-08-31
lodging-en-020,en,lodging,酒店住宿,Lodging,expense,Hot spring hotel one night 680 yuan,680,CNY,Hot spring hotel,anchor,2026-08-31,2026-08-31
lodging-zh-021,zh,lodging,酒店住宿,Lodging,expense,8月27日香港迪士尼酒店一晚3000HKD,3000,HKD,迪士尼酒店,ymd:2026-08-27,2026-08-27,2026-08-31
lodging-en-021,en,lodging,酒店住宿,Lodging,expense,HK Disneyland hotel one night 3000 HKD on August 27,3000,HKD,Disneyland hotel,ymd:2026-08-27,2026-08-27,2026-08-31
lodging-zh-022,zh,lodging,酒店住宿,Lodging,expense,招待所一晚80元,80,CNY,招待所,anchor,2026-08-31,2026-08-31
lodging-en-022,en,lodging,酒店住宿,Lodging,expense,Guesthouse one night 80 yuan,80,CNY,Guesthouse,anchor,2026-08-31,2026-08-31
lodging-zh-023,zh,lodging,酒店住宿,Lodging,expense,公寓式酒店两晚800块,800,CNY,公寓酒店,anchor,2026-08-31,2026-08-31
lodging-en-023,en,lodging,酒店住宿,Lodging,expense,Serviced apartment two nights 800 bucks,800,CNY,Serviced apartment,anchor,2026-08-31,2026-08-31
lodging-zh-024,zh,lodging,酒店住宿,Lodging,expense,海景民宿一晚580元,580,CNY,海景民宿,anchor,2026-08-31,2026-08-31
lodging-en-024,en,lodging,酒店住宿,Lodging,expense,Sea-view homestay one night 580 yuan,580,CNY,Sea-view homestay,anchor,2026-08-31,2026-08-31
lodging-zh-025,zh,lodging,酒店住宿,Lodging,expense,香港旺角酒店一晚800HKD,800,HKD,旺角,anchor,2026-08-31,2026-08-31
lodging-en-025,en,lodging,酒店住宿,Lodging,expense,HK Mong Kok hotel one night 800 HKD,800,HKD,Mong Kok,anchor,2026-08-31,2026-08-31
lodging-zh-026,zh,lodging,酒店住宿,Lodging,expense,全季酒店一晚350元,350,CNY,全季,anchor,2026-08-31,2026-08-31
lodging-en-026,en,lodging,酒店住宿,Lodging,expense,Ji Hotel one night 350 yuan,350,CNY,Ji Hotel,anchor,2026-08-31,2026-08-31
lodging-zh-027,zh,lodging,酒店住宿,Lodging,expense,四合院民宿一晚1200块,1200,CNY,四合院,anchor,2026-08-31,2026-08-31
lodging-en-027,en,lodging,酒店住宿,Lodging,expense,Courtyard homestay one night 1200 bucks,1200,CNY,Courtyard homestay,anchor,2026-08-31,2026-08-31
lodging-zh-028,zh,lodging,酒店住宿,Lodging,expense,香港中环酒店一晚2500HKD,2500,HKD,中环,anchor,2026-08-31,2026-08-31
lodging-en-028,en,lodging,酒店住宿,Lodging,expense,HK Central hotel one night 2500 HKD,2500,HKD,Central,anchor,2026-08-31,2026-08-31
lodging-zh-029,zh,lodging,酒店住宿,Lodging,expense,如家酒店一晚220元,220,CNY,如家,anchor,2026-08-31,2026-08-31
lodging-en-029,en,lodging,酒店住宿,Lodging,expense,Home Inn one night 220 yuan,220,CNY,Home Inn,anchor,2026-08-31,2026-08-31
lodging-zh-030,zh,lodging,酒店住宿,Lodging,expense,度假酒店三晚2400块,2400,CNY,度假酒店,anchor,2026-08-31,2026-08-31
lodging-en-030,en,lodging,酒店住宿,Lodging,expense,Resort hotel three nights 2400 bucks,2400,CNY,Resort hotel,anchor,2026-08-31,2026-08-31
lodging-zh-031,zh,lodging,酒店住宿,Lodging,expense,江景酒店一晚420元,420,CNY,江景酒店,anchor,2026-08-31,2026-08-31
lodging-en-031,en,lodging,酒店住宿,Lodging,expense,River-view hotel one night 420 yuan,420,CNY,River-view hotel,anchor,2026-08-31,2026-08-31
lodging-zh-032,zh,lodging,酒店住宿,Lodging,expense,香港油麻地酒店一晚600HKD,600,HKD,油麻地,anchor,2026-08-31,2026-08-31
lodging-en-032,en,lodging,酒店住宿,Lodging,expense,HK Yau Ma Tei hotel one night 600 HKD,600,HKD,Yau Ma Tei,anchor,2026-08-31,2026-08-31
lodging-zh-033,zh,lodging,酒店住宿,Lodging,expense,汉庭酒店一晚199元,199,CNY,汉庭,anchor,2026-08-31,2026-08-31
lodging-en-033,en,lodging,酒店住宿,Lodging,expense,Hanting hotel one night 199 yuan,199,CNY,Hanting,anchor,2026-08-31,2026-08-31
lodging-zh-034,zh,lodging,酒店住宿,Lodging,expense,网红民宿一晚520块,520,CNY,网红民宿,anchor,2026-08-31,2026-08-31
lodging-en-034,en,lodging,酒店住宿,Lodging,expense,Trendy homestay one night 520 bucks,520,CNY,Trendy homestay,anchor,2026-08-31,2026-08-31
lodging-zh-035,zh,lodging,酒店住宿,Lodging,expense,香港机场酒店一晚1000HKD,1000,HKD,机场酒店,anchor,2026-08-31,2026-08-31
lodging-en-035,en,lodging,酒店住宿,Lodging,expense,HK airport hotel one night 1000 HKD,1000,HKD,Airport hotel,anchor,2026-08-31,2026-08-31
lodging-zh-036,zh,lodging,酒店住宿,Lodging,expense,七天酒店一晚150元,150,CNY,七天,anchor,2026-08-31,2026-08-31
lodging-en-036,en,lodging,酒店住宿,Lodging,expense,7 Days Inn one night 150 yuan,150,CNY,7 Days Inn,anchor,2026-08-31,2026-08-31
lodging-zh-037,zh,lodging,酒店住宿,Lodging,expense,精品酒店一晚380块,380,CNY,精品酒店,anchor,2026-08-31,2026-08-31
lodging-en-037,en,lodging,酒店住宿,Lodging,expense,Boutique hotel one night 380 bucks,380,CNY,Boutique hotel,anchor,2026-08-31,2026-08-31
lodging-zh-038,zh,lodging,酒店住宿,Lodging,expense,山景民宿一晚280元,280,CNY,山景民宿,anchor,2026-08-31,2026-08-31
lodging-en-038,en,lodging,酒店住宿,Lodging,expense,Mountain-view homestay one night 280 yuan,280,CNY,Mountain-view homestay,anchor,2026-08-31,2026-08-31
lodging-zh-039,zh,lodging,酒店住宿,Lodging,expense,香港北角酒店一晚700HKD,700,HKD,北角,anchor,2026-08-31,2026-08-31
lodging-en-039,en,lodging,酒店住宿,Lodging,expense,HK North Point hotel one night 700 HKD,700,HKD,North Point,anchor,2026-08-31,2026-08-31
lodging-zh-040,zh,lodging,酒店住宿,Lodging,expense,维也纳酒店一晚260元,260,CNY,维也纳,anchor,2026-08-31,2026-08-31
lodging-en-040,en,lodging,酒店住宿,Lodging,expense,Vienna hotel one night 260 yuan,260,CNY,Vienna hotel,anchor,2026-08-31,2026-08-31
lodging-zh-041,zh,lodging,酒店住宿,Lodging,expense,loft酒店一晚450块,450,CNY,loft酒店,anchor,2026-08-31,2026-08-31
lodging-en-041,en,lodging,酒店住宿,Lodging,expense,Loft hotel one night 450 bucks,450,CNY,Loft hotel,anchor,2026-08-31,2026-08-31
lodging-zh-042,zh,lodging,酒店住宿,Lodging,expense,香港红磡酒店一晚900HKD,900,HKD,红磡,anchor,2026-08-31,2026-08-31
lodging-en-042,en,lodging,酒店住宿,Lodging,expense,HK Hung Hom hotel one night 900 HKD,900,HKD,Hung Hom,anchor,2026-08-31,2026-08-31
lodging-zh-043,zh,lodging,酒店住宿,Lodging,expense,亚朵酒店一晚360元,360,CNY,亚朵,anchor,2026-08-31,2026-08-31
lodging-en-043,en,lodging,酒店住宿,Lodging,expense,Atour hotel one night 360 yuan,360,CNY,Atour,anchor,2026-08-31,2026-08-31
lodging-zh-044,zh,lodging,酒店住宿,Lodging,expense,家庭套房一晚680块,680,CNY,家庭套房,anchor,2026-08-31,2026-08-31
lodging-en-044,en,lodging,酒店住宿,Lodging,expense,Family suite one night 680 bucks,680,CNY,Family suite,anchor,2026-08-31,2026-08-31
lodging-zh-045,zh,lodging,酒店住宿,Lodging,expense,香港铜锣湾迷你酒店一晚500HKD,500,HKD,迷你酒店,anchor,2026-08-31,2026-08-31
lodging-en-045,en,lodging,酒店住宿,Lodging,expense,HK Causeway Bay mini hotel one night 500 HKD,500,HKD,Mini hotel,anchor,2026-08-31,2026-08-31
lodging-zh-046,zh,lodging,酒店住宿,Lodging,expense,格林豪泰一晚200元,200,CNY,格林豪泰,anchor,2026-08-31,2026-08-31
lodging-en-046,en,lodging,酒店住宿,Lodging,expense,GreenTree Inn one night 200 yuan,200,CNY,GreenTree Inn,anchor,2026-08-31,2026-08-31
lodging-zh-047,zh,lodging,酒店住宿,Lodging,expense,海边木屋一晚380块,380,CNY,海边木屋,anchor,2026-08-31,2026-08-31
lodging-en-047,en,lodging,酒店住宿,Lodging,expense,Beach cabin one night 380 bucks,380,CNY,Beach cabin,anchor,2026-08-31,2026-08-31
lodging-zh-048,zh,lodging,酒店住宿,Lodging,expense,香港佐敦酒店一晚650HKD,650,HKD,佐敦,anchor,2026-08-31,2026-08-31
lodging-en-048,en,lodging,酒店住宿,Lodging,expense,HK Jordan hotel one night 650 HKD,650,HKD,Jordan,anchor,2026-08-31,2026-08-31
lodging-zh-049,zh,lodging,酒店住宿,Lodging,expense,酒店押金500元,500,CNY,押金,anchor,2026-08-31,2026-08-31
lodging-en-049,en,lodging,酒店住宿,Lodging,expense,Hotel deposit 500 yuan,500,CNY,Deposit,anchor,2026-08-31,2026-08-31
lodging-zh-050,zh,lodging,酒店住宿,Lodging,expense,加早餐每人50块,50,CNY,早餐,anchor,2026-08-31,2026-08-31
lodging-en-050,en,lodging,酒店住宿,Lodging,expense,Added breakfast 50 bucks per person,50,CNY,Breakfast,anchor,2026-08-31,2026-08-31
gifts-zh-001,zh,gifts,人情送礼,Gifts,expense,昨天给朋友买生日礼物花了300元,300,CNY,生日礼物,rel:-1,2026-08-30,2026-08-31
gifts-en-001,en,gifts,人情送礼,Gifts,expense,Bought friend birthday gift 300 yuan yesterday,300,CNY,Birthday gift,rel:-1,2026-08-30,2026-08-31
gifts-zh-002,zh,gifts,人情送礼,Gifts,expense,探望病人买果篮花了150块,150,CNY,探病,anchor,2026-08-31,2026-08-31
gifts-en-002,en,gifts,人情送礼,Gifts,expense,Fruit basket for hospital visit 150 bucks,150,CNY,Hospital visit,anchor,2026-08-31,2026-08-31
gifts-zh-003,zh,gifts,人情送礼,Gifts,expense,给客户送伴手礼花了500HKD,500,HKD,客户伴手礼,anchor,2026-08-31,2026-08-31
gifts-en-003,en,gifts,人情送礼,Gifts,expense,Client souvenir gift 500 HKD,500,HKD,Client souvenir,anchor,2026-08-31,2026-08-31
gifts-zh-004,zh,gifts,人情送礼,Gifts,expense,本周三教师节买花送老师花了200元,200,CNY,教师节,weekday:3,2026-09-02,2026-08-31
gifts-en-004,en,gifts,人情送礼,Gifts,expense,Teachers Day flowers for teacher 200 yuan this Wednesday,200,CNY,Teachers Day,weekday:3,2026-09-02,2026-08-31
gifts-zh-005,zh,gifts,人情送礼,Gifts,expense,给长辈买营养品花了400块,400,CNY,长辈礼品,anchor,2026-08-31,2026-08-31
gifts-en-005,en,gifts,人情送礼,Gifts,expense,Health supplements for elders 400 bucks,400,CNY,Elder gift,anchor,2026-08-31,2026-08-31
gifts-zh-006,zh,gifts,人情送礼,Gifts,expense,乔迁礼物花了888元,888,CNY,乔迁礼,anchor,2026-08-31,2026-08-31
gifts-en-006,en,gifts,人情送礼,Gifts,expense,Housewarming gift 888 yuan,888,CNY,Housewarming gift,anchor,2026-08-31,2026-08-31
gifts-zh-007,zh,gifts,人情送礼,Gifts,expense,结婚礼物买首饰花了2000HKD,2000,HKD,结婚礼,anchor,2026-08-31,2026-08-31
gifts-en-007,en,gifts,人情送礼,Gifts,expense,Wedding gift jewelry 2000 HKD,2000,HKD,Wedding gift,anchor,2026-08-31,2026-08-31
gifts-zh-008,zh,gifts,人情送礼,Gifts,expense,给同事买离职礼物花了150元,150,CNY,离职礼,anchor,2026-08-31,2026-08-31
gifts-en-008,en,gifts,人情送礼,Gifts,expense,Coworker farewell gift 150 yuan,150,CNY,Farewell gift,anchor,2026-08-31,2026-08-31
gifts-zh-009,zh,gifts,人情送礼,Gifts,expense,给外国客户送礼100USD,100,USD,客户礼品,anchor,2026-08-31,2026-08-31
gifts-en-009,en,gifts,人情送礼,Gifts,expense,Gift for foreign client 100 USD,100,USD,Client gift,anchor,2026-08-31,2026-08-31
gifts-zh-010,zh,gifts,人情送礼,Gifts,expense,满月礼物花了300块,300,CNY,满月礼,anchor,2026-08-31,2026-08-31
gifts-en-010,en,gifts,人情送礼,Gifts,expense,Full moon gift 300 bucks,300,CNY,Full moon gift,anchor,2026-08-31,2026-08-31
gifts-zh-011,zh,gifts,人情送礼,Gifts,expense,春节给长辈买礼品500元,500,CNY,春节礼,anchor,2026-08-31,2026-08-31
gifts-en-011,en,gifts,人情送礼,Gifts,expense,Spring Festival gift for elders 500 yuan,500,CNY,Spring Festival gift,anchor,2026-08-31,2026-08-31
gifts-zh-012,zh,gifts,人情送礼,Gifts,expense,端午节送粽子礼盒128块,128,CNY,端午礼,anchor,2026-08-31,2026-08-31
gifts-en-012,en,gifts,人情送礼,Gifts,expense,Dragon Boat Festival zongzi gift box 128 bucks,128,CNY,Dragon Boat gift,anchor,2026-08-31,2026-08-31
gifts-zh-013,zh,gifts,人情送礼,Gifts,expense,香港客户送茶叶礼盒800HKD,800,HKD,茶叶礼盒,anchor,2026-08-31,2026-08-31
gifts-en-013,en,gifts,人情送礼,Gifts,expense,Tea gift box for HK client 800 HKD,800,HKD,Tea gift box,anchor,2026-08-31,2026-08-31
gifts-zh-014,zh,gifts,人情送礼,Gifts,expense,中秋节送月饼礼盒200元,200,CNY,中秋礼,anchor,2026-08-31,2026-08-31
gifts-en-014,en,gifts,人情送礼,Gifts,expense,Mid-Autumn mooncake gift box 200 yuan,200,CNY,Mid-Autumn gift,anchor,2026-08-31,2026-08-31
gifts-zh-015,zh,gifts,人情送礼,Gifts,expense,给领导买烟酒600块,600,CNY,领导礼品,anchor,2026-08-31,2026-08-31
gifts-en-015,en,gifts,人情送礼,Gifts,expense,Cigarettes and liquor for boss 600 bucks,600,CNY,Boss gift,anchor,2026-08-31,2026-08-31
gifts-zh-016,zh,gifts,人情送礼,Gifts,expense,新生儿礼物套装399元,399,CNY,新生儿礼,anchor,2026-08-31,2026-08-31
gifts-en-016,en,gifts,人情送礼,Gifts,expense,Newborn gift set 399 yuan,399,CNY,Newborn gift,anchor,2026-08-31,2026-08-31
gifts-zh-017,zh,gifts,人情送礼,Gifts,expense,香港朋友搬家送摆件1000HKD,1000,HKD,搬家礼,anchor,2026-08-31,2026-08-31
gifts-en-017,en,gifts,人情送礼,Gifts,expense,Decor for HK friend moving 1000 HKD,1000,HKD,Moving gift,anchor,2026-08-31,2026-08-31
gifts-zh-018,zh,gifts,人情送礼,Gifts,expense,感恩节送老师鲜花180元,180,CNY,感恩礼,anchor,2026-08-31,2026-08-31
gifts-en-018,en,gifts,人情送礼,Gifts,expense,Thanksgiving flowers for teacher 180 yuan,180,CNY,Thanksgiving gift,anchor,2026-08-31,2026-08-31
gifts-zh-019,zh,gifts,人情送礼,Gifts,expense,给客户定制礼品500块,500,CNY,定制礼品,anchor,2026-08-31,2026-08-31
gifts-en-019,en,gifts,人情送礼,Gifts,expense,Custom gift for client 500 bucks,500,CNY,Custom gift,anchor,2026-08-31,2026-08-31
gifts-zh-020,zh,gifts,人情送礼,Gifts,expense,今天明天生日鲜花蛋糕都按288元记,288,CNY,生日礼,"rel:0,1",2026-08-31|2026-09-01,2026-08-31
gifts-en-020,en,gifts,人情送礼,Gifts,expense,Birthday flowers and cake 288 yuan today and tomorrow,288,CNY,Birthday gift,"rel:0,1",2026-08-31|2026-09-01,2026-08-31
gifts-zh-021,zh,gifts,人情送礼,Gifts,expense,香港亲戚送礼金饰3000HKD,3000,HKD,金饰礼,anchor,2026-08-31,2026-08-31
gifts-en-021,en,gifts,人情送礼,Gifts,expense,Gold jewelry gift for HK relative 3000 HKD,3000,HKD,Gold jewelry gift,anchor,2026-08-31,2026-08-31
gifts-zh-022,zh,gifts,人情送礼,Gifts,expense,毕业礼物送钢笔200元,200,CNY,毕业礼,anchor,2026-08-31,2026-08-31
gifts-en-022,en,gifts,人情送礼,Gifts,expense,Graduation gift fountain pen 200 yuan,200,CNY,Graduation gift,anchor,2026-08-31,2026-08-31
gifts-zh-023,zh,gifts,人情送礼,Gifts,expense,探望长辈买牛奶水果150块,150,CNY,探长辈,anchor,2026-08-31,2026-08-31
gifts-en-023,en,gifts,人情送礼,Gifts,expense,Milk and fruit visiting elders 150 bucks,150,CNY,Visiting elders,anchor,2026-08-31,2026-08-31
gifts-zh-024,zh,gifts,人情送礼,Gifts,expense,商务伴手礼每人80元,80,CNY,商务伴手礼,anchor,2026-08-31,2026-08-31
gifts-en-024,en,gifts,人情送礼,Gifts,expense,Business souvenir 80 yuan per person,80,CNY,Business souvenir,anchor,2026-08-31,2026-08-31
gifts-zh-025,zh,gifts,人情送礼,Gifts,expense,香港客户送保健品500HKD,500,HKD,保健品礼,anchor,2026-08-31,2026-08-31
gifts-en-025,en,gifts,人情送礼,Gifts,expense,Health supplements for HK client 500 HKD,500,HKD,Health supplement gift,anchor,2026-08-31,2026-08-31
gifts-zh-026,zh,gifts,人情送礼,Gifts,expense,8月14日情人节送女朋友礼物520元,520,CNY,情人节礼,ymd:2026-08-14,2026-08-14,2026-08-31
gifts-en-026,en,gifts,人情送礼,Gifts,expense,Valentine gift for girlfriend 520 yuan on August 14,520,CNY,Valentine gift,ymd:2026-08-14,2026-08-14,2026-08-31
gifts-zh-027,zh,gifts,人情送礼,Gifts,expense,六一给孩子买玩具300块,300,CNY,六一礼物,anchor,2026-08-31,2026-08-31
gifts-en-027,en,gifts,人情送礼,Gifts,expense,Children's Day toy for kid 300 bucks,300,CNY,Children's Day gift,anchor,2026-08-31,2026-08-31
gifts-zh-028,zh,gifts,人情送礼,Gifts,expense,重阳节送老人补品280元,280,CNY,重阳礼,anchor,2026-08-31,2026-08-31
gifts-en-028,en,gifts,人情送礼,Gifts,expense,Double Ninth Festival tonic for elders 280 yuan,280,CNY,Double Ninth gift,anchor,2026-08-31,2026-08-31
gifts-zh-029,zh,gifts,人情送礼,Gifts,expense,香港朋友结婚送餐具套装800HKD,800,HKD,结婚餐具礼,anchor,2026-08-31,2026-08-31
gifts-en-029,en,gifts,人情送礼,Gifts,expense,Tableware set for HK friend wedding 800 HKD,800,HKD,Wedding tableware gift,anchor,2026-08-31,2026-08-31
gifts-zh-030,zh,gifts,人情送礼,Gifts,expense,跨年礼物送朋友199元,199,CNY,跨年礼,anchor,2026-08-31,2026-08-31
gifts-en-030,en,gifts,人情送礼,Gifts,expense,New Year gift for friend 199 yuan,199,CNY,New Year gift,anchor,2026-08-31,2026-08-31
gifts-zh-031,zh,gifts,人情送礼,Gifts,expense,给师傅买烟酒茶400块,400,CNY,师傅礼品,anchor,2026-08-31,2026-08-31
gifts-en-031,en,gifts,人情送礼,Gifts,expense,Cigarettes tea liquor for mentor 400 bucks,400,CNY,Mentor gift,anchor,2026-08-31,2026-08-31
gifts-zh-032,zh,gifts,人情送礼,Gifts,expense,开业礼物送招财摆件666元,666,CNY,开业礼,anchor,2026-08-31,2026-08-31
gifts-en-032,en,gifts,人情送礼,Gifts,expense,Grand opening lucky cat gift 666 yuan,666,CNY,Grand opening gift,anchor,2026-08-31,2026-08-31
gifts-zh-033,zh,gifts,人情送礼,Gifts,expense,香港客户送本地特产300HKD,300,HKD,本地特产,anchor,2026-08-31,2026-08-31
gifts-en-033,en,gifts,人情送礼,Gifts,expense,Local specialty for HK client 300 HKD,300,HKD,Local specialty,anchor,2026-08-31,2026-08-31
gifts-zh-034,zh,gifts,人情送礼,Gifts,expense,母亲节送妈妈项链888元,888,CNY,母亲节礼,anchor,2026-08-31,2026-08-31
gifts-en-034,en,gifts,人情送礼,Gifts,expense,Mother's Day necklace for mom 888 yuan,888,CNY,Mother's Day gift,anchor,2026-08-31,2026-08-31
gifts-zh-035,zh,gifts,人情送礼,Gifts,expense,父亲节送爸爸手表1200块,1200,CNY,父亲节礼,anchor,2026-08-31,2026-08-31
gifts-en-035,en,gifts,人情送礼,Gifts,expense,Father's Day watch for dad 1200 bucks,1200,CNY,Father's Day gift,anchor,2026-08-31,2026-08-31
gifts-zh-036,zh,gifts,人情送礼,Gifts,expense,七夕送男朋友礼物500元,500,CNY,七夕礼,anchor,2026-08-31,2026-08-31
gifts-en-036,en,gifts,人情送礼,Gifts,expense,Qixi gift for boyfriend 500 yuan,500,CNY,Qixi gift,anchor,2026-08-31,2026-08-31
gifts-zh-037,zh,gifts,人情送礼,Gifts,expense,香港闺蜜生日送香水600HKD,600,HKD,生日香水礼,anchor,2026-08-31,2026-08-31
gifts-en-037,en,gifts,人情送礼,Gifts,expense,Perfume for HK best friend birthday 600 HKD,600,HKD,Birthday perfume gift,anchor,2026-08-31,2026-08-31
gifts-zh-038,zh,gifts,人情送礼,Gifts,expense,元宵节送花灯礼品100元,100,CNY,元宵礼,anchor,2026-08-31,2026-08-31
gifts-en-038,en,gifts,人情送礼,Gifts,expense,Lantern Festival lantern gift 100 yuan,100,CNY,Lantern Festival gift,anchor,2026-08-31,2026-08-31
gifts-zh-039,zh,gifts,人情送礼,Gifts,expense,给客户送日历台历50块,50,CNY,日历礼,anchor,2026-08-31,2026-08-31
gifts-en-039,en,gifts,人情送礼,Gifts,expense,Desk calendar for client 50 bucks,50,CNY,Calendar gift,anchor,2026-08-31,2026-08-31
gifts-zh-040,zh,gifts,人情送礼,Gifts,expense,升职礼物送钢笔礼盒280元,280,CNY,升职礼,anchor,2026-08-31,2026-08-31
gifts-en-040,en,gifts,人情送礼,Gifts,expense,Promotion gift pen set 280 yuan,280,CNY,Promotion gift,anchor,2026-08-31,2026-08-31
gifts-zh-041,zh,gifts,人情送礼,Gifts,expense,香港同事离职送定制水杯200HKD,200,HKD,离职礼,anchor,2026-08-31,2026-08-31
gifts-en-041,en,gifts,人情送礼,Gifts,expense,Custom mug for HK coworker leaving 200 HKD,200,HKD,Farewell gift,anchor,2026-08-31,2026-08-31
gifts-zh-042,zh,gifts,人情送礼,Gifts,expense,冬至送长辈保暖内衣300元,300,CNY,冬至礼,anchor,2026-08-31,2026-08-31
gifts-en-042,en,gifts,人情送礼,Gifts,expense,Winter solstice thermal underwear for elders 300 yuan,300,CNY,Winter solstice gift,anchor,2026-08-31,2026-08-31
gifts-zh-043,zh,gifts,人情送礼,Gifts,expense,给孩子买升学礼物400块,400,CNY,升学礼,anchor,2026-08-31,2026-08-31
gifts-en-043,en,gifts,人情送礼,Gifts,expense,School admission gift for child 400 bucks,400,CNY,School admission gift,anchor,2026-08-31,2026-08-31
gifts-zh-044,zh,gifts,人情送礼,Gifts,expense,圣诞节送苹果礼盒88元,88,CNY,圣诞礼,anchor,2026-08-31,2026-08-31
gifts-en-044,en,gifts,人情送礼,Gifts,expense,Christmas apple gift box 88 yuan,88,CNY,Christmas gift,anchor,2026-08-31,2026-08-31
gifts-zh-045,zh,gifts,人情送礼,Gifts,expense,香港客户送定制钢笔500HKD,500,HKD,定制钢笔礼,anchor,2026-08-31,2026-08-31
gifts-en-045,en,gifts,人情送礼,Gifts,expense,Custom pen for HK client 500 HKD,500,HKD,Custom pen gift,anchor,2026-08-31,2026-08-31
gifts-zh-046,zh,gifts,人情送礼,Gifts,expense,闺蜜礼物送香水300元,300,CNY,闺蜜礼,anchor,2026-08-31,2026-08-31
gifts-en-046,en,gifts,人情送礼,Gifts,expense,Perfume gift for best friend 300 yuan,300,CNY,Best friend gift,anchor,2026-08-31,2026-08-31
gifts-zh-047,zh,gifts,人情送礼,Gifts,expense,战友聚会纪念品150块,150,CNY,纪念品,anchor,2026-08-31,2026-08-31
gifts-en-047,en,gifts,人情送礼,Gifts,expense,Veteran reunion souvenir 150 bucks,150,CNY,Souvenir,anchor,2026-08-31,2026-08-31
gifts-zh-048,zh,gifts,人情送礼,Gifts,expense,老师退休礼物200元,200,CNY,退休礼,anchor,2026-08-31,2026-08-31
gifts-en-048,en,gifts,人情送礼,Gifts,expense,Retirement gift for teacher 200 yuan,200,CNY,Retirement gift,anchor,2026-08-31,2026-08-31
gifts-zh-049,zh,gifts,人情送礼,Gifts,expense,香港朋友乔迁送绿植盆栽300HKD,300,HKD,乔迁绿植礼,anchor,2026-08-31,2026-08-31
gifts-en-049,en,gifts,人情送礼,Gifts,expense,Houseplant for HK friend moving 300 HKD,300,HKD,Moving plant gift,anchor,2026-08-31,2026-08-31
gifts-zh-050,zh,gifts,人情送礼,Gifts,expense,香港同事生日送礼物300HKD,300,HKD,生日礼,anchor,2026-08-31,2026-08-31
gifts-en-050,en,gifts,人情送礼,Gifts,expense,Birthday gift for HK coworker 300 HKD,300,HKD,Birthday gift,anchor,2026-08-31,2026-08-31
red_packet-zh-001,zh,red_packet,红包礼金,Red Packets,expense,昨天给侄子发压岁钱红包2000块,2000,CNY,压岁钱,rel:-1,2026-08-30,2026-08-31
red_packet-en-001,en,red_packet,红包礼金,Red Packets,expense,Gave nephew New Year red packet 2000 bucks yesterday,2000,CNY,New Year money,rel:-1,2026-08-30,2026-08-31
red_packet-zh-002,zh,red_packet,红包礼金,Red Packets,expense,朋友结婚随份子888元,888,CNY,结婚随礼,anchor,2026-08-31,2026-08-31
red_packet-en-002,en,red_packet,红包礼金,Red Packets,expense,Friend wedding gift money 888 yuan,888,CNY,Wedding gift money,anchor,2026-08-31,2026-08-31
red_packet-zh-003,zh,red_packet,红包礼金,Red Packets,expense,微信群里发红包200HKD,200,HKD,群红包,anchor,2026-08-31,2026-08-31
red_packet-en-003,en,red_packet,红包礼金,Red Packets,expense,WeChat group red packet 200 HKD,200,HKD,Group red packet,anchor,2026-08-31,2026-08-31
red_packet-zh-004,zh,red_packet,红包礼金,Red Packets,expense,生孩子随礼666元,666,CNY,满月随礼,anchor,2026-08-31,2026-08-31
red_packet-en-004,en,red_packet,红包礼金,Red Packets,expense,Baby birth gift money 666 yuan,666,CNY,Full moon gift money,anchor,2026-08-31,2026-08-31
red_packet-zh-005,zh,red_packet,红包礼金,Red Packets,expense,过年给长辈包红包5000块,5000,CNY,过年红包,anchor,2026-08-31,2026-08-31
red_packet-en-005,en,red_packet,红包礼金,Red Packets,expense,New Year red packet for elders 5000 bucks,5000,CNY,New Year red packet,anchor,2026-08-31,2026-08-31
red_packet-zh-006,zh,red_packet,红包礼金,Red Packets,expense,本周六乔迁之喜发红包1888元,1888,CNY,乔迁红包,weekday:6,2026-09-05,2026-08-31
red_packet-en-006,en,red_packet,红包礼金,Red Packets,expense,Housewarming red packet 1888 yuan this Saturday,1888,CNY,Housewarming red packet,weekday:6,2026-09-05,2026-08-31
red_packet-zh-007,zh,red_packet,红包礼金,Red Packets,expense,生日红包发了520HKD,520,HKD,生日红包,anchor,2026-08-31,2026-08-31
red_packet-en-007,en,red_packet,红包礼金,Red Packets,expense,Birthday red packet 520 HKD,520,HKD,Birthday red packet,anchor,2026-08-31,2026-08-31
red_packet-zh-008,zh,red_packet,红包礼金,Red Packets,expense,开工利是发了100元,100,CNY,开工利是,anchor,2026-08-31,2026-08-31
red_packet-en-008,en,red_packet,红包礼金,Red Packets,expense,Work resumption lai see 100 yuan,100,CNY,Work resumption lai see,anchor,2026-08-31,2026-08-31
red_packet-zh-009,zh,red_packet,红包礼金,Red Packets,expense,海外朋友结婚随礼200USD,200,USD,海外随礼,anchor,2026-08-31,2026-08-31
red_packet-en-009,en,red_packet,红包礼金,Red Packets,expense,Overseas friend wedding gift 200 USD,200,USD,Overseas wedding gift,anchor,2026-08-31,2026-08-31
red_packet-zh-010,zh,red_packet,红包礼金,Red Packets,expense,升学红包发了1000块,1000,CNY,升学红包,anchor,2026-08-31,2026-08-31
red_packet-en-010,en,red_packet,红包礼金,Red Packets,expense,School admission red packet 1000 bucks,1000,CNY,School admission red packet,anchor,2026-08-31,2026-08-31
red_packet-zh-011,zh,red_packet,红包礼金,Red Packets,expense,8月13日满月酒随礼500元,500,CNY,满月酒,ymd:2026-08-13,2026-08-13,2026-08-31
red_packet-en-011,en,red_packet,红包礼金,Red Packets,expense,Full moon banquet gift 500 yuan on August 13,500,CNY,Full moon banquet,ymd:2026-08-13,2026-08-13,2026-08-31
red_packet-zh-012,zh,red_packet,红包礼金,Red Packets,expense,公司年会抽奖红包888块,888,CNY,年会红包,anchor,2026-08-31,2026-08-31
red_packet-en-012,en,red_packet,红包礼金,Red Packets,expense,Company annual party lucky draw red packet 888 bucks,888,CNY,Annual party red packet,anchor,2026-08-31,2026-08-31
red_packet-zh-013,zh,red_packet,红包礼金,Red Packets,expense,香港新年派利是500HKD,500,HKD,新年利是,anchor,2026-08-31,2026-08-31
red_packet-en-013,en,red_packet,红包礼金,Red Packets,expense,HK New Year lai see 500 HKD,500,HKD,New Year lai see,anchor,2026-08-31,2026-08-31
red_packet-zh-014,zh,red_packet,红包礼金,Red Packets,expense,订婚红包1001元,1001,CNY,订婚红包,anchor,2026-08-31,2026-08-31
red_packet-en-014,en,red_packet,红包礼金,Red Packets,expense,Engagement red packet 1001 yuan,1001,CNY,Engagement red packet,anchor,2026-08-31,2026-08-31
red_packet-zh-015,zh,red_packet,红包礼金,Red Packets,expense,搬新家随礼666块,666,CNY,搬家随礼,anchor,2026-08-31,2026-08-31
red_packet-en-015,en,red_packet,红包礼金,Red Packets,expense,Moving gift money 666 bucks,666,CNY,Moving gift money,anchor,2026-08-31,2026-08-31
red_packet-zh-016,zh,red_packet,红包礼金,Red Packets,expense,老人过寿红包2000元,2000,CNY,寿礼红包,anchor,2026-08-31,2026-08-31
red_packet-en-016,en,red_packet,红包礼金,Red Packets,expense,Elder birthday red packet 2000 yuan,2000,CNY,Birthday red packet,anchor,2026-08-31,2026-08-31
red_packet-zh-017,zh,red_packet,红包礼金,Red Packets,expense,香港结婚礼金10000HKD,10000,HKD,结婚礼金,anchor,2026-08-31,2026-08-31
red_packet-en-017,en,red_packet,红包礼金,Red Packets,expense,HK wedding gift money 10000 HKD,10000,HKD,Wedding gift money,anchor,2026-08-31,2026-08-31
red_packet-zh-018,zh,red_packet,红包礼金,Red Packets,expense,六一给孩子发红包200元,200,CNY,儿童节红包,anchor,2026-08-31,2026-08-31
red_packet-en-018,en,red_packet,红包礼金,Red Packets,expense,Children's Day red packet for kid 200 yuan,200,CNY,Children's Day red packet,anchor,2026-08-31,2026-08-31
red_packet-zh-019,zh,red_packet,红包礼金,Red Packets,expense,开业大吉红包888块,888,CNY,开业红包,anchor,2026-08-31,2026-08-31
red_packet-en-019,en,red_packet,红包礼金,Red Packets,expense,Grand opening red packet 888 bucks,888,CNY,Grand opening red packet,anchor,2026-08-31,2026-08-31
red_packet-zh-020,zh,red_packet,红包礼金,Red Packets,expense,金榜题名红包1666元,1666,CNY,升学红包,anchor,2026-08-31,2026-08-31
red_packet-en-020,en,red_packet,红包礼金,Red Packets,expense,College admission red packet 1666 yuan,1666,CNY,College admission red packet,anchor,2026-08-31,2026-08-31
red_packet-zh-021,zh,red_packet,红包礼金,Red Packets,expense,今天明天香港满月酒礼金都3000HKD,3000,HKD,满月礼金,"rel:0,1",2026-08-31|2026-09-01,2026-08-31
red_packet-en-021,en,red_packet,红包礼金,Red Packets,expense,HK full moon gift money 3000 HKD today and tomorrow,3000,HKD,Full moon gift money,"rel:0,1",2026-08-31|2026-09-01,2026-08-31
red_packet-zh-022,zh,red_packet,红包礼金,Red Packets,expense,除夕压岁钱1000元,1000,CNY,除夕红包,anchor,2026-08-31,2026-08-31
red_packet-en-022,en,red_packet,红包礼金,Red Packets,expense,New Year's Eve red packet 1000 yuan,1000,CNY,New Year's Eve red packet,anchor,2026-08-31,2026-08-31
red_packet-zh-023,zh,red_packet,红包礼金,Red Packets,expense,朋友新店开张随礼1288块,1288,CNY,开张随礼,anchor,2026-08-31,2026-08-31
red_packet-en-023,en,red_packet,红包礼金,Red Packets,expense,Friend shop opening gift 1288 bucks,1288,CNY,Shop opening gift,anchor,2026-08-31,2026-08-31
red_packet-zh-024,zh,red_packet,红包礼金,Red Packets,expense,生日红包66.66元,66.66,CNY,生日红包,anchor,2026-08-31,2026-08-31
red_packet-en-024,en,red_packet,红包礼金,Red Packets,expense,Birthday red packet 66.66 yuan,66.66,CNY,Birthday red packet,anchor,2026-08-31,2026-08-31
red_packet-zh-025,zh,red_packet,红包礼金,Red Packets,expense,香港乔迁礼金5000HKD,5000,HKD,乔迁礼金,anchor,2026-08-31,2026-08-31
red_packet-en-025,en,red_packet,红包礼金,Red Packets,expense,HK housewarming gift money 5000 HKD,5000,HKD,Housewarming gift money,anchor,2026-08-31,2026-08-31
red_packet-zh-026,zh,red_packet,红包礼金,Red Packets,expense,元宵节红包88元,88,CNY,元宵红包,anchor,2026-08-31,2026-08-31
red_packet-en-026,en,red_packet,红包礼金,Red Packets,expense,Lantern Festival red packet 88 yuan,88,CNY,Lantern Festival red packet,anchor,2026-08-31,2026-08-31
red_packet-zh-027,zh,red_packet,红包礼金,Red Packets,expense,订婚随礼3180块,3180,CNY,订婚随礼,anchor,2026-08-31,2026-08-31
red_packet-en-027,en,red_packet,红包礼金,Red Packets,expense,Engagement gift money 3180 bucks,3180,CNY,Engagement gift money,anchor,2026-08-31,2026-08-31
red_packet-zh-028,zh,red_packet,红包礼金,Red Packets,expense,重阳节给老人红包500元,500,CNY,重阳红包,anchor,2026-08-31,2026-08-31
red_packet-en-028,en,red_packet,红包礼金,Red Packets,expense,Double Ninth red packet for elders 500 yuan,500,CNY,Double Ninth red packet,anchor,2026-08-31,2026-08-31
red_packet-zh-029,zh,red_packet,红包礼金,Red Packets,expense,香港百日宴礼金2000HKD,2000,HKD,百日宴礼金,anchor,2026-08-31,2026-08-31
red_packet-en-029,en,red_packet,红包礼金,Red Packets,expense,HK hundred-day banquet gift 2000 HKD,2000,HKD,Hundred-day banquet gift,anchor,2026-08-31,2026-08-31
red_packet-zh-030,zh,red_packet,红包礼金,Red Packets,expense,情人节红包520元,520,CNY,情人节红包,anchor,2026-08-31,2026-08-31
red_packet-en-030,en,red_packet,红包礼金,Red Packets,expense,Valentine red packet 520 yuan,520,CNY,Valentine red packet,anchor,2026-08-31,2026-08-31
red_packet-zh-031,zh,red_packet,红包礼金,Red Packets,expense,结婚改口费9999块,9999,CNY,改口费,anchor,2026-08-31,2026-08-31
red_packet-en-031,en,red_packet,红包礼金,Red Packets,expense,Wedding tea ceremony gift 9999 bucks,9999,CNY,Tea ceremony gift,anchor,2026-08-31,2026-08-31
red_packet-zh-032,zh,red_packet,红包礼金,Red Packets,expense,七夕红包1314元,1314,CNY,七夕红包,anchor,2026-08-31,2026-08-31
red_packet-en-032,en,red_packet,红包礼金,Red Packets,expense,Qixi red packet 1314 yuan,1314,CNY,Qixi red packet,anchor,2026-08-31,2026-08-31
red_packet-zh-033,zh,red_packet,红包礼金,Red Packets,expense,香港春节利是每人50HKD,50,HKD,春节利是,anchor,2026-08-31,2026-08-31
red_packet-en-033,en,red_packet,红包礼金,Red Packets,expense,HK Spring Festival lai see 50 HKD per person,50,HKD,Spring Festival lai see,anchor,2026-08-31,2026-08-31
red_packet-zh-034,zh,red_packet,红包礼金,Red Packets,expense,冬至红包188元,188,CNY,冬至红包,anchor,2026-08-31,2026-08-31
red_packet-en-034,en,red_packet,红包礼金,Red Packets,expense,Winter solstice red packet 188 yuan,188,CNY,Winter solstice red packet,anchor,2026-08-31,2026-08-31
red_packet-zh-035,zh,red_packet,红包礼金,Red Packets,expense,宝宝周岁红包1000块,1000,CNY,周岁红包,anchor,2026-08-31,2026-08-31
red_packet-en-035,en,red_packet,红包礼金,Red Packets,expense,Baby first birthday red packet 1000 bucks,1000,CNY,First birthday red packet,anchor,2026-08-31,2026-08-31
red_packet-zh-036,zh,red_packet,红包礼金,Red Packets,expense,毕业红包666元,666,CNY,毕业红包,anchor,2026-08-31,2026-08-31
red_packet-en-036,en,red_packet,红包礼金,Red Packets,expense,Graduation red packet 666 yuan,666,CNY,Graduation red packet,anchor,2026-08-31,2026-08-31
red_packet-zh-037,zh,red_packet,红包礼金,Red Packets,expense,香港寿礼金8000HKD,8000,HKD,寿礼金,anchor,2026-08-31,2026-08-31
red_packet-en-037,en,red_packet,红包礼金,Red Packets,expense,HK birthday banquet gift money 8000 HKD,8000,HKD,Birthday banquet gift,anchor,2026-08-31,2026-08-31
red_packet-zh-038,zh,red_packet,红包礼金,Red Packets,expense,小年红包200元,200,CNY,小年红包,anchor,2026-08-31,2026-08-31
red_packet-en-038,en,red_packet,红包礼金,Red Packets,expense,Little New Year red packet 200 yuan,200,CNY,Little New Year red packet,anchor,2026-08-31,2026-08-31
red_packet-zh-039,zh,red_packet,红包礼金,Red Packets,expense,同事结婚随礼300块,300,CNY,结婚随礼,anchor,2026-08-31,2026-08-31
red_packet-en-039,en,red_packet,红包礼金,Red Packets,expense,Coworker wedding gift money 300 bucks,300,CNY,Wedding gift money,anchor,2026-08-31,2026-08-31
red_packet-zh-040,zh,red_packet,红包礼金,Red Packets,expense,搬家红包888元,888,CNY,搬家红包,anchor,2026-08-31,2026-08-31
red_packet-en-040,en,red_packet,红包礼金,Red Packets,expense,Moving red packet 888 yuan,888,CNY,Moving red packet,anchor,2026-08-31,2026-08-31
red_packet-zh-041,zh,red_packet,红包礼金,Red Packets,expense,香港订婚礼金18888HKD,18888,HKD,订婚礼金,anchor,2026-08-31,2026-08-31
red_packet-en-041,en,red_packet,红包礼金,Red Packets,expense,HK engagement gift money 18888 HKD,18888,HKD,Engagement gift money,anchor,2026-08-31,2026-08-31
red_packet-zh-042,zh,red_packet,红包礼金,Red Packets,expense,520红包520元,520,CNY,520红包,anchor,2026-08-31,2026-08-31
red_packet-en-042,en,red_packet,红包礼金,Red Packets,expense,520 red packet 520 yuan,520,CNY,520 red packet,anchor,2026-08-31,2026-08-31
red_packet-zh-043,zh,red_packet,红包礼金,Red Packets,expense,朋友生二胎随礼800块,800,CNY,二胎随礼,anchor,2026-08-31,2026-08-31
red_packet-en-043,en,red_packet,红包礼金,Red Packets,expense,Second baby gift money 800 bucks,800,CNY,Second baby gift,anchor,2026-08-31,2026-08-31
red_packet-zh-044,zh,red_packet,红包礼金,Red Packets,expense,正月十五红包88元,88,CNY,元宵红包,anchor,2026-08-31,2026-08-31
red_packet-en-044,en,red_packet,红包礼金,Red Packets,expense,Lantern Festival red packet 88 yuan,88,CNY,Lantern Festival red packet,anchor,2026-08-31,2026-08-31
red_packet-zh-045,zh,red_packet,红包礼金,Red Packets,expense,香港新居入伙礼金10000HKD,10000,HKD,入伙礼金,anchor,2026-08-31,2026-08-31
red_packet-en-045,en,red_packet,红包礼金,Red Packets,expense,HK new home gift money 10000 HKD,10000,HKD,New home gift money,anchor,2026-08-31,2026-08-31
red_packet-zh-046,zh,red_packet,红包礼金,Red Packets,expense,跨年红包188元,188,CNY,跨年红包,anchor,2026-08-31,2026-08-31
red_packet-en-046,en,red_packet,红包礼金,Red Packets,expense,New Year red packet 188 yuan,188,CNY,New Year red packet,anchor,2026-08-31,2026-08-31
red_packet-zh-047,zh,red_packet,红包礼金,Red Packets,expense,亲戚孩子升学随礼500块,500,CNY,升学随礼,anchor,2026-08-31,2026-08-31
red_packet-en-047,en,red_packet,红包礼金,Red Packets,expense,Relative kid school admission gift 500 bucks,500,CNY,School admission gift,anchor,2026-08-31,2026-08-31
red_packet-zh-048,zh,red_packet,红包礼金,Red Packets,expense,母亲节红包888元,888,CNY,母亲节红包,anchor,2026-08-31,2026-08-31
red_packet-en-048,en,red_packet,红包礼金,Red Packets,expense,Mother's Day red packet 888 yuan,888,CNY,Mother's Day red packet,anchor,2026-08-31,2026-08-31
red_packet-zh-049,zh,red_packet,红包礼金,Red Packets,expense,香港开工利是每人100HKD,100,HKD,开工利是,anchor,2026-08-31,2026-08-31
red_packet-en-049,en,red_packet,红包礼金,Red Packets,expense,HK work resumption lai see 100 HKD per person,100,HKD,Work resumption lai see,anchor,2026-08-31,2026-08-31
red_packet-zh-050,zh,red_packet,红包礼金,Red Packets,expense,香港元宵派利是200HKD,200,HKD,元宵利是,anchor,2026-08-31,2026-08-31
red_packet-en-050,en,red_packet,红包礼金,Red Packets,expense,HK Lantern Festival lai see 200 HKD,200,HKD,Lantern Festival lai see,anchor,2026-08-31,2026-08-31
pets-zh-001,zh,pets,宠物养护,Pets,expense,昨天给猫买猫粮花了180元,180,CNY,猫粮,rel:-1,2026-08-30,2026-08-31
pets-en-001,en,pets,宠物养护,Pets,expense,Yesterday spent 180 yuan on cat food,180,CNY,Cat food,rel:-1,2026-08-30,2026-08-31
pets-zh-002,zh,pets,宠物养护,Pets,expense,狗狗洗澡美容花了150块,150,CNY,洗澡美容,anchor,2026-08-31,2026-08-31
pets-en-002,en,pets,宠物养护,Pets,expense,Dog grooming and bath cost 150 bucks,150,CNY,Grooming bath,anchor,2026-08-31,2026-08-31
pets-zh-003,zh,pets,宠物养护,Pets,expense,宠物医院看病花了800HKD,800,HKD,宠物看病,anchor,2026-08-31,2026-08-31
pets-en-003,en,pets,宠物养护,Pets,expense,Pet hospital visit cost 800 HKD,800,HKD,Pet vet visit,anchor,2026-08-31,2026-08-31
pets-zh-004,zh,pets,宠物养护,Pets,expense,买猫砂猫玩具花了80元,80,CNY,猫砂玩具,anchor,2026-08-31,2026-08-31
pets-en-004,en,pets,宠物养护,Pets,expense,Cat litter and toys cost 80 yuan,80,CNY,Litter and toys,anchor,2026-08-31,2026-08-31
pets-zh-005,zh,pets,宠物养护,Pets,expense,宠物驱虫花了120块,120,CNY,驱虫,anchor,2026-08-31,2026-08-31
pets-en-005,en,pets,宠物养护,Pets,expense,Pet deworming cost 120 bucks,120,CNY,Deworming,anchor,2026-08-31,2026-08-31
pets-zh-006,zh,pets,宠物养护,Pets,expense,这一周每天狗粮按袋摊下来记320元,320,CNY,狗粮,week:0,2026-08-31|2026-09-01|2026-09-02|2026-09-03|2026-09-04|2026-09-05|2026-09-06,2026-08-31
pets-en-006,en,pets,宠物养护,Pets,expense,This week log 320 yuan daily for dog food bags,320,CNY,Dog food,week:0,2026-08-31|2026-09-01|2026-09-02|2026-09-03|2026-09-04|2026-09-05|2026-09-06,2026-08-31
pets-zh-007,zh,pets,宠物养护,Pets,expense,宠物寄养三天花了600HKD,600,HKD,寄养,anchor,2026-08-31,2026-08-31
pets-en-007,en,pets,宠物养护,Pets,expense,Pet boarding three days cost 600 HKD,600,HKD,Boarding,anchor,2026-08-31,2026-08-31
pets-zh-008,zh,pets,宠物养护,Pets,expense,给狗打疫苗花了280元,280,CNY,疫苗,anchor,2026-08-31,2026-08-31
pets-en-008,en,pets,宠物养护,Pets,expense,Dog vaccination cost 280 yuan,280,CNY,Vaccine,anchor,2026-08-31,2026-08-31
pets-zh-009,zh,pets,宠物养护,Pets,expense,海外宠物用品50USD,50,USD,海外用品,anchor,2026-08-31,2026-08-31
pets-en-009,en,pets,宠物养护,Pets,expense,Overseas pet supplies 50 USD,50,USD,Overseas supplies,anchor,2026-08-31,2026-08-31
pets-zh-010,zh,pets,宠物养护,Pets,expense,宠物零食花了68块,68,CNY,零食,anchor,2026-08-31,2026-08-31
pets-en-010,en,pets,宠物养护,Pets,expense,Pet treats cost 68 bucks,68,CNY,Treats,anchor,2026-08-31,2026-08-31
pets-zh-011,zh,pets,宠物养护,Pets,expense,今天明天猫罐头都按200元记,200,CNY,猫罐头,"rel:0,1",2026-08-31|2026-09-01,2026-08-31
pets-en-011,en,pets,宠物养护,Pets,expense,Log 200 yuan today and tomorrow for cat cans,200,CNY,Cat food cans,"rel:0,1",2026-08-31|2026-09-01,2026-08-31
pets-zh-012,zh,pets,宠物养护,Pets,expense,狗狗剃毛花了100块,100,CNY,剃毛,anchor,2026-08-31,2026-08-31
pets-en-012,en,pets,宠物养护,Pets,expense,Dog haircut cost 100 bucks,100,CNY,Hair trim,anchor,2026-08-31,2026-08-31
pets-zh-013,zh,pets,宠物养护,Pets,expense,香港宠物医院诊金500HKD,500,HKD,宠物诊金,anchor,2026-08-31,2026-08-31
pets-en-013,en,pets,宠物养护,Pets,expense,HK pet clinic consultation fee 500 HKD,500,HKD,Clinic fee,anchor,2026-08-31,2026-08-31
pets-zh-014,zh,pets,宠物养护,Pets,expense,猫抓板猫爬架150元,150,CNY,猫爬架,anchor,2026-08-31,2026-08-31
pets-en-014,en,pets,宠物养护,Pets,expense,Scratching post and cat tree 150 yuan,150,CNY,Cat tree,anchor,2026-08-31,2026-08-31
pets-zh-015,zh,pets,宠物养护,Pets,expense,宠物牵引绳胸背带80块,80,CNY,牵引绳,anchor,2026-08-31,2026-08-31
pets-en-015,en,pets,宠物养护,Pets,expense,Pet leash and harness 80 bucks,80,CNY,Leash harness,anchor,2026-08-31,2026-08-31
pets-zh-016,zh,pets,宠物养护,Pets,expense,今天到后天宠物沐浴露都58元,58,CNY,沐浴露,span:0:2,2026-08-31|2026-09-01|2026-09-02,2026-08-31
pets-en-016,en,pets,宠物养护,Pets,expense,Log 58 yuan today through day after tomorrow for pet shampoo,58,CNY,Pet shampoo,span:0:2,2026-08-31|2026-09-01|2026-09-02,2026-08-31
pets-zh-017,zh,pets,宠物养护,Pets,expense,香港宠物美容300HKD,300,HKD,宠物美容,anchor,2026-08-31,2026-08-31
pets-en-017,en,pets,宠物养护,Pets,expense,HK pet grooming 300 HKD,300,HKD,Pet grooming,anchor,2026-08-31,2026-08-31
pets-zh-018,zh,pets,宠物养护,Pets,expense,狗狗体内外驱虫药150元,150,CNY,驱虫药,anchor,2026-08-31,2026-08-31
pets-en-018,en,pets,宠物养护,Pets,expense,Internal and external dewormer 150 yuan,150,CNY,Dewormer meds,anchor,2026-08-31,2026-08-31
pets-zh-019,zh,pets,宠物养护,Pets,expense,猫砂盆半封闭68块,68,CNY,猫砂盆,anchor,2026-08-31,2026-08-31
pets-en-019,en,pets,宠物养护,Pets,expense,Semi-enclosed litter box 68 bucks,68,CNY,Litter box,anchor,2026-08-31,2026-08-31
pets-zh-020,zh,pets,宠物养护,Pets,expense,宠物航空箱200元,200,CNY,航空箱,anchor,2026-08-31,2026-08-31
pets-en-020,en,pets,宠物养护,Pets,expense,Pet airline carrier crate 200 yuan,200,CNY,Pet carrier,anchor,2026-08-31,2026-08-31
pets-zh-021,zh,pets,宠物养护,Pets,expense,本周日香港宠物寄养每天200HKD,200,HKD,寄养,weekday:7,2026-09-06,2026-08-31
pets-en-021,en,pets,宠物养护,Pets,expense,This Sunday HK pet boarding 200 HKD per day,200,HKD,Boarding,weekday:7,2026-09-06,2026-08-31
pets-zh-022,zh,pets,宠物养护,Pets,expense,狗狗钙片微量元素88元,88,CNY,营养品,anchor,2026-08-31,2026-08-31
pets-en-022,en,pets,宠物养护,Pets,expense,Dog calcium and trace minerals 88 yuan,88,CNY,Supplements,anchor,2026-08-31,2026-08-31
pets-zh-023,zh,pets,宠物养护,Pets,expense,猫化毛膏营养膏128块,128,CNY,营养膏,anchor,2026-08-31,2026-08-31
pets-en-023,en,pets,宠物养护,Pets,expense,Cat hairball and nutritional paste 128 bucks,128,CNY,Nutritional paste,anchor,2026-08-31,2026-08-31
pets-zh-024,zh,pets,宠物养护,Pets,expense,宠物衣服冬装60元,60,CNY,宠物衣,anchor,2026-08-31,2026-08-31
pets-en-024,en,pets,宠物养护,Pets,expense,Winter pet clothes 60 yuan,60,CNY,Pet clothing,anchor,2026-08-31,2026-08-31
pets-zh-025,zh,pets,宠物养护,Pets,expense,香港宠物粮食200HKD,200,HKD,宠物粮,anchor,2026-08-31,2026-08-31
pets-en-025,en,pets,宠物养护,Pets,expense,HK pet food 200 HKD,200,HKD,Pet food,anchor,2026-08-31,2026-08-31
pets-zh-026,zh,pets,宠物养护,Pets,expense,宠物尿垫尿不湿45元,45,CNY,尿垫,anchor,2026-08-31,2026-08-31
pets-en-026,en,pets,宠物养护,Pets,expense,Pet pee pads and diapers 45 yuan,45,CNY,Pee pads,anchor,2026-08-31,2026-08-31
pets-zh-027,zh,pets,宠物养护,Pets,expense,狗狗玩具球磨牙棒30块,30,CNY,玩具,anchor,2026-08-31,2026-08-31
pets-en-027,en,pets,宠物养护,Pets,expense,Dog toy ball and chew stick 30 bucks,30,CNY,Toys,anchor,2026-08-31,2026-08-31
pets-zh-028,zh,pets,宠物养护,Pets,expense,猫草猫薄荷20元,20,CNY,猫草,anchor,2026-08-31,2026-08-31
pets-en-028,en,pets,宠物养护,Pets,expense,Cat grass and catnip 20 yuan,20,CNY,Cat grass,anchor,2026-08-31,2026-08-31
pets-zh-029,zh,pets,宠物养护,Pets,expense,香港宠物用品店买零食100HKD,100,HKD,宠物零食,anchor,2026-08-31,2026-08-31
pets-en-029,en,pets,宠物养护,Pets,expense,HK pet store snacks 100 HKD,100,HKD,Pet snacks,anchor,2026-08-31,2026-08-31
pets-zh-030,zh,pets,宠物养护,Pets,expense,宠物绝育手术800元,800,CNY,绝育,anchor,2026-08-31,2026-08-31
pets-en-030,en,pets,宠物养护,Pets,expense,Pet spay neuter surgery 800 yuan,800,CNY,Spay neuter,anchor,2026-08-31,2026-08-31
pets-zh-031,zh,pets,宠物养护,Pets,expense,8月17日猫咪体检套餐300块,300,CNY,体检,ymd:2026-08-17,2026-08-17,2026-08-31
pets-en-031,en,pets,宠物养护,Pets,expense,Aug 17 cat checkup package 300 bucks,300,CNY,Checkup,ymd:2026-08-17,2026-08-17,2026-08-31
pets-zh-032,zh,pets,宠物养护,Pets,expense,宠物窝垫房子120元,120,CNY,宠物窝,anchor,2026-08-31,2026-08-31
pets-en-032,en,pets,宠物养护,Pets,expense,Pet bed and house 120 yuan,120,CNY,Pet bed,anchor,2026-08-31,2026-08-31
pets-zh-033,zh,pets,宠物养护,Pets,expense,狗狗指甲剪剃毛器88块,88,CNY,美容工具,anchor,2026-08-31,2026-08-31
pets-en-033,en,pets,宠物养护,Pets,expense,Dog nail clipper and trimmer 88 bucks,88,CNY,Grooming tools,anchor,2026-08-31,2026-08-31
pets-zh-034,zh,pets,宠物养护,Pets,expense,香港宠物保险每月100HKD,100,HKD,宠物保险,anchor,2026-08-31,2026-08-31
pets-en-034,en,pets,宠物养护,Pets,expense,HK pet insurance monthly 100 HKD,100,HKD,Pet insurance,anchor,2026-08-31,2026-08-31
pets-zh-035,zh,pets,宠物养护,Pets,expense,猫包外出便携50元,50,CNY,猫包,anchor,2026-08-31,2026-08-31
pets-en-035,en,pets,宠物养护,Pets,expense,Portable cat carrier bag 50 yuan,50,CNY,Cat carrier bag,anchor,2026-08-31,2026-08-31
pets-zh-036,zh,pets,宠物养护,Pets,expense,宠物益生菌调理肠胃68块,68,CNY,益生菌,anchor,2026-08-31,2026-08-31
pets-en-036,en,pets,宠物养护,Pets,expense,Pet probiotics for digestion 68 bucks,68,CNY,Probiotics,anchor,2026-08-31,2026-08-31
pets-zh-037,zh,pets,宠物养护,Pets,expense,宠物厕所诱导剂25元,25,CNY,诱导剂,anchor,2026-08-31,2026-08-31
pets-en-037,en,pets,宠物养护,Pets,expense,Pet potty training spray 25 yuan,25,CNY,Training spray,anchor,2026-08-31,2026-08-31
pets-zh-038,zh,pets,宠物养护,Pets,expense,香港宠物办证费200HKD,200,HKD,办证,anchor,2026-08-31,2026-08-31
pets-en-038,en,pets,宠物养护,Pets,expense,HK pet license fee 200 HKD,200,HKD,License fee,anchor,2026-08-31,2026-08-31
pets-zh-039,zh,pets,宠物养护,Pets,expense,狗狗项圈铃铛30元,30,CNY,项圈,anchor,2026-08-31,2026-08-31
pets-en-039,en,pets,宠物养护,Pets,expense,Dog collar with bell 30 yuan,30,CNY,Collar,anchor,2026-08-31,2026-08-31
pets-zh-040,zh,pets,宠物养护,Pets,expense,猫自动喂食器299块,299,CNY,喂食器,anchor,2026-08-31,2026-08-31
pets-en-040,en,pets,宠物养护,Pets,expense,Automatic cat feeder 299 bucks,299,CNY,Auto feeder,anchor,2026-08-31,2026-08-31
pets-zh-041,zh,pets,宠物养护,Pets,expense,上周日买了宠物饮水机158元,158,CNY,饮水机,weekday:-1:7,2026-08-30,2026-08-31
pets-en-041,en,pets,宠物养护,Pets,expense,Last Sunday pet water fountain 158 yuan,158,CNY,Water fountain,weekday:-1:7,2026-08-30,2026-08-31
pets-zh-042,zh,pets,宠物养护,Pets,expense,香港宠物冲凉卡10次1200HKD,1200,HKD,冲凉卡,anchor,2026-08-31,2026-08-31
pets-en-042,en,pets,宠物养护,Pets,expense,HK pet bath card 10 visits 1200 HKD,1200,HKD,Bath card,anchor,2026-08-31,2026-08-31
pets-zh-043,zh,pets,宠物养护,Pets,expense,狗狗眼药水35元,35,CNY,眼药水,anchor,2026-08-31,2026-08-31
pets-en-043,en,pets,宠物养护,Pets,expense,Dog eye drops 35 yuan,35,CNY,Eye drops,anchor,2026-08-31,2026-08-31
pets-zh-044,zh,pets,宠物养护,Pets,expense,猫耳螨药50块,50,CNY,耳螨药,anchor,2026-08-31,2026-08-31
pets-en-044,en,pets,宠物养护,Pets,expense,Cat ear mite medicine 50 bucks,50,CNY,Ear mite meds,anchor,2026-08-31,2026-08-31
pets-zh-045,zh,pets,宠物养护,Pets,expense,宠物剃毛器电推剪80元,80,CNY,剃毛器,anchor,2026-08-31,2026-08-31
pets-en-045,en,pets,宠物养护,Pets,expense,Pet clipper and electric trimmer 80 yuan,80,CNY,Pet clipper,anchor,2026-08-31,2026-08-31
pets-zh-046,zh,pets,宠物养护,Pets,expense,香港宠物驱虫药150HKD,150,HKD,驱虫药,anchor,2026-08-31,2026-08-31
pets-en-046,en,pets,宠物养护,Pets,expense,HK pet dewormer 150 HKD,150,HKD,Dewormer,anchor,2026-08-31,2026-08-31
pets-zh-047,zh,pets,宠物养护,Pets,expense,宠物吊床猫窝45元,45,CNY,猫窝,anchor,2026-08-31,2026-08-31
pets-en-047,en,pets,宠物养护,Pets,expense,Pet hammock and cat bed 45 yuan,45,CNY,Cat bed,anchor,2026-08-31,2026-08-31
pets-zh-048,zh,pets,宠物养护,Pets,expense,狗狗洁齿骨磨牙棒60块,60,CNY,洁齿骨,anchor,2026-08-31,2026-08-31
pets-en-048,en,pets,宠物养护,Pets,expense,Dog dental chews and bones 60 bucks,60,CNY,Dental chews,anchor,2026-08-31,2026-08-31
pets-zh-049,zh,pets,宠物养护,Pets,expense,宠物消毒喷雾28元,28,CNY,消毒喷雾,anchor,2026-08-31,2026-08-31
pets-en-049,en,pets,宠物养护,Pets,expense,Pet disinfectant spray 28 yuan,28,CNY,Disinfectant spray,anchor,2026-08-31,2026-08-31
pets-zh-050,zh,pets,宠物养护,Pets,expense,香港宠物美容洗澡350HKD,350,HKD,宠物美容,anchor,2026-08-31,2026-08-31
pets-en-050,en,pets,宠物养护,Pets,expense,HK pet grooming and bath 350 HKD,350,HKD,Pet grooming,anchor,2026-08-31,2026-08-31
apparel-zh-001,zh,apparel,服饰鞋包,Apparel,expense,昨天买外套花了599元,599,CNY,外套,rel:-1,2026-08-30,2026-08-31
apparel-en-001,en,apparel,服饰鞋包,Apparel,expense,Yesterday bought a jacket for 599 yuan,599,CNY,Jacket,rel:-1,2026-08-30,2026-08-31
apparel-zh-002,zh,apparel,服饰鞋包,Apparel,expense,买运动鞋花了799块,799,CNY,运动鞋,anchor,2026-08-31,2026-08-31
apparel-en-002,en,apparel,服饰鞋包,Apparel,expense,Bought sneakers for 799 bucks,799,CNY,Sneakers,anchor,2026-08-31,2026-08-31
apparel-zh-003,zh,apparel,服饰鞋包,Apparel,expense,买包包花了1200HKD,1200,HKD,包包,anchor,2026-08-31,2026-08-31
apparel-en-003,en,apparel,服饰鞋包,Apparel,expense,Bought a handbag for 1200 HKD,1200,HKD,Handbag,anchor,2026-08-31,2026-08-31
apparel-zh-004,zh,apparel,服饰鞋包,Apparel,expense,买裤子花了299元,299,CNY,裤子,anchor,2026-08-31,2026-08-31
apparel-en-004,en,apparel,服饰鞋包,Apparel,expense,Bought pants for 299 yuan,299,CNY,Pants,anchor,2026-08-31,2026-08-31
apparel-zh-005,zh,apparel,服饰鞋包,Apparel,expense,买内衣袜子花了150块,150,CNY,内衣袜,anchor,2026-08-31,2026-08-31
apparel-en-005,en,apparel,服饰鞋包,Apparel,expense,Bought underwear and socks for 150 bucks,150,CNY,Underwear socks,anchor,2026-08-31,2026-08-31
apparel-zh-006,zh,apparel,服饰鞋包,Apparel,expense,买羽绒服花了1299元,1299,CNY,羽绒服,anchor,2026-08-31,2026-08-31
apparel-en-006,en,apparel,服饰鞋包,Apparel,expense,Bought a down jacket for 1299 yuan,1299,CNY,Down jacket,anchor,2026-08-31,2026-08-31
apparel-zh-007,zh,apparel,服饰鞋包,Apparel,expense,买高跟鞋花了899HKD,899,HKD,高跟鞋,anchor,2026-08-31,2026-08-31
apparel-en-007,en,apparel,服饰鞋包,Apparel,expense,Bought high heels for 899 HKD,899,HKD,High heels,anchor,2026-08-31,2026-08-31
apparel-zh-008,zh,apparel,服饰鞋包,Apparel,expense,买帽子围巾花了180元,180,CNY,帽围巾,anchor,2026-08-31,2026-08-31
apparel-en-008,en,apparel,服饰鞋包,Apparel,expense,Bought hat and scarf for 180 yuan,180,CNY,Hat scarf,anchor,2026-08-31,2026-08-31
apparel-zh-009,zh,apparel,服饰鞋包,Apparel,expense,本周六海外买奢侈品包2000USD,2000,USD,奢侈品包,weekday:6,2026-09-05,2026-08-31
apparel-en-009,en,apparel,服饰鞋包,Apparel,expense,This Saturday bought luxury bag overseas 2000 USD,2000,USD,Luxury bag,weekday:6,2026-09-05,2026-08-31
apparel-zh-010,zh,apparel,服饰鞋包,Apparel,expense,买T恤花了99块,99,CNY,T恤,anchor,2026-08-31,2026-08-31
apparel-en-010,en,apparel,服饰鞋包,Apparel,expense,Bought a T-shirt for 99 bucks,99,CNY,T-shirt,anchor,2026-08-31,2026-08-31
apparel-zh-011,zh,apparel,服饰鞋包,Apparel,expense,买连衣裙399元,399,CNY,连衣裙,anchor,2026-08-31,2026-08-31
apparel-en-011,en,apparel,服饰鞋包,Apparel,expense,Bought a dress for 399 yuan,399,CNY,Dress,anchor,2026-08-31,2026-08-31
apparel-zh-012,zh,apparel,服饰鞋包,Apparel,expense,买皮鞋688块,688,CNY,皮鞋,anchor,2026-08-31,2026-08-31
apparel-en-012,en,apparel,服饰鞋包,Apparel,expense,Bought leather shoes for 688 bucks,688,CNY,Leather shoes,anchor,2026-08-31,2026-08-31
apparel-zh-013,zh,apparel,服饰鞋包,Apparel,expense,香港买名牌包8000HKD,8000,HKD,名牌包,anchor,2026-08-31,2026-08-31
apparel-en-013,en,apparel,服饰鞋包,Apparel,expense,Bought designer bag in HK 8000 HKD,8000,HKD,Designer bag,anchor,2026-08-31,2026-08-31
apparel-zh-014,zh,apparel,服饰鞋包,Apparel,expense,买牛仔裤199元,199,CNY,牛仔裤,anchor,2026-08-31,2026-08-31
apparel-en-014,en,apparel,服饰鞋包,Apparel,expense,Bought jeans for 199 yuan,199,CNY,Jeans,anchor,2026-08-31,2026-08-31
apparel-zh-015,zh,apparel,服饰鞋包,Apparel,expense,买保暖内衣套装299块,299,CNY,保暖内衣,anchor,2026-08-31,2026-08-31
apparel-en-015,en,apparel,服饰鞋包,Apparel,expense,Bought thermal underwear set for 299 bucks,299,CNY,Thermal underwear,anchor,2026-08-31,2026-08-31
apparel-zh-016,zh,apparel,服饰鞋包,Apparel,expense,买风衣外套899元,899,CNY,风衣,anchor,2026-08-31,2026-08-31
apparel-en-016,en,apparel,服饰鞋包,Apparel,expense,Bought a trench coat for 899 yuan,899,CNY,Trench coat,anchor,2026-08-31,2026-08-31
apparel-zh-017,zh,apparel,服饰鞋包,Apparel,expense,8月4日香港买运动鞋1000HKD,1000,HKD,运动鞋,ymd:2026-08-04,2026-08-04,2026-08-31
apparel-en-017,en,apparel,服饰鞋包,Apparel,expense,Aug 4 bought sneakers in HK 1000 HKD,1000,HKD,Sneakers,ymd:2026-08-04,2026-08-04,2026-08-31
apparel-zh-018,zh,apparel,服饰鞋包,Apparel,expense,买衬衫159元,159,CNY,衬衫,anchor,2026-08-31,2026-08-31
apparel-en-018,en,apparel,服饰鞋包,Apparel,expense,Bought a dress shirt for 159 yuan,159,CNY,Dress shirt,anchor,2026-08-31,2026-08-31
apparel-zh-019,zh,apparel,服饰鞋包,Apparel,expense,买拖鞋凉鞋88块,88,CNY,凉鞋,anchor,2026-08-31,2026-08-31
apparel-en-019,en,apparel,服饰鞋包,Apparel,expense,Bought sandals and slippers for 88 bucks,88,CNY,Sandals,anchor,2026-08-31,2026-08-31
apparel-zh-020,zh,apparel,服饰鞋包,Apparel,expense,买真皮钱包399元,399,CNY,钱包,anchor,2026-08-31,2026-08-31
apparel-en-020,en,apparel,服饰鞋包,Apparel,expense,Bought a leather wallet for 399 yuan,399,CNY,Wallet,anchor,2026-08-31,2026-08-31
apparel-zh-021,zh,apparel,服饰鞋包,Apparel,expense,香港买服饰2000HKD,2000,HKD,服饰,anchor,2026-08-31,2026-08-31
apparel-en-021,en,apparel,服饰鞋包,Apparel,expense,Bought clothes in HK 2000 HKD,2000,HKD,Clothing,anchor,2026-08-31,2026-08-31
apparel-zh-022,zh,apparel,服饰鞋包,Apparel,expense,买卫衣259元,259,CNY,卫衣,anchor,2026-08-31,2026-08-31
apparel-en-022,en,apparel,服饰鞋包,Apparel,expense,Bought a hoodie for 259 yuan,259,CNY,Hoodie,anchor,2026-08-31,2026-08-31
apparel-zh-023,zh,apparel,服饰鞋包,Apparel,expense,买马丁靴599块,599,CNY,马丁靴,anchor,2026-08-31,2026-08-31
apparel-en-023,en,apparel,服饰鞋包,Apparel,expense,Bought combat boots for 599 bucks,599,CNY,Combat boots,anchor,2026-08-31,2026-08-31
apparel-zh-024,zh,apparel,服饰鞋包,Apparel,expense,买丝巾披肩199元,199,CNY,丝巾,anchor,2026-08-31,2026-08-31
apparel-en-024,en,apparel,服饰鞋包,Apparel,expense,Bought silk scarf and shawl for 199 yuan,199,CNY,Silk scarf,anchor,2026-08-31,2026-08-31
apparel-zh-025,zh,apparel,服饰鞋包,Apparel,expense,8月26日香港买正装西装3000HKD,3000,HKD,西装,ymd:2026-08-26,2026-08-26,2026-08-31
apparel-en-025,en,apparel,服饰鞋包,Apparel,expense,Aug 26 bought suit in HK 3000 HKD,3000,HKD,Suit,ymd:2026-08-26,2026-08-26,2026-08-31
apparel-zh-026,zh,apparel,服饰鞋包,Apparel,expense,买毛衣针织衫299元,299,CNY,毛衣,anchor,2026-08-31,2026-08-31
apparel-en-026,en,apparel,服饰鞋包,Apparel,expense,Bought sweater and knit top for 299 yuan,299,CNY,Sweater,anchor,2026-08-31,2026-08-31
apparel-zh-027,zh,apparel,服饰鞋包,Apparel,expense,买老爹鞋499块,499,CNY,老爹鞋,anchor,2026-08-31,2026-08-31
apparel-en-027,en,apparel,服饰鞋包,Apparel,expense,Bought chunky dad sneakers for 499 bucks,499,CNY,Dad sneakers,anchor,2026-08-31,2026-08-31
apparel-zh-028,zh,apparel,服饰鞋包,Apparel,expense,买双肩背包299元,299,CNY,双肩包,anchor,2026-08-31,2026-08-31
apparel-en-028,en,apparel,服饰鞋包,Apparel,expense,Bought a backpack for 299 yuan,299,CNY,Backpack,anchor,2026-08-31,2026-08-31
apparel-zh-029,zh,apparel,服饰鞋包,Apparel,expense,香港买运动服800HKD,800,HKD,运动服,anchor,2026-08-31,2026-08-31
apparel-en-029,en,apparel,服饰鞋包,Apparel,expense,Bought sportswear in HK 800 HKD,800,HKD,Sportswear,anchor,2026-08-31,2026-08-31
apparel-zh-030,zh,apparel,服饰鞋包,Apparel,expense,买西装裤199元,199,CNY,西装裤,anchor,2026-08-31,2026-08-31
apparel-en-030,en,apparel,服饰鞋包,Apparel,expense,Bought dress pants for 199 yuan,199,CNY,Dress pants,anchor,2026-08-31,2026-08-31
apparel-zh-031,zh,apparel,服饰鞋包,Apparel,expense,买雪地靴399块,399,CNY,雪地靴,anchor,2026-08-31,2026-08-31
apparel-en-031,en,apparel,服饰鞋包,Apparel,expense,Bought snow boots for 399 bucks,399,CNY,Snow boots,anchor,2026-08-31,2026-08-31
apparel-zh-032,zh,apparel,服饰鞋包,Apparel,expense,买皮带腰带199元,199,CNY,皮带,anchor,2026-08-31,2026-08-31
apparel-en-032,en,apparel,服饰鞋包,Apparel,expense,Bought belt and waist strap for 199 yuan,199,CNY,Belt,anchor,2026-08-31,2026-08-31
apparel-zh-033,zh,apparel,服饰鞋包,Apparel,expense,香港买衬衫500HKD,500,HKD,衬衫,anchor,2026-08-31,2026-08-31
apparel-en-033,en,apparel,服饰鞋包,Apparel,expense,Bought dress shirt in HK 500 HKD,500,HKD,Dress shirt,anchor,2026-08-31,2026-08-31
apparel-zh-034,zh,apparel,服饰鞋包,Apparel,expense,买风衣699元,699,CNY,风衣,anchor,2026-08-31,2026-08-31
apparel-en-034,en,apparel,服饰鞋包,Apparel,expense,Bought a trench coat for 699 yuan,699,CNY,Trench coat,anchor,2026-08-31,2026-08-31
apparel-zh-035,zh,apparel,服饰鞋包,Apparel,expense,买帆布鞋199块,199,CNY,帆布鞋,anchor,2026-08-31,2026-08-31
apparel-en-035,en,apparel,服饰鞋包,Apparel,expense,Bought canvas shoes for 199 bucks,199,CNY,Canvas shoes,anchor,2026-08-31,2026-08-31
apparel-zh-036,zh,apparel,服饰鞋包,Apparel,expense,买羊绒大衣2999元,2999,CNY,羊绒大衣,anchor,2026-08-31,2026-08-31
apparel-en-036,en,apparel,服饰鞋包,Apparel,expense,Bought cashmere overcoat for 2999 yuan,2999,CNY,Cashmere coat,anchor,2026-08-31,2026-08-31
apparel-zh-037,zh,apparel,服饰鞋包,Apparel,expense,香港买领带300HKD,300,HKD,领带,anchor,2026-08-31,2026-08-31
apparel-en-037,en,apparel,服饰鞋包,Apparel,expense,Bought necktie in HK 300 HKD,300,HKD,Necktie,anchor,2026-08-31,2026-08-31
apparel-zh-038,zh,apparel,服饰鞋包,Apparel,expense,买短裤89元,89,CNY,短裤,anchor,2026-08-31,2026-08-31
apparel-en-038,en,apparel,服饰鞋包,Apparel,expense,Bought shorts for 89 yuan,89,CNY,Shorts,anchor,2026-08-31,2026-08-31
apparel-zh-039,zh,apparel,服饰鞋包,Apparel,expense,买雨鞋雨靴128块,128,CNY,雨靴,anchor,2026-08-31,2026-08-31
apparel-en-039,en,apparel,服饰鞋包,Apparel,expense,Bought rain boots for 128 bucks,128,CNY,Rain boots,anchor,2026-08-31,2026-08-31
apparel-zh-040,zh,apparel,服饰鞋包,Apparel,expense,买单肩包299元,299,CNY,单肩包,anchor,2026-08-31,2026-08-31
apparel-en-040,en,apparel,服饰鞋包,Apparel,expense,Bought shoulder bag for 299 yuan,299,CNY,Shoulder bag,anchor,2026-08-31,2026-08-31
apparel-zh-041,zh,apparel,服饰鞋包,Apparel,expense,香港买牛仔裤600HKD,600,HKD,牛仔裤,anchor,2026-08-31,2026-08-31
apparel-en-041,en,apparel,服饰鞋包,Apparel,expense,Bought jeans in HK 600 HKD,600,HKD,Jeans,anchor,2026-08-31,2026-08-31
apparel-zh-042,zh,apparel,服饰鞋包,Apparel,expense,买马甲背心159元,159,CNY,马甲,anchor,2026-08-31,2026-08-31
apparel-en-042,en,apparel,服饰鞋包,Apparel,expense,Bought vest and sleeveless top for 159 yuan,159,CNY,Vest,anchor,2026-08-31,2026-08-31
apparel-zh-043,zh,apparel,服饰鞋包,Apparel,expense,买凉鞋拖鞋129块,129,CNY,凉鞋,anchor,2026-08-31,2026-08-31
apparel-en-043,en,apparel,服饰鞋包,Apparel,expense,Bought sandals and slippers for 129 bucks,129,CNY,Sandals,anchor,2026-08-31,2026-08-31
apparel-zh-044,zh,apparel,服饰鞋包,Apparel,expense,买皮衣夹克1599元,1599,CNY,皮衣,anchor,2026-08-31,2026-08-31
apparel-en-044,en,apparel,服饰鞋包,Apparel,expense,Bought leather jacket for 1599 yuan,1599,CNY,Leather jacket,anchor,2026-08-31,2026-08-31
apparel-zh-045,zh,apparel,服饰鞋包,Apparel,expense,香港买T恤200HKD,200,HKD,T恤,anchor,2026-08-31,2026-08-31
apparel-en-045,en,apparel,服饰鞋包,Apparel,expense,Bought T-shirt in HK 200 HKD,200,HKD,T-shirt,anchor,2026-08-31,2026-08-31
apparel-zh-046,zh,apparel,服饰鞋包,Apparel,expense,买汉服洛丽塔499元,499,CNY,汉服,anchor,2026-08-31,2026-08-31
apparel-en-046,en,apparel,服饰鞋包,Apparel,expense,Bought hanfu and lolita dress for 499 yuan,499,CNY,Hanfu,anchor,2026-08-31,2026-08-31
apparel-zh-047,zh,apparel,服饰鞋包,Apparel,expense,买劳保鞋199块,199,CNY,劳保鞋,anchor,2026-08-31,2026-08-31
apparel-en-047,en,apparel,服饰鞋包,Apparel,expense,Bought safety work shoes for 199 bucks,199,CNY,Safety shoes,anchor,2026-08-31,2026-08-31
apparel-zh-048,zh,apparel,服饰鞋包,Apparel,expense,买羊毛衫399元,399,CNY,羊毛衫,anchor,2026-08-31,2026-08-31
apparel-en-048,en,apparel,服饰鞋包,Apparel,expense,Bought wool sweater for 399 yuan,399,CNY,Wool sweater,anchor,2026-08-31,2026-08-31
apparel-zh-049,zh,apparel,服饰鞋包,Apparel,expense,香港买围巾400HKD,400,HKD,围巾,anchor,2026-08-31,2026-08-31
apparel-en-049,en,apparel,服饰鞋包,Apparel,expense,Bought scarf in HK 400 HKD,400,HKD,Scarf,anchor,2026-08-31,2026-08-31
apparel-zh-050,zh,apparel,服饰鞋包,Apparel,expense,香港买外套800HKD,800,HKD,外套,anchor,2026-08-31,2026-08-31
apparel-en-050,en,apparel,服饰鞋包,Apparel,expense,Bought jacket in HK 800 HKD,800,HKD,Jacket,anchor,2026-08-31,2026-08-31
beauty-zh-001,zh,beauty,美容个护,Beauty,expense,昨天剪头发花了68元,68,CNY,剪发,rel:-1,2026-08-30,2026-08-31
beauty-en-001,en,beauty,美容个护,Beauty,expense,Yesterday haircut cost 68 yuan,68,CNY,Haircut,rel:-1,2026-08-30,2026-08-31
beauty-zh-002,zh,beauty,美容个护,Beauty,expense,做美甲花了128块,128,CNY,美甲,anchor,2026-08-31,2026-08-31
beauty-en-002,en,beauty,美容个护,Beauty,expense,Manicure cost 128 bucks,128,CNY,Manicure,anchor,2026-08-31,2026-08-31
beauty-zh-003,zh,beauty,美容个护,Beauty,expense,做面部护理花了380HKD,380,HKD,面部护理,anchor,2026-08-31,2026-08-31
beauty-en-003,en,beauty,美容个护,Beauty,expense,Facial treatment cost 380 HKD,380,HKD,Facial care,anchor,2026-08-31,2026-08-31
beauty-zh-004,zh,beauty,美容个护,Beauty,expense,买护肤品花了500元,500,CNY,护肤品,anchor,2026-08-31,2026-08-31
beauty-en-004,en,beauty,美容个护,Beauty,expense,Skincare products cost 500 yuan,500,CNY,Skincare,anchor,2026-08-31,2026-08-31
beauty-zh-005,zh,beauty,美容个护,Beauty,expense,烫染头发花了680块,680,CNY,烫染,anchor,2026-08-31,2026-08-31
beauty-en-005,en,beauty,美容个护,Beauty,expense,Hair perm and dye cost 680 bucks,680,CNY,Perm and dye,anchor,2026-08-31,2026-08-31
beauty-zh-006,zh,beauty,美容个护,Beauty,expense,买口红花了320元,320,CNY,口红,anchor,2026-08-31,2026-08-31
beauty-en-006,en,beauty,美容个护,Beauty,expense,Lipstick cost 320 yuan,320,CNY,Lipstick,anchor,2026-08-31,2026-08-31
beauty-zh-007,zh,beauty,美容个护,Beauty,expense,本周五做SPA花了980HKD,980,HKD,SPA,weekday:5,2026-09-04,2026-08-31
beauty-en-007,en,beauty,美容个护,Beauty,expense,This Friday SPA cost 980 HKD,980,HKD,SPA,weekday:5,2026-09-04,2026-08-31
beauty-zh-008,zh,beauty,美容个护,Beauty,expense,买面膜花了150元,150,CNY,面膜,anchor,2026-08-31,2026-08-31
beauty-en-008,en,beauty,美容个护,Beauty,expense,Face masks cost 150 yuan,150,CNY,Face masks,anchor,2026-08-31,2026-08-31
beauty-zh-009,zh,beauty,美容个护,Beauty,expense,海外买化妆品200USD,200,USD,海外化妆品,anchor,2026-08-31,2026-08-31
beauty-en-009,en,beauty,美容个护,Beauty,expense,Overseas cosmetics 200 USD,200,USD,Overseas cosmetics,anchor,2026-08-31,2026-08-31
beauty-zh-010,zh,beauty,美容个护,Beauty,expense,修眉花了30块,30,CNY,修眉,anchor,2026-08-31,2026-08-31
beauty-en-010,en,beauty,美容个护,Beauty,expense,Eyebrow shaping cost 30 bucks,30,CNY,Eyebrow shaping,anchor,2026-08-31,2026-08-31
beauty-zh-011,zh,beauty,美容个护,Beauty,expense,接睫毛花了198元,198,CNY,接睫毛,anchor,2026-08-31,2026-08-31
beauty-en-011,en,beauty,美容个护,Beauty,expense,Eyelash extensions cost 198 yuan,198,CNY,Lash extensions,anchor,2026-08-31,2026-08-31
beauty-zh-012,zh,beauty,美容个护,Beauty,expense,做美睫168块,168,CNY,美睫,anchor,2026-08-31,2026-08-31
beauty-en-012,en,beauty,美容个护,Beauty,expense,Eyelash beauty treatment 168 bucks,168,CNY,Lash beauty,anchor,2026-08-31,2026-08-31
beauty-zh-013,zh,beauty,美容个护,Beauty,expense,8月23日香港美容院补水500HKD,500,HKD,美容补水,ymd:2026-08-23,2026-08-23,2026-08-31
beauty-en-013,en,beauty,美容个护,Beauty,expense,Aug 23 HK salon hydration facial 500 HKD,500,HKD,Hydration facial,ymd:2026-08-23,2026-08-23,2026-08-31
beauty-zh-014,zh,beauty,美容个护,Beauty,expense,买洗面奶爽肤水280元,280,CNY,洗护,anchor,2026-08-31,2026-08-31
beauty-en-014,en,beauty,美容个护,Beauty,expense,Facial cleanser and toner 280 yuan,280,CNY,Cleanser toner,anchor,2026-08-31,2026-08-31
beauty-zh-015,zh,beauty,美容个护,Beauty,expense,纹眉半永久888块,888,CNY,纹眉,anchor,2026-08-31,2026-08-31
beauty-en-015,en,beauty,美容个护,Beauty,expense,Semi-permanent eyebrow tattoo 888 bucks,888,CNY,Eyebrow tattoo,anchor,2026-08-31,2026-08-31
beauty-zh-016,zh,beauty,美容个护,Beauty,expense,身体乳磨砂膏120元,120,CNY,身体护理,anchor,2026-08-31,2026-08-31
beauty-en-016,en,beauty,美容个护,Beauty,expense,Body lotion and scrub 120 yuan,120,CNY,Body care,anchor,2026-08-31,2026-08-31
beauty-zh-017,zh,beauty,美容个护,Beauty,expense,香港做指甲200HKD,200,HKD,美甲,anchor,2026-08-31,2026-08-31
beauty-en-017,en,beauty,美容个护,Beauty,expense,HK manicure 200 HKD,200,HKD,Manicure,anchor,2026-08-31,2026-08-31
beauty-zh-018,zh,beauty,美容个护,Beauty,expense,染发膏自己染80元,80,CNY,染发,anchor,2026-08-31,2026-08-31
beauty-en-018,en,beauty,美容个护,Beauty,expense,DIY hair dye kit 80 yuan,80,CNY,Hair dye,anchor,2026-08-31,2026-08-31
beauty-zh-019,zh,beauty,美容个护,Beauty,expense,今天明天脱毛膏脱毛仪都按199块记,199,CNY,脱毛,"rel:0,1",2026-08-31|2026-09-01,2026-08-31
beauty-en-019,en,beauty,美容个护,Beauty,expense,Log 199 bucks today and tomorrow for hair removal,199,CNY,Hair removal,"rel:0,1",2026-08-31|2026-09-01,2026-08-31
beauty-zh-020,zh,beauty,美容个护,Beauty,expense,精华液肌底液350元,350,CNY,精华液,anchor,2026-08-31,2026-08-31
beauty-en-020,en,beauty,美容个护,Beauty,expense,Serum and essence 350 yuan,350,CNY,Serum,anchor,2026-08-31,2026-08-31
beauty-zh-021,zh,beauty,美容个护,Beauty,expense,香港美容套餐1500HKD,1500,HKD,美容套餐,anchor,2026-08-31,2026-08-31
beauty-en-021,en,beauty,美容个护,Beauty,expense,HK beauty package 1500 HKD,1500,HKD,Beauty package,anchor,2026-08-31,2026-08-31
beauty-zh-022,zh,beauty,美容个护,Beauty,expense,洗脸清洁一次50元,50,CNY,洗脸,anchor,2026-08-31,2026-08-31
beauty-en-022,en,beauty,美容个护,Beauty,expense,Face cleansing session 50 yuan,50,CNY,Face cleansing,anchor,2026-08-31,2026-08-31
beauty-zh-023,zh,beauty,美容个护,Beauty,expense,美甲甲片延长268块,268,CNY,美甲延长,anchor,2026-08-31,2026-08-31
beauty-en-023,en,beauty,美容个护,Beauty,expense,Nail extensions 268 bucks,268,CNY,Nail extensions,anchor,2026-08-31,2026-08-31
beauty-zh-024,zh,beauty,美容个护,Beauty,expense,眼霜眼膜280元,280,CNY,眼部护理,anchor,2026-08-31,2026-08-31
beauty-en-024,en,beauty,美容个护,Beauty,expense,Eye cream and eye masks 280 yuan,280,CNY,Eye care,anchor,2026-08-31,2026-08-31
beauty-zh-025,zh,beauty,美容个护,Beauty,expense,上周五香港剪头发150HKD,150,HKD,剪发,weekday:-1:5,2026-08-28,2026-08-31
beauty-en-025,en,beauty,美容个护,Beauty,expense,Last Friday HK haircut 150 HKD,150,HKD,Haircut,weekday:-1:5,2026-08-28,2026-08-31
beauty-zh-026,zh,beauty,美容个护,Beauty,expense,化妆品套装礼盒680元,680,CNY,化妆品套装,anchor,2026-08-31,2026-08-31
beauty-en-026,en,beauty,美容个护,Beauty,expense,Cosmetics gift set 680 yuan,680,CNY,Cosmetics set,anchor,2026-08-31,2026-08-31
beauty-zh-027,zh,beauty,美容个护,Beauty,expense,烫头发离子烫500块,500,CNY,烫发,anchor,2026-08-31,2026-08-31
beauty-en-027,en,beauty,美容个护,Beauty,expense,Ion perm hair treatment 500 bucks,500,CNY,Perm,anchor,2026-08-31,2026-08-31
beauty-zh-028,zh,beauty,美容个护,Beauty,expense,护手霜润唇膏50元,50,CNY,护手霜,anchor,2026-08-31,2026-08-31
beauty-en-028,en,beauty,美容个护,Beauty,expense,Hand cream and lip balm 50 yuan,50,CNY,Hand cream,anchor,2026-08-31,2026-08-31
beauty-zh-029,zh,beauty,美容个护,Beauty,expense,香港染发800HKD,800,HKD,染发,anchor,2026-08-31,2026-08-31
beauty-en-029,en,beauty,美容个护,Beauty,expense,HK hair dye 800 HKD,800,HKD,Hair dye,anchor,2026-08-31,2026-08-31
beauty-zh-030,zh,beauty,美容个护,Beauty,expense,黑头清洁护理88元,88,CNY,皮肤清洁,anchor,2026-08-31,2026-08-31
beauty-en-030,en,beauty,美容个护,Beauty,expense,Blackhead cleansing treatment 88 yuan,88,CNY,Skin cleansing,anchor,2026-08-31,2026-08-31
beauty-zh-031,zh,beauty,美容个护,Beauty,expense,种睫毛150块,150,CNY,种睫毛,anchor,2026-08-31,2026-08-31
beauty-en-031,en,beauty,美容个护,Beauty,expense,Eyelash implant 150 bucks,150,CNY,Lash implant,anchor,2026-08-31,2026-08-31
beauty-zh-032,zh,beauty,美容个护,Beauty,expense,防晒霜隔离霜120元,120,CNY,防晒,anchor,2026-08-31,2026-08-31
beauty-en-032,en,beauty,美容个护,Beauty,expense,Sunscreen and primer 120 yuan,120,CNY,Sunscreen,anchor,2026-08-31,2026-08-31
beauty-zh-033,zh,beauty,美容个护,Beauty,expense,香港做facial600HKD,600,HKD,面部护理,anchor,2026-08-31,2026-08-31
beauty-en-033,en,beauty,美容个护,Beauty,expense,HK facial treatment 600 HKD,600,HKD,Facial care,anchor,2026-08-31,2026-08-31
beauty-zh-034,zh,beauty,美容个护,Beauty,expense,卸妆油卸妆水80元,80,CNY,卸妆,anchor,2026-08-31,2026-08-31
beauty-en-034,en,beauty,美容个护,Beauty,expense,Makeup remover oil and water 80 yuan,80,CNY,Makeup remover,anchor,2026-08-31,2026-08-31
beauty-zh-035,zh,beauty,美容个护,Beauty,expense,补水面膜十片装99块,99,CNY,面膜,anchor,2026-08-31,2026-08-31
beauty-en-035,en,beauty,美容个护,Beauty,expense,Hydrating mask 10-pack 99 bucks,99,CNY,Face masks,anchor,2026-08-31,2026-08-31
beauty-zh-036,zh,beauty,美容个护,Beauty,expense,香水淡香300元,300,CNY,香水,anchor,2026-08-31,2026-08-31
beauty-en-036,en,beauty,美容个护,Beauty,expense,Light perfume 300 yuan,300,CNY,Perfume,anchor,2026-08-31,2026-08-31
beauty-zh-037,zh,beauty,美容个护,Beauty,expense,香港买香水500HKD,500,HKD,香水,anchor,2026-08-31,2026-08-31
beauty-en-037,en,beauty,美容个护,Beauty,expense,Bought perfume in HK 500 HKD,500,HKD,Perfume,anchor,2026-08-31,2026-08-31
beauty-zh-038,zh,beauty,美容个护,Beauty,expense,理发吹造型50元,50,CNY,理发造型,anchor,2026-08-31,2026-08-31
beauty-en-038,en,beauty,美容个护,Beauty,expense,Haircut and blow dry styling 50 yuan,50,CNY,Hair styling,anchor,2026-08-31,2026-08-31
beauty-zh-039,zh,beauty,美容个护,Beauty,expense,美甲跳色108块,108,CNY,美甲,anchor,2026-08-31,2026-08-31
beauty-en-039,en,beauty,美容个护,Beauty,expense,Accent nail color manicure 108 bucks,108,CNY,Manicure,anchor,2026-08-31,2026-08-31
beauty-zh-040,zh,beauty,美容个护,Beauty,expense,祛痘印精华280元,280,CNY,祛痘精华,anchor,2026-08-31,2026-08-31
beauty-en-040,en,beauty,美容个护,Beauty,expense,Acne spot treatment serum 280 yuan,280,CNY,Acne serum,anchor,2026-08-31,2026-08-31
beauty-zh-041,zh,beauty,美容个护,Beauty,expense,香港烫头发1000HKD,1000,HKD,烫发,anchor,2026-08-31,2026-08-31
beauty-en-041,en,beauty,美容个护,Beauty,expense,HK hair perm 1000 HKD,1000,HKD,Perm,anchor,2026-08-31,2026-08-31
beauty-zh-042,zh,beauty,美容个护,Beauty,expense,唇釉唇彩89元,89,CNY,唇彩,anchor,2026-08-31,2026-08-31
beauty-en-042,en,beauty,美容个护,Beauty,expense,Lip gloss and lip tint 89 yuan,89,CNY,Lip gloss,anchor,2026-08-31,2026-08-31
beauty-zh-043,zh,beauty,美容个护,Beauty,expense,头发护理焗油150块,150,CNY,焗油,anchor,2026-08-31,2026-08-31
beauty-en-043,en,beauty,美容个护,Beauty,expense,Hair treatment and hot oil 150 bucks,150,CNY,Hot oil treatment,anchor,2026-08-31,2026-08-31
beauty-zh-044,zh,beauty,美容个护,Beauty,expense,洁面仪洗脸仪199元,199,CNY,洁面仪,anchor,2026-08-31,2026-08-31
beauty-en-044,en,beauty,美容个护,Beauty,expense,Facial cleansing device 199 yuan,199,CNY,Cleansing device,anchor,2026-08-31,2026-08-31
beauty-zh-045,zh,beauty,美容个护,Beauty,expense,香港美容卡充值3000HKD,3000,HKD,美容卡,anchor,2026-08-31,2026-08-31
beauty-en-045,en,beauty,美容个护,Beauty,expense,HK beauty card top-up 3000 HKD,3000,HKD,Beauty card,anchor,2026-08-31,2026-08-31
beauty-zh-046,zh,beauty,美容个护,Beauty,expense,发际线粉修容粉60元,60,CNY,修容粉,anchor,2026-08-31,2026-08-31
beauty-en-046,en,beauty,美容个护,Beauty,expense,Hairline powder and contour 60 yuan,60,CNY,Contour powder,anchor,2026-08-31,2026-08-31
beauty-zh-047,zh,beauty,美容个护,Beauty,expense,半永久纹唇1288块,1288,CNY,纹唇,anchor,2026-08-31,2026-08-31
beauty-en-047,en,beauty,美容个护,Beauty,expense,Semi-permanent lip tattoo 1288 bucks,1288,CNY,Lip tattoo,anchor,2026-08-31,2026-08-31
beauty-zh-048,zh,beauty,美容个护,Beauty,expense,爽肤水化妆水120元,120,CNY,爽肤水,anchor,2026-08-31,2026-08-31
beauty-en-048,en,beauty,美容个护,Beauty,expense,Toner and lotion 120 yuan,120,CNY,Toner,anchor,2026-08-31,2026-08-31
beauty-zh-049,zh,beauty,美容个护,Beauty,expense,香港买护肤品1000HKD,1000,HKD,护肤品,anchor,2026-08-31,2026-08-31
beauty-en-049,en,beauty,美容个护,Beauty,expense,Bought skincare in HK 1000 HKD,1000,HKD,Skincare,anchor,2026-08-31,2026-08-31
beauty-zh-050,zh,beauty,美容个护,Beauty,expense,香港做美容700HKD,700,HKD,美容,anchor,2026-08-31,2026-08-31
beauty-en-050,en,beauty,美容个护,Beauty,expense,HK beauty treatment 700 HKD,700,HKD,Beauty treatment,anchor,2026-08-31,2026-08-31
electronics-zh-001,zh,electronics,数码产品,Electronics,expense,昨天买新手机花了5999元,5999,CNY,手机,rel:-1,2026-08-30,2026-08-31
electronics-en-001,en,electronics,数码产品,Electronics,expense,Yesterday bought new phone for 5999 yuan,5999,CNY,Phone,rel:-1,2026-08-30,2026-08-31
electronics-zh-002,zh,electronics,数码产品,Electronics,expense,买无线耳机花了899块,899,CNY,无线耳机,anchor,2026-08-31,2026-08-31
electronics-en-002,en,electronics,数码产品,Electronics,expense,Bought wireless earbuds for 899 bucks,899,CNY,Wireless earbuds,anchor,2026-08-31,2026-08-31
electronics-zh-003,zh,electronics,数码产品,Electronics,expense,买平板花了3299HKD,3299,HKD,平板,anchor,2026-08-31,2026-08-31
electronics-en-003,en,electronics,数码产品,Electronics,expense,Bought tablet for 3299 HKD,3299,HKD,Tablet,anchor,2026-08-31,2026-08-31
electronics-zh-004,zh,electronics,数码产品,Electronics,expense,买键盘鼠标花了299元,299,CNY,键鼠,anchor,2026-08-31,2026-08-31
electronics-en-004,en,electronics,数码产品,Electronics,expense,Bought keyboard and mouse for 299 yuan,299,CNY,Keyboard mouse,anchor,2026-08-31,2026-08-31
electronics-zh-005,zh,electronics,数码产品,Electronics,expense,买相机镜头花了4500块,4500,CNY,相机镜头,anchor,2026-08-31,2026-08-31
electronics-en-005,en,electronics,数码产品,Electronics,expense,Bought camera lens for 4500 bucks,4500,CNY,Camera lens,anchor,2026-08-31,2026-08-31
electronics-zh-006,zh,electronics,数码产品,Electronics,expense,本周三买笔记本电脑花了7999元,7999,CNY,笔记本,weekday:3,2026-09-02,2026-08-31
electronics-en-006,en,electronics,数码产品,Electronics,expense,This Wednesday bought laptop for 7999 yuan,7999,CNY,Laptop,weekday:3,2026-09-02,2026-08-31
electronics-zh-007,zh,electronics,数码产品,Electronics,expense,买智能手表花了1899HKD,1899,HKD,智能手表,anchor,2026-08-31,2026-08-31
electronics-en-007,en,electronics,数码产品,Electronics,expense,Bought smartwatch for 1899 HKD,1899,HKD,Smartwatch,anchor,2026-08-31,2026-08-31
electronics-zh-008,zh,electronics,数码产品,Electronics,expense,买充电宝花了129元,129,CNY,充电宝,anchor,2026-08-31,2026-08-31
electronics-en-008,en,electronics,数码产品,Electronics,expense,Bought power bank for 129 yuan,129,CNY,Power bank,anchor,2026-08-31,2026-08-31
electronics-zh-009,zh,electronics,数码产品,Electronics,expense,海外买相机1500USD,1500,USD,海外相机,anchor,2026-08-31,2026-08-31
electronics-en-009,en,electronics,数码产品,Electronics,expense,Overseas camera 1500 USD,1500,USD,Overseas camera,anchor,2026-08-31,2026-08-31
electronics-zh-010,zh,electronics,数码产品,Electronics,expense,买显示器花了1999块,1999,CNY,显示器,anchor,2026-08-31,2026-08-31
electronics-en-010,en,electronics,数码产品,Electronics,expense,Bought monitor for 1999 bucks,1999,CNY,Monitor,anchor,2026-08-31,2026-08-31
electronics-zh-011,zh,electronics,数码产品,Electronics,expense,8月2日买蓝牙耳机199元,199,CNY,蓝牙耳机,ymd:2026-08-02,2026-08-02,2026-08-31
electronics-en-011,en,electronics,数码产品,Electronics,expense,Aug 2 bought Bluetooth earbuds for 199 yuan,199,CNY,Bluetooth earbuds,ymd:2026-08-02,2026-08-02,2026-08-31
electronics-zh-012,zh,electronics,数码产品,Electronics,expense,买移动硬盘399块,399,CNY,移动硬盘,anchor,2026-08-31,2026-08-31
electronics-en-012,en,electronics,数码产品,Electronics,expense,Bought external hard drive for 399 bucks,399,CNY,External drive,anchor,2026-08-31,2026-08-31
electronics-zh-013,zh,electronics,数码产品,Electronics,expense,香港买电脑8000HKD,8000,HKD,电脑,anchor,2026-08-31,2026-08-31
electronics-en-013,en,electronics,数码产品,Electronics,expense,Bought computer in HK 8000 HKD,8000,HKD,Computer,anchor,2026-08-31,2026-08-31
electronics-zh-014,zh,electronics,数码产品,Electronics,expense,买路由器159元,159,CNY,路由器,anchor,2026-08-31,2026-08-31
electronics-en-014,en,electronics,数码产品,Electronics,expense,Bought router for 159 yuan,159,CNY,Router,anchor,2026-08-31,2026-08-31
electronics-zh-015,zh,electronics,数码产品,Electronics,expense,买投影仪2999块,2999,CNY,投影仪,anchor,2026-08-31,2026-08-31
electronics-en-015,en,electronics,数码产品,Electronics,expense,Bought projector for 2999 bucks,2999,CNY,Projector,anchor,2026-08-31,2026-08-31
electronics-zh-016,zh,electronics,数码产品,Electronics,expense,买游戏机PS5花了3899元,3899,CNY,游戏机,anchor,2026-08-31,2026-08-31
electronics-en-016,en,electronics,数码产品,Electronics,expense,Bought PS5 console for 3899 yuan,3899,CNY,Game console,anchor,2026-08-31,2026-08-31
electronics-zh-017,zh,electronics,数码产品,Electronics,expense,香港买手机6000HKD,6000,HKD,手机,anchor,2026-08-31,2026-08-31
electronics-en-017,en,electronics,数码产品,Electronics,expense,Bought phone in HK 6000 HKD,6000,HKD,Phone,anchor,2026-08-31,2026-08-31
electronics-zh-018,zh,electronics,数码产品,Electronics,expense,买摄像头99元,99,CNY,摄像头,anchor,2026-08-31,2026-08-31
electronics-en-018,en,electronics,数码产品,Electronics,expense,Bought webcam for 99 yuan,99,CNY,Webcam,anchor,2026-08-31,2026-08-31
electronics-zh-019,zh,electronics,数码产品,Electronics,expense,买显卡3090块,3090,CNY,显卡,anchor,2026-08-31,2026-08-31
electronics-en-019,en,electronics,数码产品,Electronics,expense,Bought graphics card for 3090 bucks,3090,CNY,Graphics card,anchor,2026-08-31,2026-08-31
electronics-zh-020,zh,electronics,数码产品,Electronics,expense,买内存条399元,399,CNY,内存条,anchor,2026-08-31,2026-08-31
electronics-en-020,en,electronics,数码产品,Electronics,expense,Bought RAM stick for 399 yuan,399,CNY,RAM,anchor,2026-08-31,2026-08-31
electronics-zh-021,zh,electronics,数码产品,Electronics,expense,本周五香港买耳机1200HKD,1200,HKD,耳机,weekday:5,2026-09-04,2026-08-31
electronics-en-021,en,electronics,数码产品,Electronics,expense,This Friday bought headphones in HK 1200 HKD,1200,HKD,Headphones,weekday:5,2026-09-04,2026-08-31
electronics-zh-022,zh,electronics,数码产品,Electronics,expense,买音箱音响299元,299,CNY,音箱,anchor,2026-08-31,2026-08-31
electronics-en-022,en,electronics,数码产品,Electronics,expense,Bought speaker for 299 yuan,299,CNY,Speaker,anchor,2026-08-31,2026-08-31
electronics-zh-023,zh,electronics,数码产品,Electronics,expense,买散热器89块,89,CNY,散热器,anchor,2026-08-31,2026-08-31
electronics-en-023,en,electronics,数码产品,Electronics,expense,Bought CPU cooler for 89 bucks,89,CNY,CPU cooler,anchor,2026-08-31,2026-08-31
electronics-zh-024,zh,electronics,数码产品,Electronics,expense,买平板支架49元,49,CNY,平板支架,anchor,2026-08-31,2026-08-31
electronics-en-024,en,electronics,数码产品,Electronics,expense,Bought tablet stand for 49 yuan,49,CNY,Tablet stand,anchor,2026-08-31,2026-08-31
electronics-zh-025,zh,electronics,数码产品,Electronics,expense,香港买相机10000HKD,10000,HKD,相机,anchor,2026-08-31,2026-08-31
electronics-en-025,en,electronics,数码产品,Electronics,expense,Bought camera in HK 10000 HKD,10000,HKD,Camera,anchor,2026-08-31,2026-08-31
electronics-zh-026,zh,electronics,数码产品,Electronics,expense,买机械键盘399元,399,CNY,机械键盘,anchor,2026-08-31,2026-08-31
electronics-en-026,en,electronics,数码产品,Electronics,expense,Bought mechanical keyboard for 399 yuan,399,CNY,Mechanical keyboard,anchor,2026-08-31,2026-08-31
electronics-zh-027,zh,electronics,数码产品,Electronics,expense,买鼠标垫29块,29,CNY,鼠标垫,anchor,2026-08-31,2026-08-31
electronics-en-027,en,electronics,数码产品,Electronics,expense,Bought mouse pad for 29 bucks,29,CNY,Mouse pad,anchor,2026-08-31,2026-08-31
electronics-zh-028,zh,electronics,数码产品,Electronics,expense,买U盘64G59元,59,CNY,U盘,anchor,2026-08-31,2026-08-31
electronics-en-028,en,electronics,数码产品,Electronics,expense,Bought 64GB USB drive for 59 yuan,59,CNY,USB drive,anchor,2026-08-31,2026-08-31
electronics-zh-029,zh,electronics,数码产品,Electronics,expense,香港买平板4000HKD,4000,HKD,平板,anchor,2026-08-31,2026-08-31
electronics-en-029,en,electronics,数码产品,Electronics,expense,Bought tablet in HK 4000 HKD,4000,HKD,Tablet,anchor,2026-08-31,2026-08-31
electronics-zh-030,zh,electronics,数码产品,Electronics,expense,买智能手环199元,199,CNY,智能手环,anchor,2026-08-31,2026-08-31
electronics-en-030,en,electronics,数码产品,Electronics,expense,Bought fitness band for 199 yuan,199,CNY,Fitness band,anchor,2026-08-31,2026-08-31
electronics-zh-031,zh,electronics,数码产品,Electronics,expense,买电脑包99块,99,CNY,电脑包,anchor,2026-08-31,2026-08-31
electronics-en-031,en,electronics,数码产品,Electronics,expense,Bought laptop bag for 99 bucks,99,CNY,Laptop bag,anchor,2026-08-31,2026-08-31
electronics-zh-032,zh,electronics,数码产品,Electronics,expense,买固态硬盘299元,299,CNY,固态硬盘,anchor,2026-08-31,2026-08-31
electronics-en-032,en,electronics,数码产品,Electronics,expense,Bought SSD for 299 yuan,299,CNY,SSD,anchor,2026-08-31,2026-08-31
electronics-zh-033,zh,electronics,数码产品,Electronics,expense,香港买显示器2500HKD,2500,HKD,显示器,anchor,2026-08-31,2026-08-31
electronics-en-033,en,electronics,数码产品,Electronics,expense,Bought monitor in HK 2500 HKD,2500,HKD,Monitor,anchor,2026-08-31,2026-08-31
electronics-zh-034,zh,electronics,数码产品,Electronics,expense,买游戏手柄299元,299,CNY,游戏手柄,anchor,2026-08-31,2026-08-31
electronics-en-034,en,electronics,数码产品,Electronics,expense,Bought game controller for 299 yuan,299,CNY,Game controller,anchor,2026-08-31,2026-08-31
electronics-zh-035,zh,electronics,数码产品,Electronics,expense,买数据线充电头50块,50,CNY,数据线,anchor,2026-08-31,2026-08-31
electronics-en-035,en,electronics,数码产品,Electronics,expense,Bought charging cable and adapter 50 bucks,50,CNY,Charging cable,anchor,2026-08-31,2026-08-31
electronics-zh-036,zh,electronics,数码产品,Electronics,expense,买机箱电源399元,399,CNY,机箱电源,anchor,2026-08-31,2026-08-31
electronics-en-036,en,electronics,数码产品,Electronics,expense,Bought PC case and PSU for 399 yuan,399,CNY,Case and PSU,anchor,2026-08-31,2026-08-31
electronics-zh-037,zh,electronics,数码产品,Electronics,expense,香港买游戏机5000HKD,5000,HKD,游戏机,anchor,2026-08-31,2026-08-31
electronics-en-037,en,electronics,数码产品,Electronics,expense,Bought game console in HK 5000 HKD,5000,HKD,Game console,anchor,2026-08-31,2026-08-31
electronics-zh-038,zh,electronics,数码产品,Electronics,expense,买声卡麦克风499元,499,CNY,声卡麦克,anchor,2026-08-31,2026-08-31
electronics-en-038,en,electronics,数码产品,Electronics,expense,Bought sound card and mic for 499 yuan,499,CNY,Sound card mic,anchor,2026-08-31,2026-08-31
electronics-zh-039,zh,electronics,数码产品,Electronics,expense,买电脑支架89块,89,CNY,电脑支架,anchor,2026-08-31,2026-08-31
electronics-en-039,en,electronics,数码产品,Electronics,expense,Bought laptop stand for 89 bucks,89,CNY,Laptop stand,anchor,2026-08-31,2026-08-31
electronics-zh-040,zh,electronics,数码产品,Electronics,expense,买电子书阅读器998元,998,CNY,电子书,anchor,2026-08-31,2026-08-31
electronics-en-040,en,electronics,数码产品,Electronics,expense,Bought e-reader for 998 yuan,998,CNY,E-reader,anchor,2026-08-31,2026-08-31
electronics-zh-041,zh,electronics,数码产品,Electronics,expense,香港买智能手表2000HKD,2000,HKD,智能手表,anchor,2026-08-31,2026-08-31
electronics-en-041,en,electronics,数码产品,Electronics,expense,Bought smartwatch in HK 2000 HKD,2000,HKD,Smartwatch,anchor,2026-08-31,2026-08-31
electronics-zh-042,zh,electronics,数码产品,Electronics,expense,买扩展坞199元,199,CNY,扩展坞,anchor,2026-08-31,2026-08-31
electronics-en-042,en,electronics,数码产品,Electronics,expense,Bought USB-C hub for 199 yuan,199,CNY,USB-C hub,anchor,2026-08-31,2026-08-31
electronics-zh-043,zh,electronics,数码产品,Electronics,expense,买电竞椅999块,999,CNY,电竞椅,anchor,2026-08-31,2026-08-31
electronics-en-043,en,electronics,数码产品,Electronics,expense,Bought gaming chair for 999 bucks,999,CNY,Gaming chair,anchor,2026-08-31,2026-08-31
electronics-zh-044,zh,electronics,数码产品,Electronics,expense,买台灯护眼灯199元,199,CNY,台灯,anchor,2026-08-31,2026-08-31
electronics-en-044,en,electronics,数码产品,Electronics,expense,Bought desk lamp for 199 yuan,199,CNY,Desk lamp,anchor,2026-08-31,2026-08-31
electronics-zh-045,zh,electronics,数码产品,Electronics,expense,香港买电脑配件1500HKD,1500,HKD,电脑配件,anchor,2026-08-31,2026-08-31
electronics-en-045,en,electronics,数码产品,Electronics,expense,Bought PC parts in HK 1500 HKD,1500,HKD,PC parts,anchor,2026-08-31,2026-08-31
electronics-zh-046,zh,electronics,数码产品,Electronics,expense,买拍立得相机899元,899,CNY,拍立得,anchor,2026-08-31,2026-08-31
electronics-en-046,en,electronics,数码产品,Electronics,expense,Bought instant camera for 899 yuan,899,CNY,Instant camera,anchor,2026-08-31,2026-08-31
electronics-zh-047,zh,electronics,数码产品,Electronics,expense,买主机电源399块,399,CNY,主机电源,anchor,2026-08-31,2026-08-31
electronics-en-047,en,electronics,数码产品,Electronics,expense,Bought PC power supply for 399 bucks,399,CNY,Power supply,anchor,2026-08-31,2026-08-31
electronics-zh-048,zh,electronics,数码产品,Electronics,expense,买蓝牙适配器49元,49,CNY,蓝牙适配器,anchor,2026-08-31,2026-08-31
electronics-en-048,en,electronics,数码产品,Electronics,expense,Bought Bluetooth adapter for 49 yuan,49,CNY,Bluetooth adapter,anchor,2026-08-31,2026-08-31
electronics-zh-049,zh,electronics,数码产品,Electronics,expense,香港买无线耳机1000HKD,1000,HKD,无线耳机,anchor,2026-08-31,2026-08-31
electronics-en-049,en,electronics,数码产品,Electronics,expense,Bought wireless earbuds in HK 1000 HKD,1000,HKD,Wireless earbuds,anchor,2026-08-31,2026-08-31
electronics-zh-050,zh,electronics,数码产品,Electronics,expense,香港买充电宝200HKD,200,HKD,充电宝,anchor,2026-08-31,2026-08-31
electronics-en-050,en,electronics,数码产品,Electronics,expense,Bought power bank in HK 200 HKD,200,HKD,Power bank,anchor,2026-08-31,2026-08-31
home_decor-zh-001,zh,home_decor,家居家装,Home and Decor,expense,昨天买沙发花了3500元,3500,CNY,沙发,rel:-1,2026-08-30,2026-08-31
home_decor-en-001,en,home_decor,家居家装,Home and Decor,expense,Yesterday bought sofa for 3500 yuan,3500,CNY,Sofa,rel:-1,2026-08-30,2026-08-31
home_decor-zh-002,zh,home_decor,家居家装,Home and Decor,expense,买窗帘花了800块,800,CNY,窗帘,anchor,2026-08-31,2026-08-31
home_decor-en-002,en,home_decor,家居家装,Home and Decor,expense,Bought curtains for 800 bucks,800,CNY,Curtains,anchor,2026-08-31,2026-08-31
home_decor-zh-003,zh,home_decor,家居家装,Home and Decor,expense,装修人工费花了20000HKD,20000,HKD,装修人工,anchor,2026-08-31,2026-08-31
home_decor-en-003,en,home_decor,家居家装,Home and Decor,expense,Renovation labor cost 20000 HKD,20000,HKD,Renovation labor,anchor,2026-08-31,2026-08-31
home_decor-zh-004,zh,home_decor,家居家装,Home and Decor,expense,买灯具花了600元,600,CNY,灯具,anchor,2026-08-31,2026-08-31
home_decor-en-004,en,home_decor,家居家装,Home and Decor,expense,Bought light fixtures for 600 yuan,600,CNY,Light fixtures,anchor,2026-08-31,2026-08-31
home_decor-zh-005,zh,home_decor,家居家装,Home and Decor,expense,换门锁花了300块,300,CNY,门锁,anchor,2026-08-31,2026-08-31
home_decor-en-005,en,home_decor,家居家装,Home and Decor,expense,Replaced door lock for 300 bucks,300,CNY,Door lock,anchor,2026-08-31,2026-08-31
home_decor-zh-006,zh,home_decor,家居家装,Home and Decor,expense,本周日买衣柜花了2800元,2800,CNY,衣柜,weekday:7,2026-09-06,2026-08-31
home_decor-en-006,en,home_decor,家居家装,Home and Decor,expense,This Sunday bought wardrobe for 2800 yuan,2800,CNY,Wardrobe,weekday:7,2026-09-06,2026-08-31
home_decor-zh-007,zh,home_decor,家居家装,Home and Decor,expense,贴墙纸花了1500HKD,1500,HKD,墙纸,anchor,2026-08-31,2026-08-31
home_decor-en-007,en,home_decor,家居家装,Home and Decor,expense,Wallpaper installation 1500 HKD,1500,HKD,Wallpaper,anchor,2026-08-31,2026-08-31
home_decor-zh-008,zh,home_decor,家居家装,Home and Decor,expense,买地毯花了450元,450,CNY,地毯,anchor,2026-08-31,2026-08-31
home_decor-en-008,en,home_decor,家居家装,Home and Decor,expense,Bought rug for 450 yuan,450,CNY,Rug,anchor,2026-08-31,2026-08-31
home_decor-zh-009,zh,home_decor,家居家装,Home and Decor,expense,海外买家具800USD,800,USD,海外家具,anchor,2026-08-31,2026-08-31
home_decor-en-009,en,home_decor,家居家装,Home and Decor,expense,Overseas furniture 800 USD,800,USD,Overseas furniture,anchor,2026-08-31,2026-08-31
home_decor-zh-010,zh,home_decor,家居家装,Home and Decor,expense,疏通马桶花了120块,120,CNY,疏通,anchor,2026-08-31,2026-08-31
home_decor-en-010,en,home_decor,家居家装,Home and Decor,expense,Toilet unclogging cost 120 bucks,120,CNY,Unclogging,anchor,2026-08-31,2026-08-31
home_decor-zh-011,zh,home_decor,家居家装,Home and Decor,expense,8月25日买餐桌1500元,1500,CNY,餐桌,ymd:2026-08-25,2026-08-25,2026-08-31
home_decor-en-011,en,home_decor,家居家装,Home and Decor,expense,Aug 25 bought dining table for 1500 yuan,1500,CNY,Dining table,ymd:2026-08-25,2026-08-25,2026-08-31
home_decor-zh-012,zh,home_decor,家居家装,Home and Decor,expense,买床加床垫3000块,3000,CNY,床与床垫,anchor,2026-08-31,2026-08-31
home_decor-en-012,en,home_decor,家居家装,Home and Decor,expense,Bed and mattress 3000 bucks,3000,CNY,Bed and mattress,anchor,2026-08-31,2026-08-31
home_decor-zh-013,zh,home_decor,家居家装,Home and Decor,expense,香港装修设计费10000HKD,10000,HKD,设计费,anchor,2026-08-31,2026-08-31
home_decor-en-013,en,home_decor,家居家装,Home and Decor,expense,HK interior design fee 10000 HKD,10000,HKD,Design fee,anchor,2026-08-31,2026-08-31
home_decor-zh-014,zh,home_decor,家居家装,Home and Decor,expense,买茶几电视柜2000元,2000,CNY,茶几电视柜,anchor,2026-08-31,2026-08-31
home_decor-en-014,en,home_decor,家居家装,Home and Decor,expense,Coffee table and TV stand 2000 yuan,2000,CNY,Table and stand,anchor,2026-08-31,2026-08-31
home_decor-zh-015,zh,home_decor,家居家装,Home and Decor,expense,刷墙乳胶漆3000块,3000,CNY,刷墙,anchor,2026-08-31,2026-08-31
home_decor-en-015,en,home_decor,家居家装,Home and Decor,expense,Wall painting and latex paint 3000 bucks,3000,CNY,Wall painting,anchor,2026-08-31,2026-08-31
home_decor-zh-016,zh,home_decor,家居家装,Home and Decor,expense,买鞋柜800元,800,CNY,鞋柜,anchor,2026-08-31,2026-08-31
home_decor-en-016,en,home_decor,家居家装,Home and Decor,expense,Bought shoe cabinet for 800 yuan,800,CNY,Shoe cabinet,anchor,2026-08-31,2026-08-31
home_decor-zh-017,zh,home_decor,家居家装,Home and Decor,expense,香港买家具15000HKD,15000,HKD,家具,anchor,2026-08-31,2026-08-31
home_decor-en-017,en,home_decor,家居家装,Home and Decor,expense,Bought furniture in HK 15000 HKD,15000,HKD,Furniture,anchor,2026-08-31,2026-08-31
home_decor-zh-018,zh,home_decor,家居家装,Home and Decor,expense,买晾衣架300元,300,CNY,晾衣架,anchor,2026-08-31,2026-08-31
home_decor-en-018,en,home_decor,家居家装,Home and Decor,expense,Bought clothes drying rack for 300 yuan,300,CNY,Drying rack,anchor,2026-08-31,2026-08-31
home_decor-zh-019,zh,home_decor,家居家装,Home and Decor,expense,水电改造5000块,5000,CNY,水电改造,anchor,2026-08-31,2026-08-31
home_decor-en-019,en,home_decor,家居家装,Home and Decor,expense,Plumbing and electrical rework 5000 bucks,5000,CNY,Plumbing electrical,anchor,2026-08-31,2026-08-31
home_decor-zh-020,zh,home_decor,家居家装,Home and Decor,expense,买书桌书架1200元,1200,CNY,书桌书架,anchor,2026-08-31,2026-08-31
home_decor-en-020,en,home_decor,家居家装,Home and Decor,expense,Desk and bookshelf 1200 yuan,1200,CNY,Desk bookshelf,anchor,2026-08-31,2026-08-31
home_decor-zh-021,zh,home_decor,家居家装,Home and Decor,expense,8月28日香港定制橱柜20000HKD,20000,HKD,定制橱柜,ymd:2026-08-28,2026-08-28,2026-08-31
home_decor-en-021,en,home_decor,家居家装,Home and Decor,expense,Aug 28 HK custom kitchen cabinets 20000 HKD,20000,HKD,Custom cabinets,ymd:2026-08-28,2026-08-28,2026-08-31
home_decor-zh-022,zh,home_decor,家居家装,Home and Decor,expense,买马桶800元,800,CNY,马桶,anchor,2026-08-31,2026-08-31
home_decor-en-022,en,home_decor,家居家装,Home and Decor,expense,Bought toilet for 800 yuan,800,CNY,Toilet,anchor,2026-08-31,2026-08-31
home_decor-zh-023,zh,home_decor,家居家装,Home and Decor,expense,瓷砖地板8000块,8000,CNY,瓷砖地板,anchor,2026-08-31,2026-08-31
home_decor-en-023,en,home_decor,家居家装,Home and Decor,expense,Floor tiles 8000 bucks,8000,CNY,Floor tiles,anchor,2026-08-31,2026-08-31
home_decor-zh-024,zh,home_decor,家居家装,Home and Decor,expense,买浴霸300元,300,CNY,浴霸,anchor,2026-08-31,2026-08-31
home_decor-en-024,en,home_decor,家居家装,Home and Decor,expense,Bought bathroom heater fan for 300 yuan,300,CNY,Bathroom heater,anchor,2026-08-31,2026-08-31
home_decor-zh-025,zh,home_decor,家居家装,Home and Decor,expense,香港买灯饰3000HKD,3000,HKD,灯饰,anchor,2026-08-31,2026-08-31
home_decor-en-025,en,home_decor,家居家装,Home and Decor,expense,Bought lighting in HK 3000 HKD,3000,HKD,Lighting,anchor,2026-08-31,2026-08-31
home_decor-zh-026,zh,home_decor,家居家装,Home and Decor,expense,买洗衣机2000元,2000,CNY,洗衣机,anchor,2026-08-31,2026-08-31
home_decor-en-026,en,home_decor,家居家装,Home and Decor,expense,Bought washing machine for 2000 yuan,2000,CNY,Washing machine,anchor,2026-08-31,2026-08-31
home_decor-zh-027,zh,home_decor,家居家装,Home and Decor,expense,冰箱双开门3500块,3500,CNY,冰箱,anchor,2026-08-31,2026-08-31
home_decor-en-027,en,home_decor,家居家装,Home and Decor,expense,Double-door fridge 3500 bucks,3500,CNY,Fridge,anchor,2026-08-31,2026-08-31
home_decor-zh-028,zh,home_decor,家居家装,Home and Decor,expense,买油烟机燃气灶2500元,2500,CNY,厨电,anchor,2026-08-31,2026-08-31
home_decor-en-028,en,home_decor,家居家装,Home and Decor,expense,Range hood and gas stove 2500 yuan,2500,CNY,Kitchen appliances,anchor,2026-08-31,2026-08-31
home_decor-zh-029,zh,home_decor,家居家装,Home and Decor,expense,香港买电器8000HKD,8000,HKD,电器,anchor,2026-08-31,2026-08-31
home_decor-en-029,en,home_decor,家居家装,Home and Decor,expense,Bought appliances in HK 8000 HKD,8000,HKD,Appliances,anchor,2026-08-31,2026-08-31
home_decor-zh-030,zh,home_decor,家居家装,Home and Decor,expense,买空调2800元,2800,CNY,空调,anchor,2026-08-31,2026-08-31
home_decor-en-030,en,home_decor,家居家装,Home and Decor,expense,Bought air conditioner for 2800 yuan,2800,CNY,Air conditioner,anchor,2026-08-31,2026-08-31
home_decor-zh-031,zh,home_decor,家居家装,Home and Decor,expense,热水器燃气款1500块,1500,CNY,热水器,anchor,2026-08-31,2026-08-31
home_decor-en-031,en,home_decor,家居家装,Home and Decor,expense,Gas water heater 1500 bucks,1500,CNY,Water heater,anchor,2026-08-31,2026-08-31
home_decor-zh-032,zh,home_decor,家居家装,Home and Decor,expense,买微波炉500元,500,CNY,微波炉,anchor,2026-08-31,2026-08-31
home_decor-en-032,en,home_decor,家居家装,Home and Decor,expense,Bought microwave for 500 yuan,500,CNY,Microwave,anchor,2026-08-31,2026-08-31
home_decor-zh-033,zh,home_decor,家居家装,Home and Decor,expense,香港买沙发10000HKD,10000,HKD,沙发,anchor,2026-08-31,2026-08-31
home_decor-en-033,en,home_decor,家居家装,Home and Decor,expense,Bought sofa in HK 10000 HKD,10000,HKD,Sofa,anchor,2026-08-31,2026-08-31
home_decor-zh-034,zh,home_decor,家居家装,Home and Decor,expense,买吸尘器899元,899,CNY,吸尘器,anchor,2026-08-31,2026-08-31
home_decor-en-034,en,home_decor,家居家装,Home and Decor,expense,Bought vacuum cleaner for 899 yuan,899,CNY,Vacuum cleaner,anchor,2026-08-31,2026-08-31
home_decor-zh-035,zh,home_decor,家居家装,Home and Decor,expense,扫地机器人2599块,2599,CNY,扫地机器人,anchor,2026-08-31,2026-08-31
home_decor-en-035,en,home_decor,家居家装,Home and Decor,expense,Robot vacuum 2599 bucks,2599,CNY,Robot vacuum,anchor,2026-08-31,2026-08-31
home_decor-zh-036,zh,home_decor,家居家装,Home and Decor,expense,买空气净化器1299元,1299,CNY,空气净化器,anchor,2026-08-31,2026-08-31
home_decor-en-036,en,home_decor,家居家装,Home and Decor,expense,Bought air purifier for 1299 yuan,1299,CNY,Air purifier,anchor,2026-08-31,2026-08-31
home_decor-zh-037,zh,home_decor,家居家装,Home and Decor,expense,香港买床品5000HKD,5000,HKD,床品,anchor,2026-08-31,2026-08-31
home_decor-en-037,en,home_decor,家居家装,Home and Decor,expense,Bought bedding in HK 5000 HKD,5000,HKD,Bedding,anchor,2026-08-31,2026-08-31
home_decor-zh-038,zh,home_decor,家居家装,Home and Decor,expense,买电饭煲399元,399,CNY,电饭煲,anchor,2026-08-31,2026-08-31
home_decor-en-038,en,home_decor,家居家装,Home and Decor,expense,Bought rice cooker for 399 yuan,399,CNY,Rice cooker,anchor,2026-08-31,2026-08-31
home_decor-zh-039,zh,home_decor,家居家装,Home and Decor,expense,电压力锅299块,299,CNY,电压力锅,anchor,2026-08-31,2026-08-31
home_decor-en-039,en,home_decor,家居家装,Home and Decor,expense,Electric pressure cooker 299 bucks,299,CNY,Pressure cooker,anchor,2026-08-31,2026-08-31
home_decor-zh-040,zh,home_decor,家居家装,Home and Decor,expense,买净水器1500元,1500,CNY,净水器,anchor,2026-08-31,2026-08-31
home_decor-en-040,en,home_decor,家居家装,Home and Decor,expense,Bought water purifier for 1500 yuan,1500,CNY,Water purifier,anchor,2026-08-31,2026-08-31
home_decor-zh-041,zh,home_decor,家居家装,Home and Decor,expense,香港买家电10000HKD,10000,HKD,家电,anchor,2026-08-31,2026-08-31
home_decor-en-041,en,home_decor,家居家装,Home and Decor,expense,Bought home appliances in HK 10000 HKD,10000,HKD,Home appliances,anchor,2026-08-31,2026-08-31
home_decor-zh-042,zh,home_decor,家居家装,Home and Decor,expense,买加湿器199元,199,CNY,加湿器,anchor,2026-08-31,2026-08-31
home_decor-en-042,en,home_decor,家居家装,Home and Decor,expense,Bought humidifier for 199 yuan,199,CNY,Humidifier,anchor,2026-08-31,2026-08-31
home_decor-zh-043,zh,home_decor,家居家装,Home and Decor,expense,挂烫机299块,299,CNY,挂烫机,anchor,2026-08-31,2026-08-31
home_decor-en-043,en,home_decor,家居家装,Home and Decor,expense,Garment steamer 299 bucks,299,CNY,Garment steamer,anchor,2026-08-31,2026-08-31
home_decor-zh-044,zh,home_decor,家居家装,Home and Decor,expense,买指纹锁1299元,1299,CNY,指纹锁,anchor,2026-08-31,2026-08-31
home_decor-en-044,en,home_decor,家居家装,Home and Decor,expense,Bought fingerprint lock for 1299 yuan,1299,CNY,Fingerprint lock,anchor,2026-08-31,2026-08-31
home_decor-zh-045,zh,home_decor,家居家装,Home and Decor,expense,香港定制衣柜15000HKD,15000,HKD,定制衣柜,anchor,2026-08-31,2026-08-31
home_decor-en-045,en,home_decor,家居家装,Home and Decor,expense,HK custom wardrobe 15000 HKD,15000,HKD,Custom wardrobe,anchor,2026-08-31,2026-08-31
home_decor-zh-046,zh,home_decor,家居家装,Home and Decor,expense,买破壁机499元,499,CNY,破壁机,anchor,2026-08-31,2026-08-31
home_decor-en-046,en,home_decor,家居家装,Home and Decor,expense,Bought blender for 499 yuan,499,CNY,Blender,anchor,2026-08-31,2026-08-31
home_decor-zh-047,zh,home_decor,家居家装,Home and Decor,expense,投影仪幕布300块,300,CNY,幕布,anchor,2026-08-31,2026-08-31
home_decor-en-047,en,home_decor,家居家装,Home and Decor,expense,Projector screen 300 bucks,300,CNY,Projector screen,anchor,2026-08-31,2026-08-31
home_decor-zh-048,zh,home_decor,家居家装,Home and Decor,expense,买装饰画299元,299,CNY,装饰画,anchor,2026-08-31,2026-08-31
home_decor-en-048,en,home_decor,家居家装,Home and Decor,expense,Bought wall art for 299 yuan,299,CNY,Wall art,anchor,2026-08-31,2026-08-31
home_decor-zh-049,zh,home_decor,家居家装,Home and Decor,expense,香港装修材料5000HKD,5000,HKD,装修材料,anchor,2026-08-31,2026-08-31
home_decor-en-049,en,home_decor,家居家装,Home and Decor,expense,HK renovation materials 5000 HKD,5000,HKD,Renovation materials,anchor,2026-08-31,2026-08-31
home_decor-zh-050,zh,home_decor,家居家装,Home and Decor,expense,香港买窗帘1200HKD,1200,HKD,窗帘,anchor,2026-08-31,2026-08-31
home_decor-en-050,en,home_decor,家居家装,Home and Decor,expense,Bought curtains in HK 1200 HKD,1200,HKD,Curtains,anchor,2026-08-31,2026-08-31
insurance-zh-001,zh,insurance,保险缴费,Insurance,expense,重疾险年交6000元,6000,CNY,重疾险,anchor,2026-08-31,2026-08-31
insurance-en-001,en,insurance,保险缴费,Insurance,expense,paid 6000 yuan annual critical illness insurance premium,6000,CNY,critical illness insurance,anchor,2026-08-31,2026-08-31
insurance-zh-002,zh,insurance,保险缴费,Insurance,expense,昨天车险花了3500块,3500,CNY,车险,rel:-1,2026-08-30,2026-08-31
insurance-en-002,en,insurance,保险缴费,Insurance,expense,yesterday car insurance cost 3500 bucks,3500,CNY,car insurance,rel:-1,2026-08-30,2026-08-31
insurance-zh-003,zh,insurance,保险缴费,Insurance,expense,本周一医疗险每月扣300HKD,300,HKD,医疗险,weekday:1,2026-08-31,2026-08-31
insurance-en-003,en,insurance,保险缴费,Insurance,expense,this Monday medical insurance monthly deduction 300 HKD,300,HKD,medical insurance,weekday:1,2026-08-31,2026-08-31
insurance-zh-004,zh,insurance,保险缴费,Insurance,expense,8月1日意外险年费199元,199,CNY,意外险,ymd:2026-08-01,2026-08-01,2026-08-31
insurance-en-004,en,insurance,保险缴费,Insurance,expense,Aug 1 accident insurance annual fee 199 yuan,199,CNY,accident insurance,ymd:2026-08-01,2026-08-01,2026-08-31
insurance-zh-005,zh,insurance,保险缴费,Insurance,expense,寿险年交8000块,8000,CNY,寿险,anchor,2026-08-31,2026-08-31
insurance-en-005,en,insurance,保险缴费,Insurance,expense,life insurance annual premium 8000 bucks,8000,CNY,life insurance,anchor,2026-08-31,2026-08-31
insurance-zh-006,zh,insurance,保险缴费,Insurance,expense,家财险花了299元,299,CNY,家财险,anchor,2026-08-31,2026-08-31
insurance-en-006,en,insurance,保险缴费,Insurance,expense,home property insurance cost 299 yuan,299,CNY,home property insurance,anchor,2026-08-31,2026-08-31
insurance-zh-007,zh,insurance,保险缴费,Insurance,expense,香港保险年交12000HKD,12000,HKD,香港保险,anchor,2026-08-31,2026-08-31
insurance-en-007,en,insurance,保险缴费,Insurance,expense,Hong Kong insurance annual premium 12000 HKD,12000,HKD,Hong Kong insurance,anchor,2026-08-31,2026-08-31
insurance-zh-008,zh,insurance,保险缴费,Insurance,expense,今天明天社保个人部分都扣了500元,500,CNY,社保,"rel:0,1",2026-08-31|2026-09-01,2026-08-31
insurance-en-008,en,insurance,保险缴费,Insurance,expense,today and tomorrow social insurance personal share deducted 500 yuan,500,CNY,social insurance,"rel:0,1",2026-08-31|2026-09-01,2026-08-31
insurance-zh-009,zh,insurance,保险缴费,Insurance,expense,海外医疗险500USD,500,USD,海外医疗险,anchor,2026-08-31,2026-08-31
insurance-en-009,en,insurance,保险缴费,Insurance,expense,overseas medical insurance 500 USD,500,USD,overseas medical insurance,anchor,2026-08-31,2026-08-31
insurance-zh-010,zh,insurance,保险缴费,Insurance,expense,宠物险花了365块,365,CNY,宠物险,anchor,2026-08-31,2026-08-31
insurance-en-010,en,insurance,保险缴费,Insurance,expense,pet insurance cost 365 bucks,365,CNY,pet insurance,anchor,2026-08-31,2026-08-31
insurance-zh-011,zh,insurance,保险缴费,Insurance,expense,养老保险每年交8000元,8000,CNY,养老险,anchor,2026-08-31,2026-08-31
insurance-en-011,en,insurance,保险缴费,Insurance,expense,pension insurance annual premium 8000 yuan,8000,CNY,pension insurance,anchor,2026-08-31,2026-08-31
insurance-zh-012,zh,insurance,保险缴费,Insurance,expense,交强险950块,950,CNY,交强险,anchor,2026-08-31,2026-08-31
insurance-en-012,en,insurance,保险缴费,Insurance,expense,compulsory traffic insurance 950 bucks,950,CNY,compulsory traffic insurance,anchor,2026-08-31,2026-08-31
insurance-zh-013,zh,insurance,保险缴费,Insurance,expense,香港重疾险年交15000HKD,15000,HKD,香港重疾险,anchor,2026-08-31,2026-08-31
insurance-en-013,en,insurance,保险缴费,Insurance,expense,Hong Kong critical illness insurance annual premium 15000 HKD,15000,HKD,Hong Kong critical illness insurance,anchor,2026-08-31,2026-08-31
insurance-zh-014,zh,insurance,保险缴费,Insurance,expense,失业保险每月扣50元,50,CNY,失业保险,anchor,2026-08-31,2026-08-31
insurance-en-014,en,insurance,保险缴费,Insurance,expense,unemployment insurance monthly deduction 50 yuan,50,CNY,unemployment insurance,anchor,2026-08-31,2026-08-31
insurance-zh-015,zh,insurance,保险缴费,Insurance,expense,学平险每年100块,100,CNY,学平险,anchor,2026-08-31,2026-08-31
insurance-en-015,en,insurance,保险缴费,Insurance,expense,student accident insurance 100 bucks per year,100,CNY,student accident insurance,anchor,2026-08-31,2026-08-31
insurance-zh-016,zh,insurance,保险缴费,Insurance,expense,百万医疗险每年300元,300,CNY,百万医疗,anchor,2026-08-31,2026-08-31
insurance-en-016,en,insurance,保险缴费,Insurance,expense,million-yuan medical insurance 300 yuan per year,300,CNY,million-yuan medical,anchor,2026-08-31,2026-08-31
insurance-zh-017,zh,insurance,保险缴费,Insurance,expense,香港住院医疗险年交5000HKD,5000,HKD,住院医疗险,anchor,2026-08-31,2026-08-31
insurance-en-017,en,insurance,保险缴费,Insurance,expense,Hong Kong inpatient medical insurance annual premium 5000 HKD,5000,HKD,inpatient medical insurance,anchor,2026-08-31,2026-08-31
insurance-zh-018,zh,insurance,保险缴费,Insurance,expense,工伤保险个人缴纳花了280元,280,CNY,工伤险,anchor,2026-08-31,2026-08-31
insurance-en-018,en,insurance,保险缴费,Insurance,expense,work injury insurance personal contribution cost 280 yuan,280,CNY,work injury insurance,anchor,2026-08-31,2026-08-31
insurance-zh-019,zh,insurance,保险缴费,Insurance,expense,车险三者险200万1200块,1200,CNY,三者险,anchor,2026-08-31,2026-08-31
insurance-en-019,en,insurance,保险缴费,Insurance,expense,car third-party liability insurance 1200 bucks,1200,CNY,third-party liability,anchor,2026-08-31,2026-08-31
insurance-zh-020,zh,insurance,保险缴费,Insurance,expense,年金险年交20000元,20000,CNY,年金险,anchor,2026-08-31,2026-08-31
insurance-en-020,en,insurance,保险缴费,Insurance,expense,annuity insurance annual premium 20000 yuan,20000,CNY,annuity insurance,anchor,2026-08-31,2026-08-31
insurance-zh-021,zh,insurance,保险缴费,Insurance,expense,香港储蓄险年交30000HKD,30000,HKD,储蓄险,anchor,2026-08-31,2026-08-31
insurance-en-021,en,insurance,保险缴费,Insurance,expense,Hong Kong savings insurance annual premium 30000 HKD,30000,HKD,savings insurance,anchor,2026-08-31,2026-08-31
insurance-zh-022,zh,insurance,保险缴费,Insurance,expense,生育保险每月扣10元,10,CNY,生育险,anchor,2026-08-31,2026-08-31
insurance-en-022,en,insurance,保险缴费,Insurance,expense,maternity insurance monthly deduction 10 yuan,10,CNY,maternity insurance,anchor,2026-08-31,2026-08-31
insurance-zh-023,zh,insurance,保险缴费,Insurance,expense,车险车损险1800块,1800,CNY,车损险,anchor,2026-08-31,2026-08-31
insurance-en-023,en,insurance,保险缴费,Insurance,expense,car damage insurance 1800 bucks,1800,CNY,car damage insurance,anchor,2026-08-31,2026-08-31
insurance-zh-024,zh,insurance,保险缴费,Insurance,expense,防癌险每年500元,500,CNY,防癌险,anchor,2026-08-31,2026-08-31
insurance-en-024,en,insurance,保险缴费,Insurance,expense,cancer insurance 500 yuan per year,500,CNY,cancer insurance,anchor,2026-08-31,2026-08-31
insurance-zh-025,zh,insurance,保险缴费,Insurance,expense,香港意外险年交500HKD,500,HKD,香港意外险,anchor,2026-08-31,2026-08-31
insurance-en-025,en,insurance,保险缴费,Insurance,expense,Hong Kong accident insurance annual premium 500 HKD,500,HKD,Hong Kong accident insurance,anchor,2026-08-31,2026-08-31
insurance-zh-026,zh,insurance,保险缴费,Insurance,expense,城乡居民医保年交380元,380,CNY,居民医保,anchor,2026-08-31,2026-08-31
insurance-en-026,en,insurance,保险缴费,Insurance,expense,urban-rural resident medical insurance 380 yuan per year,380,CNY,resident medical insurance,anchor,2026-08-31,2026-08-31
insurance-zh-027,zh,insurance,保险缴费,Insurance,expense,终身寿险年交10000块,10000,CNY,终身寿险,anchor,2026-08-31,2026-08-31
insurance-en-027,en,insurance,保险缴费,Insurance,expense,whole life insurance annual premium 10000 bucks,10000,CNY,whole life insurance,anchor,2026-08-31,2026-08-31
insurance-zh-028,zh,insurance,保险缴费,Insurance,expense,财产险每年800元,800,CNY,财产险,anchor,2026-08-31,2026-08-31
insurance-en-028,en,insurance,保险缴费,Insurance,expense,property insurance 800 yuan per year,800,CNY,property insurance,anchor,2026-08-31,2026-08-31
insurance-zh-029,zh,insurance,保险缴费,Insurance,expense,香港人寿险年交20000HKD,20000,HKD,香港人寿险,anchor,2026-08-31,2026-08-31
insurance-en-029,en,insurance,保险缴费,Insurance,expense,Hong Kong life insurance annual premium 20000 HKD,20000,HKD,Hong Kong life insurance,anchor,2026-08-31,2026-08-31
insurance-zh-030,zh,insurance,保险缴费,Insurance,expense,大病医疗互助金每年60元,60,CNY,大病互助,anchor,2026-08-31,2026-08-31
insurance-en-030,en,insurance,保险缴费,Insurance,expense,critical illness mutual aid fund 60 yuan per year,60,CNY,critical illness mutual aid,anchor,2026-08-31,2026-08-31
insurance-zh-031,zh,insurance,保险缴费,Insurance,expense,座位险每座100块,100,CNY,座位险,anchor,2026-08-31,2026-08-31
insurance-en-031,en,insurance,保险缴费,Insurance,expense,seat insurance 100 bucks per seat,100,CNY,seat insurance,anchor,2026-08-31,2026-08-31
insurance-zh-032,zh,insurance,保险缴费,Insurance,expense,少儿重疾险每年800元,800,CNY,少儿重疾险,anchor,2026-08-31,2026-08-31
insurance-en-032,en,insurance,保险缴费,Insurance,expense,child critical illness insurance 800 yuan per year,800,CNY,child critical illness insurance,anchor,2026-08-31,2026-08-31
insurance-zh-033,zh,insurance,保险缴费,Insurance,expense,香港医疗保险每月500HKD,500,HKD,香港医疗险,anchor,2026-08-31,2026-08-31
insurance-en-033,en,insurance,保险缴费,Insurance,expense,Hong Kong medical insurance 500 HKD monthly,500,HKD,Hong Kong medical insurance,anchor,2026-08-31,2026-08-31
insurance-zh-034,zh,insurance,保险缴费,Insurance,expense,补充医疗险每年200元,200,CNY,补充医疗,anchor,2026-08-31,2026-08-31
insurance-en-034,en,insurance,保险缴费,Insurance,expense,supplementary medical insurance 200 yuan per year,200,CNY,supplementary medical,anchor,2026-08-31,2026-08-31
insurance-zh-035,zh,insurance,保险缴费,Insurance,expense,盗抢险每年300块,300,CNY,盗抢险,anchor,2026-08-31,2026-08-31
insurance-en-035,en,insurance,保险缴费,Insurance,expense,theft insurance 300 bucks per year,300,CNY,theft insurance,anchor,2026-08-31,2026-08-31
insurance-zh-036,zh,insurance,保险缴费,Insurance,expense,老人意外险每年200元,200,CNY,老人意外险,anchor,2026-08-31,2026-08-31
insurance-en-036,en,insurance,保险缴费,Insurance,expense,senior accident insurance 200 yuan per year,200,CNY,senior accident insurance,anchor,2026-08-31,2026-08-31
insurance-zh-037,zh,insurance,保险缴费,Insurance,expense,香港旅游险单次100HKD,100,HKD,旅游险,anchor,2026-08-31,2026-08-31
insurance-en-037,en,insurance,保险缴费,Insurance,expense,Hong Kong travel insurance single trip 100 HKD,100,HKD,travel insurance,anchor,2026-08-31,2026-08-31
insurance-zh-038,zh,insurance,保险缴费,Insurance,expense,惠民保每年69元,69,CNY,惠民保,anchor,2026-08-31,2026-08-31
insurance-en-038,en,insurance,保险缴费,Insurance,expense,Huiminbao insurance 69 yuan per year,69,CNY,Huiminbao,anchor,2026-08-31,2026-08-31
insurance-zh-039,zh,insurance,保险缴费,Insurance,expense,涉水险每年150块,150,CNY,涉水险,anchor,2026-08-31,2026-08-31
insurance-en-039,en,insurance,保险缴费,Insurance,expense,water damage insurance 150 bucks per year,150,CNY,water damage insurance,anchor,2026-08-31,2026-08-31
insurance-zh-040,zh,insurance,保险缴费,Insurance,expense,女性专属险每年300元,300,CNY,女性险,anchor,2026-08-31,2026-08-31
insurance-en-040,en,insurance,保险缴费,Insurance,expense,women-only insurance 300 yuan per year,300,CNY,women-only insurance,anchor,2026-08-31,2026-08-31
insurance-zh-041,zh,insurance,保险缴费,Insurance,expense,香港劳工险每月300HKD,300,HKD,劳工险,anchor,2026-08-31,2026-08-31
insurance-en-041,en,insurance,保险缴费,Insurance,expense,Hong Kong employee insurance 300 HKD monthly,300,HKD,employee insurance,anchor,2026-08-31,2026-08-31
insurance-zh-042,zh,insurance,保险缴费,Insurance,expense,商业医保每年1500元,1500,CNY,商业医保,anchor,2026-08-31,2026-08-31
insurance-en-042,en,insurance,保险缴费,Insurance,expense,commercial medical insurance 1500 yuan per year,1500,CNY,commercial medical insurance,anchor,2026-08-31,2026-08-31
insurance-zh-043,zh,insurance,保险缴费,Insurance,expense,自燃险每年100块,100,CNY,自燃险,anchor,2026-08-31,2026-08-31
insurance-en-043,en,insurance,保险缴费,Insurance,expense,spontaneous combustion insurance 100 bucks per year,100,CNY,spontaneous combustion insurance,anchor,2026-08-31,2026-08-31
insurance-zh-044,zh,insurance,保险缴费,Insurance,expense,教育金保险年交5000元,5000,CNY,教育金险,anchor,2026-08-31,2026-08-31
insurance-en-044,en,insurance,保险缴费,Insurance,expense,education fund insurance annual premium 5000 yuan,5000,CNY,education fund insurance,anchor,2026-08-31,2026-08-31
insurance-zh-045,zh,insurance,保险缴费,Insurance,expense,香港家居险每年800HKD,800,HKD,家居险,anchor,2026-08-31,2026-08-31
insurance-en-045,en,insurance,保险缴费,Insurance,expense,Hong Kong home insurance 800 HKD per year,800,HKD,home insurance,anchor,2026-08-31,2026-08-31
insurance-zh-046,zh,insurance,保险缴费,Insurance,expense,社保补缴1200元,1200,CNY,社保补缴,anchor,2026-08-31,2026-08-31
insurance-en-046,en,insurance,保险缴费,Insurance,expense,social insurance back payment 1200 yuan,1200,CNY,social insurance back payment,anchor,2026-08-31,2026-08-31
insurance-zh-047,zh,insurance,保险缴费,Insurance,expense,不计免赔险每年200块,200,CNY,不计免赔,anchor,2026-08-31,2026-08-31
insurance-en-047,en,insurance,保险缴费,Insurance,expense,deductible waiver insurance 200 bucks per year,200,CNY,deductible waiver,anchor,2026-08-31,2026-08-31
insurance-zh-048,zh,insurance,保险缴费,Insurance,expense,牙齿保险每年500元,500,CNY,牙齿险,anchor,2026-08-31,2026-08-31
insurance-en-048,en,insurance,保险缴费,Insurance,expense,dental insurance 500 yuan per year,500,CNY,dental insurance,anchor,2026-08-31,2026-08-31
insurance-zh-049,zh,insurance,保险缴费,Insurance,expense,香港保费自动扣款8000HKD,8000,HKD,自动扣款,anchor,2026-08-31,2026-08-31
insurance-en-049,en,insurance,保险缴费,Insurance,expense,Hong Kong premium auto-deducted 8000 HKD,8000,HKD,auto deduction,anchor,2026-08-31,2026-08-31
insurance-zh-050,zh,insurance,保险缴费,Insurance,expense,香港车险年交6000HKD,6000,HKD,车险,anchor,2026-08-31,2026-08-31
insurance-en-050,en,insurance,保险缴费,Insurance,expense,Hong Kong car insurance annual premium 6000 HKD,6000,HKD,car insurance,anchor,2026-08-31,2026-08-31
loan_repay-zh-001,zh,loan_repay,还贷支出,Loan Repayment,expense,昨天房贷月供5000元,5000,CNY,房贷,rel:-1,2026-08-30,2026-08-31
loan_repay-en-001,en,loan_repay,还贷支出,Loan Repayment,expense,yesterday mortgage monthly payment 5000 yuan,5000,CNY,mortgage,rel:-1,2026-08-30,2026-08-31
loan_repay-zh-002,zh,loan_repay,还贷支出,Loan Repayment,expense,车贷每月还2000块,2000,CNY,车贷,anchor,2026-08-31,2026-08-31
loan_repay-en-002,en,loan_repay,还贷支出,Loan Repayment,expense,car loan monthly payment 2000 bucks,2000,CNY,car loan,anchor,2026-08-31,2026-08-31
loan_repay-zh-003,zh,loan_repay,还贷支出,Loan Repayment,expense,信用卡还款花了8000HKD,8000,HKD,信用卡,anchor,2026-08-31,2026-08-31
loan_repay-en-003,en,loan_repay,还贷支出,Loan Repayment,expense,credit card repayment cost 8000 HKD,8000,HKD,credit card,anchor,2026-08-31,2026-08-31
loan_repay-zh-004,zh,loan_repay,还贷支出,Loan Repayment,expense,花呗还款花了1500元,1500,CNY,花呗,anchor,2026-08-31,2026-08-31
loan_repay-en-004,en,loan_repay,还贷支出,Loan Repayment,expense,Huabei repayment cost 1500 yuan,1500,CNY,Huabei,anchor,2026-08-31,2026-08-31
loan_repay-zh-005,zh,loan_repay,还贷支出,Loan Repayment,expense,借呗还款花了3000块,3000,CNY,借呗,anchor,2026-08-31,2026-08-31
loan_repay-en-005,en,loan_repay,还贷支出,Loan Repayment,expense,Jiebei repayment cost 3000 bucks,3000,CNY,Jiebei,anchor,2026-08-31,2026-08-31
loan_repay-zh-006,zh,loan_repay,还贷支出,Loan Repayment,expense,本周三经营贷月供12000元,12000,CNY,经营贷,weekday:3,2026-09-02,2026-08-31
loan_repay-en-006,en,loan_repay,还贷支出,Loan Repayment,expense,this Wednesday business loan monthly payment 12000 yuan,12000,CNY,business loan,weekday:3,2026-09-02,2026-08-31
loan_repay-zh-007,zh,loan_repay,还贷支出,Loan Repayment,expense,香港房贷月供15000HKD,15000,HKD,香港房贷,anchor,2026-08-31,2026-08-31
loan_repay-en-007,en,loan_repay,还贷支出,Loan Repayment,expense,Hong Kong mortgage monthly payment 15000 HKD,15000,HKD,Hong Kong mortgage,anchor,2026-08-31,2026-08-31
loan_repay-zh-008,zh,loan_repay,还贷支出,Loan Repayment,expense,京东白条还款花了800元,800,CNY,白条,anchor,2026-08-31,2026-08-31
loan_repay-en-008,en,loan_repay,还贷支出,Loan Repayment,expense,JD Baitiao repayment cost 800 yuan,800,CNY,Baitiao,anchor,2026-08-31,2026-08-31
loan_repay-zh-009,zh,loan_repay,还贷支出,Loan Repayment,expense,海外贷款月供2000USD,2000,USD,海外贷款,anchor,2026-08-31,2026-08-31
loan_repay-en-009,en,loan_repay,还贷支出,Loan Repayment,expense,overseas loan monthly payment 2000 USD,2000,USD,overseas loan,anchor,2026-08-31,2026-08-31
loan_repay-zh-010,zh,loan_repay,还贷支出,Loan Repayment,expense,助学贷款还款花了1200块,1200,CNY,助学贷款,anchor,2026-08-31,2026-08-31
loan_repay-en-010,en,loan_repay,还贷支出,Loan Repayment,expense,student loan repayment cost 1200 bucks,1200,CNY,student loan,anchor,2026-08-31,2026-08-31
loan_repay-zh-011,zh,loan_repay,还贷支出,Loan Repayment,expense,8月9日商贷月供8000元,8000,CNY,商业贷款,ymd:2026-08-09,2026-08-09,2026-08-31
loan_repay-en-011,en,loan_repay,还贷支出,Loan Repayment,expense,Aug 9 commercial loan monthly payment 8000 yuan,8000,CNY,commercial loan,ymd:2026-08-09,2026-08-09,2026-08-31
loan_repay-zh-012,zh,loan_repay,还贷支出,Loan Repayment,expense,公积金贷款每月3000块,3000,CNY,公积金贷款,anchor,2026-08-31,2026-08-31
loan_repay-en-012,en,loan_repay,还贷支出,Loan Repayment,expense,housing provident fund loan 3000 bucks monthly,3000,CNY,housing provident fund loan,anchor,2026-08-31,2026-08-31
loan_repay-zh-013,zh,loan_repay,还贷支出,Loan Repayment,expense,香港私楼月供20000HKD,20000,HKD,香港私楼,anchor,2026-08-31,2026-08-31
loan_repay-en-013,en,loan_repay,还贷支出,Loan Repayment,expense,Hong Kong private housing monthly payment 20000 HKD,20000,HKD,Hong Kong private housing,anchor,2026-08-31,2026-08-31
loan_repay-zh-014,zh,loan_repay,还贷支出,Loan Repayment,expense,消费贷月供1500元,1500,CNY,消费贷,anchor,2026-08-31,2026-08-31
loan_repay-en-014,en,loan_repay,还贷支出,Loan Repayment,expense,consumer loan monthly payment 1500 yuan,1500,CNY,consumer loan,anchor,2026-08-31,2026-08-31
loan_repay-zh-015,zh,loan_repay,还贷支出,Loan Repayment,expense,装修贷每月还2000块,2000,CNY,装修贷,anchor,2026-08-31,2026-08-31
loan_repay-en-015,en,loan_repay,还贷支出,Loan Repayment,expense,renovation loan monthly payment 2000 bucks,2000,CNY,renovation loan,anchor,2026-08-31,2026-08-31
loan_repay-zh-016,zh,loan_repay,还贷支出,Loan Repayment,expense,抵押贷月供10000元,10000,CNY,抵押贷,anchor,2026-08-31,2026-08-31
loan_repay-en-016,en,loan_repay,还贷支出,Loan Repayment,expense,mortgage loan monthly payment 10000 yuan,10000,CNY,mortgage loan,anchor,2026-08-31,2026-08-31
loan_repay-zh-017,zh,loan_repay,还贷支出,Loan Repayment,expense,香港车贷月供5000HKD,5000,HKD,香港车贷,anchor,2026-08-31,2026-08-31
loan_repay-en-017,en,loan_repay,还贷支出,Loan Repayment,expense,Hong Kong car loan monthly payment 5000 HKD,5000,HKD,Hong Kong car loan,anchor,2026-08-31,2026-08-31
loan_repay-zh-018,zh,loan_repay,还贷支出,Loan Repayment,expense,微粒贷还款800元,800,CNY,微粒贷,anchor,2026-08-31,2026-08-31
loan_repay-en-018,en,loan_repay,还贷支出,Loan Repayment,expense,Weilidai repayment 800 yuan,800,CNY,Weilidai,anchor,2026-08-31,2026-08-31
loan_repay-zh-019,zh,loan_repay,还贷支出,Loan Repayment,expense,360借条还款1000块,1000,CNY,借条,anchor,2026-08-31,2026-08-31
loan_repay-en-019,en,loan_repay,还贷支出,Loan Repayment,expense,360 Jietiao repayment 1000 bucks,1000,CNY,Jietiao,anchor,2026-08-31,2026-08-31
loan_repay-zh-020,zh,loan_repay,还贷支出,Loan Repayment,expense,房贷提前还款100000元,100000,CNY,提前还贷,anchor,2026-08-31,2026-08-31
loan_repay-en-020,en,loan_repay,还贷支出,Loan Repayment,expense,mortgage early repayment 100000 yuan,100000,CNY,early mortgage repayment,anchor,2026-08-31,2026-08-31
loan_repay-zh-021,zh,loan_repay,还贷支出,Loan Repayment,expense,今天明天香港信用卡还款都10000HKD,10000,HKD,信用卡,"rel:0,1",2026-08-31|2026-09-01,2026-08-31
loan_repay-en-021,en,loan_repay,还贷支出,Loan Repayment,expense,today and tomorrow Hong Kong credit card repayment 10000 HKD each,10000,HKD,credit card,"rel:0,1",2026-08-31|2026-09-01,2026-08-31
loan_repay-zh-022,zh,loan_repay,还贷支出,Loan Repayment,expense,车贷提前还款20000元,20000,CNY,提前还车贷,anchor,2026-08-31,2026-08-31
loan_repay-en-022,en,loan_repay,还贷支出,Loan Repayment,expense,car loan early repayment 20000 yuan,20000,CNY,early car loan repayment,anchor,2026-08-31,2026-08-31
loan_repay-zh-023,zh,loan_repay,还贷支出,Loan Repayment,expense,美团生活费还款500块,500,CNY,生活费贷款,anchor,2026-08-31,2026-08-31
loan_repay-en-023,en,loan_repay,还贷支出,Loan Repayment,expense,Meituan living expense loan repayment 500 bucks,500,CNY,living expense loan,anchor,2026-08-31,2026-08-31
loan_repay-zh-024,zh,loan_repay,还贷支出,Loan Repayment,expense,房贷利息每月2000元,2000,CNY,房贷利息,anchor,2026-08-31,2026-08-31
loan_repay-en-024,en,loan_repay,还贷支出,Loan Repayment,expense,mortgage interest 2000 yuan monthly,2000,CNY,mortgage interest,anchor,2026-08-31,2026-08-31
loan_repay-zh-025,zh,loan_repay,还贷支出,Loan Repayment,expense,香港税务贷款月供8000HKD,8000,HKD,税务贷款,anchor,2026-08-31,2026-08-31
loan_repay-en-025,en,loan_repay,还贷支出,Loan Repayment,expense,Hong Kong tax loan monthly payment 8000 HKD,8000,HKD,tax loan,anchor,2026-08-31,2026-08-31
loan_repay-zh-026,zh,loan_repay,还贷支出,Loan Repayment,expense,信用卡分期每月还500元,500,CNY,信用卡分期,anchor,2026-08-31,2026-08-31
loan_repay-en-026,en,loan_repay,还贷支出,Loan Repayment,expense,credit card installment monthly payment 500 yuan,500,CNY,credit card installment,anchor,2026-08-31,2026-08-31
loan_repay-zh-027,zh,loan_repay,还贷支出,Loan Repayment,expense,网贷还款1500块,1500,CNY,网贷,anchor,2026-08-31,2026-08-31
loan_repay-en-027,en,loan_repay,还贷支出,Loan Repayment,expense,online loan repayment 1500 bucks,1500,CNY,online loan,anchor,2026-08-31,2026-08-31
loan_repay-zh-028,zh,loan_repay,还贷支出,Loan Repayment,expense,组合贷月供6000元,6000,CNY,组合贷,anchor,2026-08-31,2026-08-31
loan_repay-en-028,en,loan_repay,还贷支出,Loan Repayment,expense,combined loan monthly payment 6000 yuan,6000,CNY,combined loan,anchor,2026-08-31,2026-08-31
loan_repay-zh-029,zh,loan_repay,还贷支出,Loan Repayment,expense,香港分期贷款每月3000HKD,3000,HKD,分期贷款,anchor,2026-08-31,2026-08-31
loan_repay-en-029,en,loan_repay,还贷支出,Loan Repayment,expense,Hong Kong installment loan 3000 HKD monthly,3000,HKD,installment loan,anchor,2026-08-31,2026-08-31
loan_repay-zh-030,zh,loan_repay,还贷支出,Loan Repayment,expense,房贷本金加利息每月5500元,5500,CNY,房贷本息,anchor,2026-08-31,2026-08-31
loan_repay-en-030,en,loan_repay,还贷支出,Loan Repayment,expense,mortgage principal plus interest 5500 yuan monthly,5500,CNY,mortgage principal and interest,anchor,2026-08-31,2026-08-31
loan_repay-zh-031,zh,loan_repay,还贷支出,Loan Repayment,expense,车贷三年期每月3000块,3000,CNY,车贷分期,anchor,2026-08-31,2026-08-31
loan_repay-en-031,en,loan_repay,还贷支出,Loan Repayment,expense,three-year car loan 3000 bucks monthly,3000,CNY,car loan installment,anchor,2026-08-31,2026-08-31
loan_repay-zh-032,zh,loan_repay,还贷支出,Loan Repayment,expense,信用贷月供2500元,2500,CNY,信用贷,anchor,2026-08-31,2026-08-31
loan_repay-en-032,en,loan_repay,还贷支出,Loan Repayment,expense,credit loan monthly payment 2500 yuan,2500,CNY,credit loan,anchor,2026-08-31,2026-08-31
loan_repay-zh-033,zh,loan_repay,还贷支出,Loan Repayment,expense,香港二按月供10000HKD,10000,HKD,二按贷款,anchor,2026-08-31,2026-08-31
loan_repay-en-033,en,loan_repay,还贷支出,Loan Repayment,expense,Hong Kong second mortgage monthly payment 10000 HKD,10000,HKD,second mortgage,anchor,2026-08-31,2026-08-31
loan_repay-zh-034,zh,loan_repay,还贷支出,Loan Repayment,expense,花呗分期每月还300元,300,CNY,花呗分期,anchor,2026-08-31,2026-08-31
loan_repay-en-034,en,loan_repay,还贷支出,Loan Repayment,expense,Huabei installment monthly payment 300 yuan,300,CNY,Huabei installment,anchor,2026-08-31,2026-08-31
loan_repay-zh-035,zh,loan_repay,还贷支出,Loan Repayment,expense,借呗提前还款手续费50块,50,CNY,手续费,anchor,2026-08-31,2026-08-31
loan_repay-en-035,en,loan_repay,还贷支出,Loan Repayment,expense,Jiebei early repayment fee 50 bucks,50,CNY,early repayment fee,anchor,2026-08-31,2026-08-31
loan_repay-zh-036,zh,loan_repay,还贷支出,Loan Repayment,expense,经营性贷款月供15000元,15000,CNY,经营贷,anchor,2026-08-31,2026-08-31
loan_repay-en-036,en,loan_repay,还贷支出,Loan Repayment,expense,business operating loan monthly payment 15000 yuan,15000,CNY,business loan,anchor,2026-08-31,2026-08-31
loan_repay-zh-037,zh,loan_repay,还贷支出,Loan Repayment,expense,香港现金套现每月还款5000HKD,5000,HKD,套现还款,anchor,2026-08-31,2026-08-31
loan_repay-en-037,en,loan_repay,还贷支出,Loan Repayment,expense,Hong Kong cash advance repayment 5000 HKD monthly,5000,HKD,cash advance repayment,anchor,2026-08-31,2026-08-31
loan_repay-zh-038,zh,loan_repay,还贷支出,Loan Repayment,expense,助学贷款利息每年500元,500,CNY,助学利息,anchor,2026-08-31,2026-08-31
loan_repay-en-038,en,loan_repay,还贷支出,Loan Repayment,expense,student loan interest 500 yuan per year,500,CNY,student loan interest,anchor,2026-08-31,2026-08-31
loan_repay-zh-039,zh,loan_repay,还贷支出,Loan Repayment,expense,房贷LPR调整后多还200块,200,CNY,LPR调整,anchor,2026-08-31,2026-08-31
loan_repay-en-039,en,loan_repay,还贷支出,Loan Repayment,expense,mortgage LPR adjustment extra payment 200 bucks,200,CNY,LPR adjustment,anchor,2026-08-31,2026-08-31
loan_repay-zh-040,zh,loan_repay,还贷支出,Loan Repayment,expense,信用卡最低还款800元,800,CNY,最低还款,anchor,2026-08-31,2026-08-31
loan_repay-en-040,en,loan_repay,还贷支出,Loan Repayment,expense,credit card minimum payment 800 yuan,800,CNY,minimum payment,anchor,2026-08-31,2026-08-31
loan_repay-zh-041,zh,loan_repay,还贷支出,Loan Repayment,expense,香港卡数还款8000HKD,8000,HKD,卡数还款,anchor,2026-08-31,2026-08-31
loan_repay-en-041,en,loan_repay,还贷支出,Loan Repayment,expense,Hong Kong card cash repayment 8000 HKD,8000,HKD,card cash repayment,anchor,2026-08-31,2026-08-31
loan_repay-zh-042,zh,loan_repay,还贷支出,Loan Repayment,expense,装修贷提前还50000元,50000,CNY,提前还贷,anchor,2026-08-31,2026-08-31
loan_repay-en-042,en,loan_repay,还贷支出,Loan Repayment,expense,renovation loan early repayment 50000 yuan,50000,CNY,early loan repayment,anchor,2026-08-31,2026-08-31
loan_repay-zh-043,zh,loan_repay,还贷支出,Loan Repayment,expense,京东金条还款1000块,1000,CNY,金条,anchor,2026-08-31,2026-08-31
loan_repay-en-043,en,loan_repay,还贷支出,Loan Repayment,expense,JD Jintiao repayment 1000 bucks,1000,CNY,Jintiao,anchor,2026-08-31,2026-08-31
loan_repay-zh-044,zh,loan_repay,还贷支出,Loan Repayment,expense,房贷还款银行卡扣款5000元,5000,CNY,自动扣款,anchor,2026-08-31,2026-08-31
loan_repay-en-044,en,loan_repay,还贷支出,Loan Repayment,expense,mortgage bank auto-deduction 5000 yuan,5000,CNY,auto deduction,anchor,2026-08-31,2026-08-31
loan_repay-zh-045,zh,loan_repay,还贷支出,Loan Repayment,expense,香港易借宝还款3000HKD,3000,HKD,易借宝,anchor,2026-08-31,2026-08-31
loan_repay-en-045,en,loan_repay,还贷支出,Loan Repayment,expense,Hong Kong Yijiebao repayment 3000 HKD,3000,HKD,Yijiebao,anchor,2026-08-31,2026-08-31
loan_repay-zh-046,zh,loan_repay,还贷支出,Loan Repayment,expense,车贷解压费200元,200,CNY,解压费,anchor,2026-08-31,2026-08-31
loan_repay-en-046,en,loan_repay,还贷支出,Loan Repayment,expense,car loan release fee 200 yuan,200,CNY,release fee,anchor,2026-08-31,2026-08-31
loan_repay-zh-047,zh,loan_repay,还贷支出,Loan Repayment,expense,网贷结清证明手续费50块,50,CNY,结清手续费,anchor,2026-08-31,2026-08-31
loan_repay-en-047,en,loan_repay,还贷支出,Loan Repayment,expense,online loan settlement certificate fee 50 bucks,50,CNY,settlement fee,anchor,2026-08-31,2026-08-31
loan_repay-zh-048,zh,loan_repay,还贷支出,Loan Repayment,expense,房贷退税到账12000元,12000,CNY,退税到账,anchor,2026-08-31,2026-08-31
loan_repay-en-048,en,loan_repay,还贷支出,Loan Repayment,expense,mortgage tax refund received 12000 yuan,12000,CNY,tax refund received,anchor,2026-08-31,2026-08-31
loan_repay-zh-049,zh,loan_repay,还贷支出,Loan Repayment,expense,香港贷款罚息500HKD,500,HKD,罚息,anchor,2026-08-31,2026-08-31
loan_repay-en-049,en,loan_repay,还贷支出,Loan Repayment,expense,Hong Kong loan penalty interest 500 HKD,500,HKD,penalty interest,anchor,2026-08-31,2026-08-31
loan_repay-zh-050,zh,loan_repay,还贷支出,Loan Repayment,expense,香港花呗还款2000HKD,2000,HKD,花呗,anchor,2026-08-31,2026-08-31
loan_repay-en-050,en,loan_repay,还贷支出,Loan Repayment,expense,Hong Kong Huabei repayment 2000 HKD,2000,HKD,Huabei,anchor,2026-08-31,2026-08-31
tax-zh-001,zh,tax,税费支出,Taxes,expense,昨天个人所得税扣了800元,800,CNY,个税,rel:-1,2026-08-30,2026-08-31
tax-en-001,en,tax,税费支出,Taxes,expense,yesterday personal income tax deducted 800 yuan,800,CNY,personal income tax,rel:-1,2026-08-30,2026-08-31
tax-zh-002,zh,tax,税费支出,Taxes,expense,房产税交了5000块,5000,CNY,房产税,anchor,2026-08-31,2026-08-31
tax-en-002,en,tax,税费支出,Taxes,expense,property tax paid 5000 bucks,5000,CNY,property tax,anchor,2026-08-31,2026-08-31
tax-zh-003,zh,tax,税费支出,Taxes,expense,香港薪俸税扣了3000HKD,3000,HKD,薪俸税,anchor,2026-08-31,2026-08-31
tax-en-003,en,tax,税费支出,Taxes,expense,Hong Kong salaries tax deducted 3000 HKD,3000,HKD,salaries tax,anchor,2026-08-31,2026-08-31
tax-zh-004,zh,tax,税费支出,Taxes,expense,增值税交了2000元,2000,CNY,增值税,anchor,2026-08-31,2026-08-31
tax-en-004,en,tax,税费支出,Taxes,expense,value-added tax paid 2000 yuan,2000,CNY,value-added tax,anchor,2026-08-31,2026-08-31
tax-zh-005,zh,tax,税费支出,Taxes,expense,车辆购置税花了12000块,12000,CNY,购置税,anchor,2026-08-31,2026-08-31
tax-en-005,en,tax,税费支出,Taxes,expense,vehicle purchase tax cost 12000 bucks,12000,CNY,vehicle purchase tax,anchor,2026-08-31,2026-08-31
tax-zh-006,zh,tax,税费支出,Taxes,expense,本周五印花税交了500元,500,CNY,印花税,weekday:5,2026-09-04,2026-08-31
tax-en-006,en,tax,税费支出,Taxes,expense,this Friday stamp duty paid 500 yuan,500,CNY,stamp duty,weekday:5,2026-09-04,2026-08-31
tax-zh-007,zh,tax,税费支出,Taxes,expense,物业税交了1800HKD,1800,HKD,物业税,anchor,2026-08-31,2026-08-31
tax-en-007,en,tax,税费支出,Taxes,expense,property tax paid 1800 HKD,1800,HKD,property tax,anchor,2026-08-31,2026-08-31
tax-zh-008,zh,tax,税费支出,Taxes,expense,个税专项补缴1200元,1200,CNY,个税补缴,anchor,2026-08-31,2026-08-31
tax-en-008,en,tax,税费支出,Taxes,expense,personal income tax special back payment 1200 yuan,1200,CNY,personal income tax back payment,anchor,2026-08-31,2026-08-31
tax-zh-009,zh,tax,税费支出,Taxes,expense,海外消费税300USD,300,USD,海外消费税,anchor,2026-08-31,2026-08-31
tax-en-009,en,tax,税费支出,Taxes,expense,overseas consumption tax 300 USD,300,USD,overseas consumption tax,anchor,2026-08-31,2026-08-31
tax-zh-010,zh,tax,税费支出,Taxes,expense,契税花了9000块,9000,CNY,契税,anchor,2026-08-31,2026-08-31
tax-en-010,en,tax,税费支出,Taxes,expense,deed tax cost 9000 bucks,9000,CNY,deed tax,anchor,2026-08-31,2026-08-31
tax-zh-011,zh,tax,税费支出,Taxes,expense,8月15日企业所得税交了20000元,20000,CNY,企业所得税,ymd:2026-08-15,2026-08-15,2026-08-31
tax-en-011,en,tax,税费支出,Taxes,expense,Aug 15 corporate income tax paid 20000 yuan,20000,CNY,corporate income tax,ymd:2026-08-15,2026-08-15,2026-08-31
tax-zh-012,zh,tax,税费支出,Taxes,expense,车船税每年360块,360,CNY,车船税,anchor,2026-08-31,2026-08-31
tax-en-012,en,tax,税费支出,Taxes,expense,vehicle and vessel tax 360 bucks per year,360,CNY,vehicle and vessel tax,anchor,2026-08-31,2026-08-31
tax-zh-013,zh,tax,税费支出,Taxes,expense,香港利得税15000HKD,15000,HKD,利得税,anchor,2026-08-31,2026-08-31
tax-en-013,en,tax,税费支出,Taxes,expense,Hong Kong profits tax 15000 HKD,15000,HKD,profits tax,anchor,2026-08-31,2026-08-31
tax-zh-014,zh,tax,税费支出,Taxes,expense,城市维护建设税200元,200,CNY,城建税,anchor,2026-08-31,2026-08-31
tax-en-014,en,tax,税费支出,Taxes,expense,urban maintenance and construction tax 200 yuan,200,CNY,urban maintenance tax,anchor,2026-08-31,2026-08-31
tax-zh-015,zh,tax,税费支出,Taxes,expense,教育费附加100块,100,CNY,教育附加,anchor,2026-08-31,2026-08-31
tax-en-015,en,tax,税费支出,Taxes,expense,education surcharge 100 bucks,100,CNY,education surcharge,anchor,2026-08-31,2026-08-31
tax-zh-016,zh,tax,税费支出,Taxes,expense,土地增值税50000元,50000,CNY,土地增值税,anchor,2026-08-31,2026-08-31
tax-en-016,en,tax,税费支出,Taxes,expense,land value-added tax 50000 yuan,50000,CNY,land value-added tax,anchor,2026-08-31,2026-08-31
tax-zh-017,zh,tax,税费支出,Taxes,expense,香港差饷每年5000HKD,5000,HKD,差饷,anchor,2026-08-31,2026-08-31
tax-en-017,en,tax,税费支出,Taxes,expense,Hong Kong rates 5000 HKD per year,5000,HKD,rates,anchor,2026-08-31,2026-08-31
tax-zh-018,zh,tax,税费支出,Taxes,expense,个人经营所得税3000元,3000,CNY,经营所得税,anchor,2026-08-31,2026-08-31
tax-en-018,en,tax,税费支出,Taxes,expense,personal business income tax 3000 yuan,3000,CNY,business income tax,anchor,2026-08-31,2026-08-31
tax-zh-019,zh,tax,税费支出,Taxes,expense,消费税1500块,1500,CNY,消费税,anchor,2026-08-31,2026-08-31
tax-en-019,en,tax,税费支出,Taxes,expense,consumption tax 1500 bucks,1500,CNY,consumption tax,anchor,2026-08-31,2026-08-31
tax-zh-020,zh,tax,税费支出,Taxes,expense,耕地占用税8000元,8000,CNY,耕地占用税,anchor,2026-08-31,2026-08-31
tax-en-020,en,tax,税费支出,Taxes,expense,farmland occupation tax 8000 yuan,8000,CNY,farmland occupation tax,anchor,2026-08-31,2026-08-31
tax-zh-021,zh,tax,税费支出,Taxes,expense,今天明天香港印花税都2000HKD,2000,HKD,香港印花税,"rel:0,1",2026-08-31|2026-09-01,2026-08-31
tax-en-021,en,tax,税费支出,Taxes,expense,today and tomorrow Hong Kong stamp duty 2000 HKD each,2000,HKD,Hong Kong stamp duty,"rel:0,1",2026-08-31|2026-09-01,2026-08-31
tax-zh-022,zh,tax,税费支出,Taxes,expense,资源税500元,500,CNY,资源税,anchor,2026-08-31,2026-08-31
tax-en-022,en,tax,税费支出,Taxes,expense,resource tax 500 yuan,500,CNY,resource tax,anchor,2026-08-31,2026-08-31
tax-zh-023,zh,tax,税费支出,Taxes,expense,房产税补缴2000块,2000,CNY,房产税补缴,anchor,2026-08-31,2026-08-31
tax-en-023,en,tax,税费支出,Taxes,expense,property tax back payment 2000 bucks,2000,CNY,property tax back payment,anchor,2026-08-31,2026-08-31
tax-zh-024,zh,tax,税费支出,Taxes,expense,城镇土地使用税1000元,1000,CNY,土地使用税,anchor,2026-08-31,2026-08-31
tax-en-024,en,tax,税费支出,Taxes,expense,urban land use tax 1000 yuan,1000,CNY,land use tax,anchor,2026-08-31,2026-08-31
tax-zh-025,zh,tax,税费支出,Taxes,expense,香港博彩税1000HKD,1000,HKD,博彩税,anchor,2026-08-31,2026-08-31
tax-en-025,en,tax,税费支出,Taxes,expense,Hong Kong betting duty 1000 HKD,1000,HKD,betting duty,anchor,2026-08-31,2026-08-31
tax-zh-026,zh,tax,税费支出,Taxes,expense,关税3000元,3000,CNY,关税,anchor,2026-08-31,2026-08-31
tax-en-026,en,tax,税费支出,Taxes,expense,customs duty 3000 yuan,3000,CNY,customs duty,anchor,2026-08-31,2026-08-31
tax-zh-027,zh,tax,税费支出,Taxes,expense,车辆购置税减半后6000块,6000,CNY,购置税减半,anchor,2026-08-31,2026-08-31
tax-en-027,en,tax,税费支出,Taxes,expense,vehicle purchase tax after half-rate 6000 bucks,6000,CNY,half-rate purchase tax,anchor,2026-08-31,2026-08-31
tax-zh-028,zh,tax,税费支出,Taxes,expense,契税首套1.5%共9000元,9000,CNY,首套契税,anchor,2026-08-31,2026-08-31
tax-en-028,en,tax,税费支出,Taxes,expense,first-home deed tax 1.5% total 9000 yuan,9000,CNY,first-home deed tax,anchor,2026-08-31,2026-08-31
tax-zh-029,zh,tax,税费支出,Taxes,expense,香港个人入息课税4000HKD,4000,HKD,入息税,anchor,2026-08-31,2026-08-31
tax-en-029,en,tax,税费支出,Taxes,expense,Hong Kong personal assessment tax 4000 HKD,4000,HKD,personal assessment tax,anchor,2026-08-31,2026-08-31
tax-zh-030,zh,tax,税费支出,Taxes,expense,个税退税到账1200元,1200,CNY,个税退税,anchor,2026-08-31,2026-08-31
tax-en-030,en,tax,税费支出,Taxes,expense,personal income tax refund received 1200 yuan,1200,CNY,personal income tax refund,anchor,2026-08-31,2026-08-31
tax-zh-031,zh,tax,税费支出,Taxes,expense,增值税附加税300块,300,CNY,增值税附加,anchor,2026-08-31,2026-08-31
tax-en-031,en,tax,税费支出,Taxes,expense,VAT surcharge 300 bucks,300,CNY,VAT surcharge,anchor,2026-08-31,2026-08-31
tax-zh-032,zh,tax,税费支出,Taxes,expense,企业所得税汇算清缴补缴5000元,5000,CNY,汇算清缴,anchor,2026-08-31,2026-08-31
tax-en-032,en,tax,税费支出,Taxes,expense,corporate income tax annual settlement back payment 5000 yuan,5000,CNY,annual settlement,anchor,2026-08-31,2026-08-31
tax-zh-033,zh,tax,税费支出,Taxes,expense,香港物业税每月500HKD,500,HKD,物业税,anchor,2026-08-31,2026-08-31
tax-en-033,en,tax,税费支出,Taxes,expense,Hong Kong property tax 500 HKD monthly,500,HKD,property tax,anchor,2026-08-31,2026-08-31
tax-zh-034,zh,tax,税费支出,Taxes,expense,印花税按件贴花5元,5,CNY,贴花,anchor,2026-08-31,2026-08-31
tax-en-034,en,tax,税费支出,Taxes,expense,stamp duty per document 5 yuan,5,CNY,stamp per document,anchor,2026-08-31,2026-08-31
tax-zh-035,zh,tax,税费支出,Taxes,expense,车船税代缴360块,360,CNY,车船税,anchor,2026-08-31,2026-08-31
tax-en-035,en,tax,税费支出,Taxes,expense,vehicle and vessel tax agency payment 360 bucks,360,CNY,vehicle and vessel tax,anchor,2026-08-31,2026-08-31
tax-zh-036,zh,tax,税费支出,Taxes,expense,土地出让金100000元,100000,CNY,土地出让金,anchor,2026-08-31,2026-08-31
tax-en-036,en,tax,税费支出,Taxes,expense,land grant fee 100000 yuan,100000,CNY,land grant fee,anchor,2026-08-31,2026-08-31
tax-zh-037,zh,tax,税费支出,Taxes,expense,香港进出口关税8000HKD,8000,HKD,进出口关税,anchor,2026-08-31,2026-08-31
tax-en-037,en,tax,税费支出,Taxes,expense,Hong Kong import-export duty 8000 HKD,8000,HKD,import-export duty,anchor,2026-08-31,2026-08-31
tax-zh-038,zh,tax,税费支出,Taxes,expense,个税起征点5000元,5000,CNY,起征点,anchor,2026-08-31,2026-08-31
tax-en-038,en,tax,税费支出,Taxes,expense,personal income tax threshold 5000 yuan,5000,CNY,tax threshold,anchor,2026-08-31,2026-08-31
tax-zh-039,zh,tax,税费支出,Taxes,expense,城建税税率7%合计140元,140,CNY,城建税,anchor,2026-08-31,2026-08-31
tax-en-039,en,tax,税费支出,Taxes,expense,urban maintenance tax 7% total 140 yuan,140,CNY,urban maintenance tax,anchor,2026-08-31,2026-08-31
tax-zh-040,zh,tax,税费支出,Taxes,expense,教育附加费税率3%合计60块,60,CNY,教育附加,anchor,2026-08-31,2026-08-31
tax-en-040,en,tax,税费支出,Taxes,expense,education surcharge 3% total 60 bucks,60,CNY,education surcharge,anchor,2026-08-31,2026-08-31
tax-zh-041,zh,tax,税费支出,Taxes,expense,香港薪俸税免税额132000HKD,132000,HKD,免税额,anchor,2026-08-31,2026-08-31
tax-en-041,en,tax,税费支出,Taxes,expense,Hong Kong salaries tax allowance 132000 HKD,132000,HKD,tax allowance,anchor,2026-08-31,2026-08-31
tax-zh-042,zh,tax,税费支出,Taxes,expense,小规模纳税人补交增值税800元,800,CNY,增值税,anchor,2026-08-31,2026-08-31
tax-en-042,en,tax,税费支出,Taxes,expense,small taxpayer VAT back payment 800 yuan,800,CNY,value-added tax,anchor,2026-08-31,2026-08-31
tax-zh-043,zh,tax,税费支出,Taxes,expense,车辆购置税税率10%,10,CNY,购置税税率,anchor,2026-08-31,2026-08-31
tax-en-043,en,tax,税费支出,Taxes,expense,vehicle purchase tax rate 10%,10,CNY,purchase tax rate,anchor,2026-08-31,2026-08-31
tax-zh-044,zh,tax,税费支出,Taxes,expense,契税二套3%共18000元,18000,CNY,二套契税,anchor,2026-08-31,2026-08-31
tax-en-044,en,tax,税费支出,Taxes,expense,second-home deed tax 3% total 18000 yuan,18000,CNY,second-home deed tax,anchor,2026-08-31,2026-08-31
tax-zh-045,zh,tax,税费支出,Taxes,expense,香港利得税税率16.5%,16.5,HKD,利得税率,anchor,2026-08-31,2026-08-31
tax-en-045,en,tax,税费支出,Taxes,expense,Hong Kong profits tax rate 16.5%,16.5,HKD,profits tax rate,anchor,2026-08-31,2026-08-31
tax-zh-046,zh,tax,税费支出,Taxes,expense,个人劳务报酬个税20%,20,CNY,劳务税,anchor,2026-08-31,2026-08-31
tax-en-046,en,tax,税费支出,Taxes,expense,personal service income tax 20%,20,CNY,service income tax,anchor,2026-08-31,2026-08-31
tax-zh-047,zh,tax,税费支出,Taxes,expense,房产税从租计征12%,12,CNY,从租计征,anchor,2026-08-31,2026-08-31
tax-en-047,en,tax,税费支出,Taxes,expense,property tax rental basis 12%,12,CNY,rental basis tax,anchor,2026-08-31,2026-08-31
tax-zh-048,zh,tax,税费支出,Taxes,expense,香港差饷征收率5%,5,HKD,差饷率,anchor,2026-08-31,2026-08-31
tax-en-048,en,tax,税费支出,Taxes,expense,Hong Kong rates collection rate 5%,5,HKD,rates collection rate,anchor,2026-08-31,2026-08-31
tax-zh-049,zh,tax,税费支出,Taxes,expense,增值税专用发票抵扣1000元,1000,CNY,发票抵扣,anchor,2026-08-31,2026-08-31
tax-en-049,en,tax,税费支出,Taxes,expense,VAT special invoice deduction 1000 yuan,1000,CNY,invoice deduction,anchor,2026-08-31,2026-08-31
tax-zh-050,zh,tax,税费支出,Taxes,expense,香港差饷补交3000HKD,3000,HKD,差饷,anchor,2026-08-31,2026-08-31
tax-en-050,en,tax,税费支出,Taxes,expense,Hong Kong rates back payment 3000 HKD,3000,HKD,rates,anchor,2026-08-31,2026-08-31
salary-zh-001,zh,salary,工资收入,Salary,income,昨天这个月发工资15000HKD,15000,HKD,月薪,rel:-1,2026-08-30,2026-08-31
salary-en-001,en,salary,工资收入,Salary,income,yesterday this month's salary paid 15000 HKD,15000,HKD,monthly salary,rel:-1,2026-08-30,2026-08-31
salary-zh-002,zh,salary,工资收入,Salary,income,公司发薪到账8000块,8000,CNY,月薪,anchor,2026-08-31,2026-08-31
salary-en-002,en,salary,工资收入,Salary,income,company payroll received 8000 bucks,8000,CNY,monthly salary,anchor,2026-08-31,2026-08-31
salary-zh-003,zh,salary,工资收入,Salary,income,上月工资税后到账12000元,12000,CNY,税后工资,anchor,2026-08-31,2026-08-31
salary-en-003,en,salary,工资收入,Salary,income,last month after-tax salary received 12000 yuan,12000,CNY,after-tax salary,anchor,2026-08-31,2026-08-31
salary-zh-004,zh,salary,工资收入,Salary,income,底薪加提成一共25000块,25000,CNY,底薪提成,anchor,2026-08-31,2026-08-31
salary-en-004,en,salary,工资收入,Salary,income,base pay plus commission total 25000 bucks,25000,CNY,base pay and commission,anchor,2026-08-31,2026-08-31
salary-zh-005,zh,salary,工资收入,Salary,income,试用期工资发了6000元,6000,CNY,试用期,anchor,2026-08-31,2026-08-31
salary-en-005,en,salary,工资收入,Salary,income,probation salary paid 6000 yuan,6000,CNY,probation salary,anchor,2026-08-31,2026-08-31
salary-zh-006,zh,salary,工资收入,Salary,income,本周四香港月薪到账20000HKD,20000,HKD,香港月薪,weekday:4,2026-09-03,2026-08-31
salary-en-006,en,salary,工资收入,Salary,income,this Thursday Hong Kong monthly salary received 20000 HKD,20000,HKD,Hong Kong monthly salary,weekday:4,2026-09-03,2026-08-31
salary-zh-007,zh,salary,工资收入,Salary,income,年终奖发了30000元,30000,CNY,年终奖,anchor,2026-08-31,2026-08-31
salary-en-007,en,salary,工资收入,Salary,income,year-end bonus paid 30000 yuan,30000,CNY,year-end bonus,anchor,2026-08-31,2026-08-31
salary-zh-008,zh,salary,工资收入,Salary,income,加班费发了800块,800,CNY,加班费,anchor,2026-08-31,2026-08-31
salary-en-008,en,salary,工资收入,Salary,income,overtime pay paid 800 bucks,800,CNY,overtime pay,anchor,2026-08-31,2026-08-31
salary-zh-009,zh,salary,工资收入,Salary,income,海外月薪到账4000USD,4000,USD,海外月薪,anchor,2026-08-31,2026-08-31
salary-en-009,en,salary,工资收入,Salary,income,overseas monthly salary received 4000 USD,4000,USD,overseas monthly salary,anchor,2026-08-31,2026-08-31
salary-zh-010,zh,salary,工资收入,Salary,income,绩效奖金发了5000块,5000,CNY,绩效奖,anchor,2026-08-31,2026-08-31
salary-en-010,en,salary,工资收入,Salary,income,performance bonus paid 5000 bucks,5000,CNY,performance bonus,anchor,2026-08-31,2026-08-31
salary-zh-011,zh,salary,工资收入,Salary,income,8月10日基本工资5000元,5000,CNY,基本工资,ymd:2026-08-10,2026-08-10,2026-08-31
salary-en-011,en,salary,工资收入,Salary,income,Aug 10 basic salary 5000 yuan,5000,CNY,basic salary,ymd:2026-08-10,2026-08-10,2026-08-31
salary-zh-012,zh,salary,工资收入,Salary,income,岗位津贴2000块,2000,CNY,岗位津贴,anchor,2026-08-31,2026-08-31
salary-en-012,en,salary,工资收入,Salary,income,position allowance 2000 bucks,2000,CNY,position allowance,anchor,2026-08-31,2026-08-31
salary-zh-013,zh,salary,工资收入,Salary,income,香港底薪18000HKD,18000,HKD,香港底薪,anchor,2026-08-31,2026-08-31
salary-en-013,en,salary,工资收入,Salary,income,Hong Kong base salary 18000 HKD,18000,HKD,Hong Kong base salary,anchor,2026-08-31,2026-08-31
salary-zh-014,zh,salary,工资收入,Salary,income,全勤奖500元,500,CNY,全勤奖,anchor,2026-08-31,2026-08-31
salary-en-014,en,salary,工资收入,Salary,income,perfect attendance bonus 500 yuan,500,CNY,perfect attendance bonus,anchor,2026-08-31,2026-08-31
salary-zh-015,zh,salary,工资收入,Salary,income,交通补贴300块,300,CNY,交通补贴,anchor,2026-08-31,2026-08-31
salary-en-015,en,salary,工资收入,Salary,income,transport allowance 300 bucks,300,CNY,transport allowance,anchor,2026-08-31,2026-08-31
salary-zh-016,zh,salary,工资收入,Salary,income,餐补每月400元,400,CNY,餐补,anchor,2026-08-31,2026-08-31
salary-en-016,en,salary,工资收入,Salary,income,meal allowance 400 yuan monthly,400,CNY,meal allowance,anchor,2026-08-31,2026-08-31
salary-zh-017,zh,salary,工资收入,Salary,income,8月29日香港房屋津贴5000HKD,5000,HKD,房屋津贴,ymd:2026-08-29,2026-08-29,2026-08-31
salary-en-017,en,salary,工资收入,Salary,income,Aug 29 Hong Kong housing allowance 5000 HKD,5000,HKD,housing allowance,ymd:2026-08-29,2026-08-29,2026-08-31
salary-zh-018,zh,salary,工资收入,Salary,income,工龄工资200元,200,CNY,工龄工资,anchor,2026-08-31,2026-08-31
salary-en-018,en,salary,工资收入,Salary,income,seniority pay 200 yuan,200,CNY,seniority pay,anchor,2026-08-31,2026-08-31
salary-zh-019,zh,salary,工资收入,Salary,income,季度奖金10000块,10000,CNY,季度奖,anchor,2026-08-31,2026-08-31
salary-en-019,en,salary,工资收入,Salary,income,quarterly bonus 10000 bucks,10000,CNY,quarterly bonus,anchor,2026-08-31,2026-08-31
salary-zh-020,zh,salary,工资收入,Salary,income,项目奖金8000元,8000,CNY,项目奖,anchor,2026-08-31,2026-08-31
salary-en-020,en,salary,工资收入,Salary,income,project bonus 8000 yuan,8000,CNY,project bonus,anchor,2026-08-31,2026-08-31
salary-zh-021,zh,salary,工资收入,Salary,income,今天明天香港双粮出粮都18000HKD,18000,HKD,双粮,"rel:0,1",2026-08-31|2026-09-01,2026-08-31
salary-en-021,en,salary,工资收入,Salary,income,today and tomorrow Hong Kong double pay received 18000 HKD each,18000,HKD,double pay,"rel:0,1",2026-08-31|2026-09-01,2026-08-31
salary-zh-022,zh,salary,工资收入,Salary,income,夜班补贴500元,500,CNY,夜班补贴,anchor,2026-08-31,2026-08-31
salary-en-022,en,salary,工资收入,Salary,income,night shift allowance 500 yuan,500,CNY,night shift allowance,anchor,2026-08-31,2026-08-31
salary-zh-023,zh,salary,工资收入,Salary,income,高温补贴300块,300,CNY,高温补贴,anchor,2026-08-31,2026-08-31
salary-en-023,en,salary,工资收入,Salary,income,high-temperature allowance 300 bucks,300,CNY,high-temperature allowance,anchor,2026-08-31,2026-08-31
salary-zh-024,zh,salary,工资收入,Salary,income,提成奖金15000元,15000,CNY,提成,anchor,2026-08-31,2026-08-31
salary-en-024,en,salary,工资收入,Salary,income,commission bonus 15000 yuan,15000,CNY,commission,anchor,2026-08-31,2026-08-31
salary-zh-025,zh,salary,工资收入,Salary,income,香港佣金收入10000HKD,10000,HKD,佣金,anchor,2026-08-31,2026-08-31
salary-en-025,en,salary,工资收入,Salary,income,Hong Kong commission income 10000 HKD,10000,HKD,commission,anchor,2026-08-31,2026-08-31
salary-zh-026,zh,salary,工资收入,Salary,income,十三薪发了8000元,8000,CNY,十三薪,anchor,2026-08-31,2026-08-31
salary-en-026,en,salary,工资收入,Salary,income,thirteenth-month pay paid 8000 yuan,8000,CNY,thirteenth-month pay,anchor,2026-08-31,2026-08-31
salary-zh-027,zh,salary,工资收入,Salary,income,年终分红50000块,50000,CNY,年终分红,anchor,2026-08-31,2026-08-31
salary-en-027,en,salary,工资收入,Salary,income,year-end dividend paid 50000 bucks,50000,CNY,year-end dividend,anchor,2026-08-31,2026-08-31
salary-zh-028,zh,salary,工资收入,Salary,income,基本工资加绩效共12000元,12000,CNY,工资绩效,anchor,2026-08-31,2026-08-31
salary-en-028,en,salary,工资收入,Salary,income,basic salary plus performance total 12000 yuan,12000,CNY,salary and performance,anchor,2026-08-31,2026-08-31
salary-zh-029,zh,salary,工资收入,Salary,income,香港超时补水2000HKD,2000,HKD,超时补贴,anchor,2026-08-31,2026-08-31
salary-en-029,en,salary,工资收入,Salary,income,Hong Kong overtime allowance 2000 HKD,2000,HKD,overtime allowance,anchor,2026-08-31,2026-08-31
salary-zh-030,zh,salary,工资收入,Salary,income,住房补贴1000元,1000,CNY,住房补贴,anchor,2026-08-31,2026-08-31
salary-en-030,en,salary,工资收入,Salary,income,housing allowance 1000 yuan,1000,CNY,housing allowance,anchor,2026-08-31,2026-08-31
salary-zh-031,zh,salary,工资收入,Salary,income,上周每天话费补贴100块,100,CNY,话费补贴,week:-1,2026-08-24|2026-08-25|2026-08-26|2026-08-27|2026-08-28|2026-08-29|2026-08-30,2026-08-31
salary-en-031,en,salary,工资收入,Salary,income,last week daily phone allowance 100 bucks,100,CNY,phone allowance,week:-1,2026-08-24|2026-08-25|2026-08-26|2026-08-27|2026-08-28|2026-08-29|2026-08-30,2026-08-31
salary-zh-032,zh,salary,工资收入,Salary,income,这一周每天出差补贴200元,200,CNY,出差补贴,week:0,2026-08-31|2026-09-01|2026-09-02|2026-09-03|2026-09-04|2026-09-05|2026-09-06,2026-08-31
salary-en-032,en,salary,工资收入,Salary,income,this week daily travel allowance 200 yuan,200,CNY,travel allowance,week:0,2026-08-31|2026-09-01|2026-09-02|2026-09-03|2026-09-04|2026-09-05|2026-09-06,2026-08-31
salary-zh-033,zh,salary,工资收入,Salary,income,香港膳食津贴1500HKD,1500,HKD,膳食津贴,anchor,2026-08-31,2026-08-31
salary-en-033,en,salary,工资收入,Salary,income,Hong Kong meal allowance 1500 HKD,1500,HKD,meal allowance,anchor,2026-08-31,2026-08-31
salary-zh-034,zh,salary,工资收入,Salary,income,技能津贴500元,500,CNY,技能津贴,anchor,2026-08-31,2026-08-31
salary-en-034,en,salary,工资收入,Salary,income,skill allowance 500 yuan,500,CNY,skill allowance,anchor,2026-08-31,2026-08-31
salary-zh-035,zh,salary,工资收入,Salary,income,管理津贴2000块,2000,CNY,管理津贴,anchor,2026-08-31,2026-08-31
salary-en-035,en,salary,工资收入,Salary,income,management allowance 2000 bucks,2000,CNY,management allowance,anchor,2026-08-31,2026-08-31
salary-zh-036,zh,salary,工资收入,Salary,income,销售提成20000元,20000,CNY,销售提成,anchor,2026-08-31,2026-08-31
salary-en-036,en,salary,工资收入,Salary,income,sales commission 20000 yuan,20000,CNY,sales commission,anchor,2026-08-31,2026-08-31
salary-zh-037,zh,salary,工资收入,Salary,income,香港花红奖金10000HKD,10000,HKD,花红,anchor,2026-08-31,2026-08-31
salary-en-037,en,salary,工资收入,Salary,income,Hong Kong bonus 10000 HKD,10000,HKD,bonus,anchor,2026-08-31,2026-08-31
salary-zh-038,zh,salary,工资收入,Salary,income,月度优秀员工奖500元,500,CNY,优秀员工,anchor,2026-08-31,2026-08-31
salary-en-038,en,salary,工资收入,Salary,income,monthly outstanding employee award 500 yuan,500,CNY,outstanding employee award,anchor,2026-08-31,2026-08-31
salary-zh-039,zh,salary,工资收入,Salary,income,半年奖15000块,15000,CNY,半年奖,anchor,2026-08-31,2026-08-31
salary-en-039,en,salary,工资收入,Salary,income,semi-annual bonus 15000 bucks,15000,CNY,semi-annual bonus,anchor,2026-08-31,2026-08-31
salary-zh-040,zh,salary,工资收入,Salary,income,竞业限制补偿金3000元,3000,CNY,竞业补偿,anchor,2026-08-31,2026-08-31
salary-en-040,en,salary,工资收入,Salary,income,non-compete compensation 3000 yuan,3000,CNY,non-compete compensation,anchor,2026-08-31,2026-08-31
salary-zh-041,zh,salary,工资收入,Salary,income,香港长期服务金20000HKD,20000,HKD,长期服务金,anchor,2026-08-31,2026-08-31
salary-en-041,en,salary,工资收入,Salary,income,Hong Kong long service payment 20000 HKD,20000,HKD,long service payment,anchor,2026-08-31,2026-08-31
salary-zh-042,zh,salary,工资收入,Salary,income,产假工资8000元,8000,CNY,产假工资,anchor,2026-08-31,2026-08-31
salary-en-042,en,salary,工资收入,Salary,income,maternity leave salary 8000 yuan,8000,CNY,maternity leave salary,anchor,2026-08-31,2026-08-31
salary-zh-043,zh,salary,工资收入,Salary,income,病假工资4000块,4000,CNY,病假工资,anchor,2026-08-31,2026-08-31
salary-en-043,en,salary,工资收入,Salary,income,sick leave salary 4000 bucks,4000,CNY,sick leave salary,anchor,2026-08-31,2026-08-31
salary-zh-044,zh,salary,工资收入,Salary,income,年假工资2000元,2000,CNY,年假工资,anchor,2026-08-31,2026-08-31
salary-en-044,en,salary,工资收入,Salary,income,annual leave salary 2000 yuan,2000,CNY,annual leave salary,anchor,2026-08-31,2026-08-31
salary-zh-045,zh,salary,工资收入,Salary,income,香港遣散费50000HKD,50000,HKD,遣散费,anchor,2026-08-31,2026-08-31
salary-en-045,en,salary,工资收入,Salary,income,Hong Kong severance pay 50000 HKD,50000,HKD,severance pay,anchor,2026-08-31,2026-08-31
salary-zh-046,zh,salary,工资收入,Salary,income,转正工资8000元,8000,CNY,转正工资,anchor,2026-08-31,2026-08-31
salary-en-046,en,salary,工资收入,Salary,income,regularized salary 8000 yuan,8000,CNY,regularized salary,anchor,2026-08-31,2026-08-31
salary-zh-047,zh,salary,工资收入,Salary,income,调薪后每月10000块,10000,CNY,调薪后,anchor,2026-08-31,2026-08-31
salary-en-047,en,salary,工资收入,Salary,income,after raise monthly pay 10000 bucks,10000,CNY,after raise,anchor,2026-08-31,2026-08-31
salary-zh-048,zh,salary,工资收入,Salary,income,公司发薪日到账12000元,12000,CNY,发薪日,anchor,2026-08-31,2026-08-31
salary-en-048,en,salary,工资收入,Salary,income,payday salary received 12000 yuan,12000,CNY,payday,anchor,2026-08-31,2026-08-31
salary-zh-049,zh,salary,工资收入,Salary,income,香港月薪税后18000HKD,18000,HKD,税后月薪,anchor,2026-08-31,2026-08-31
salary-en-049,en,salary,工资收入,Salary,income,Hong Kong after-tax monthly salary 18000 HKD,18000,HKD,after-tax monthly salary,anchor,2026-08-31,2026-08-31
salary-zh-050,zh,salary,工资收入,Salary,income,香港绩效奖到账15000HKD,15000,HKD,绩效奖,anchor,2026-08-31,2026-08-31
salary-en-050,en,salary,工资收入,Salary,income,Hong Kong performance bonus received 15000 HKD,15000,HKD,performance bonus,anchor,2026-08-31,2026-08-31
side_income-zh-001,zh,side_income,副业收入,Side Income,income,昨天做兼职赚了2000块钱,2000,CNY,兼职,rel:-1,2026-08-30,2026-08-31
side_income-en-001,en,side_income,副业收入,Side Income,income,yesterday part-time work earned 2000 bucks,2000,CNY,part-time work,rel:-1,2026-08-30,2026-08-31
side_income-zh-002,zh,side_income,副业收入,Side Income,income,接私活收到报酬3000HKD,3000,HKD,接私活,anchor,2026-08-31,2026-08-31
side_income-en-002,en,side_income,副业收入,Side Income,income,freelance gig payment received 3000 HKD,3000,HKD,freelance gig,anchor,2026-08-31,2026-08-31
side_income-zh-003,zh,side_income,副业收入,Side Income,income,自媒体收益到账500USD,500,USD,自媒体,anchor,2026-08-31,2026-08-31
side_income-en-003,en,side_income,副业收入,Side Income,income,self-media earnings received 500 USD,500,USD,self-media,anchor,2026-08-31,2026-08-31
side_income-zh-004,zh,side_income,副业收入,Side Income,income,闲鱼卖闲置赚了800元,800,CNY,闲鱼,anchor,2026-08-31,2026-08-31
side_income-en-004,en,side_income,副业收入,Side Income,income,Xianyu sold stuff earned 800 yuan,800,CNY,Xianyu,anchor,2026-08-31,2026-08-31
side_income-zh-005,zh,side_income,副业收入,Side Income,income,代驾收入1500块,1500,CNY,代驾,anchor,2026-08-31,2026-08-31
side_income-en-005,en,side_income,副业收入,Side Income,income,designated driver income 1500 bucks,1500,CNY,designated driver,anchor,2026-08-31,2026-08-31
side_income-zh-006,zh,side_income,副业收入,Side Income,income,本周六设计接单赚了4500元,4500,CNY,设计接单,weekday:6,2026-09-05,2026-08-31
side_income-en-006,en,side_income,副业收入,Side Income,income,this Saturday design gig earned 4500 yuan,4500,CNY,design gig,weekday:6,2026-09-05,2026-08-31
side_income-zh-007,zh,side_income,副业收入,Side Income,income,代购利润2500HKD,2500,HKD,代购,anchor,2026-08-31,2026-08-31
side_income-en-007,en,side_income,副业收入,Side Income,income,shopping agent profit 2500 HKD,2500,HKD,shopping agent,anchor,2026-08-31,2026-08-31
side_income-zh-008,zh,side_income,副业收入,Side Income,income,理财利息到账300元,300,CNY,理财利息,anchor,2026-08-31,2026-08-31
side_income-en-008,en,side_income,副业收入,Side Income,income,investment interest received 300 yuan,300,CNY,investment interest,anchor,2026-08-31,2026-08-31
side_income-zh-009,zh,side_income,副业收入,Side Income,income,海外做外包赚1200USD,1200,USD,海外外包,anchor,2026-08-31,2026-08-31
side_income-en-009,en,side_income,副业收入,Side Income,income,overseas freelance earned 1200 USD,1200,USD,overseas freelance,anchor,2026-08-31,2026-08-31
side_income-zh-010,zh,side_income,副业收入,Side Income,income,跑腿赚了600块,600,CNY,跑腿,anchor,2026-08-31,2026-08-31
side_income-en-010,en,side_income,副业收入,Side Income,income,errand running earned 600 bucks,600,CNY,errand running,anchor,2026-08-31,2026-08-31
side_income-zh-011,zh,side_income,副业收入,Side Income,income,8月24日摆摊卖货赚了1000元,1000,CNY,摆摊,ymd:2026-08-24,2026-08-24,2026-08-31
side_income-en-011,en,side_income,副业收入,Side Income,income,Aug 24 stall sales earned 1000 yuan,1000,CNY,stall sales,ymd:2026-08-24,2026-08-24,2026-08-31
side_income-zh-012,zh,side_income,副业收入,Side Income,income,写稿子稿费800块,800,CNY,稿费,anchor,2026-08-31,2026-08-31
side_income-en-012,en,side_income,副业收入,Side Income,income,writing fee 800 bucks,800,CNY,writing fee,anchor,2026-08-31,2026-08-31
side_income-zh-013,zh,side_income,副业收入,Side Income,income,香港做家教月入5000HKD,5000,HKD,家教,anchor,2026-08-31,2026-08-31
side_income-en-013,en,side_income,副业收入,Side Income,income,Hong Kong tutoring monthly income 5000 HKD,5000,HKD,tutoring,anchor,2026-08-31,2026-08-31
side_income-zh-014,zh,side_income,副业收入,Side Income,income,网约车司机收入3000元,3000,CNY,网约车,anchor,2026-08-31,2026-08-31
side_income-en-014,en,side_income,副业收入,Side Income,income,ride-hailing driver income 3000 yuan,3000,CNY,ride-hailing,anchor,2026-08-31,2026-08-31
side_income-zh-015,zh,side_income,副业收入,Side Income,income,翻译兼职赚了2000块,2000,CNY,翻译,anchor,2026-08-31,2026-08-31
side_income-en-015,en,side_income,副业收入,Side Income,income,translation part-time earned 2000 bucks,2000,CNY,translation,anchor,2026-08-31,2026-08-31
side_income-zh-016,zh,side_income,副业收入,Side Income,income,短视频带货佣金1500元,1500,CNY,带货佣金,anchor,2026-08-31,2026-08-31
side_income-en-016,en,side_income,副业收入,Side Income,income,short-video affiliate commission 1500 yuan,1500,CNY,affiliate commission,anchor,2026-08-31,2026-08-31
side_income-zh-017,zh,side_income,副业收入,Side Income,income,香港炒股票赚了10000HKD,10000,HKD,炒股,anchor,2026-08-31,2026-08-31
side_income-en-017,en,side_income,副业收入,Side Income,income,Hong Kong stock trading profit 10000 HKD,10000,HKD,stock trading,anchor,2026-08-31,2026-08-31
side_income-zh-018,zh,side_income,副业收入,Side Income,income,今天明天问卷调查都赚了50元,50,CNY,问卷,"rel:0,1",2026-08-31|2026-09-01,2026-08-31
side_income-en-018,en,side_income,副业收入,Side Income,income,today and tomorrow survey tasks earned 50 yuan each,50,CNY,survey,"rel:0,1",2026-08-31|2026-09-01,2026-08-31
side_income-zh-019,zh,side_income,副业收入,Side Income,income,配音兼职800块,800,CNY,配音,anchor,2026-08-31,2026-08-31
side_income-en-019,en,side_income,副业收入,Side Income,income,voice-over part-time 800 bucks,800,CNY,voice-over,anchor,2026-08-31,2026-08-31
side_income-zh-020,zh,side_income,副业收入,Side Income,income,摄影约拍赚了1200元,1200,CNY,约拍,anchor,2026-08-31,2026-08-31
side_income-en-020,en,side_income,副业收入,Side Income,income,photo shoot earned 1200 yuan,1200,CNY,photo shoot,anchor,2026-08-31,2026-08-31
side_income-zh-021,zh,side_income,副业收入,Side Income,income,香港做freelance赚8000HKD,8000,HKD,自由职业,anchor,2026-08-31,2026-08-31
side_income-en-021,en,side_income,副业收入,Side Income,income,Hong Kong freelance earned 8000 HKD,8000,HKD,freelance,anchor,2026-08-31,2026-08-31
side_income-zh-022,zh,side_income,副业收入,Side Income,income,外卖骑手收入2500元,2500,CNY,外卖骑手,anchor,2026-08-31,2026-08-31
side_income-en-022,en,side_income,副业收入,Side Income,income,food delivery rider income 2500 yuan,2500,CNY,food delivery rider,anchor,2026-08-31,2026-08-31
side_income-zh-023,zh,side_income,副业收入,Side Income,income,游戏代练赚了600块,600,CNY,游戏代练,anchor,2026-08-31,2026-08-31
side_income-en-023,en,side_income,副业收入,Side Income,income,game boosting earned 600 bucks,600,CNY,game boosting,anchor,2026-08-31,2026-08-31
side_income-zh-024,zh,side_income,副业收入,Side Income,income,公众号广告收入2000元,2000,CNY,公众号,anchor,2026-08-31,2026-08-31
side_income-en-024,en,side_income,副业收入,Side Income,income,WeChat official account ad income 2000 yuan,2000,CNY,WeChat official account,anchor,2026-08-31,2026-08-31
side_income-zh-025,zh,side_income,副业收入,Side Income,income,香港做补习月入6000HKD,6000,HKD,补习,anchor,2026-08-31,2026-08-31
side_income-en-025,en,side_income,副业收入,Side Income,income,Hong Kong tutoring monthly income 6000 HKD,6000,HKD,tutoring,anchor,2026-08-31,2026-08-31
side_income-zh-026,zh,side_income,副业收入,Side Income,income,二手转卖赚了300元,300,CNY,二手转卖,anchor,2026-08-31,2026-08-31
side_income-en-026,en,side_income,副业收入,Side Income,income,resale profit 300 yuan,300,CNY,resale,anchor,2026-08-31,2026-08-31
side_income-zh-027,zh,side_income,副业收入,Side Income,income,PPT制作接单500块,500,CNY,PPT接单,anchor,2026-08-31,2026-08-31
side_income-en-027,en,side_income,副业收入,Side Income,income,PPT gig 500 bucks,500,CNY,PPT gig,anchor,2026-08-31,2026-08-31
side_income-zh-028,zh,side_income,副业收入,Side Income,income,直播打赏收入1000元,1000,CNY,直播打赏,anchor,2026-08-31,2026-08-31
side_income-en-028,en,side_income,副业收入,Side Income,income,live stream tips income 1000 yuan,1000,CNY,live stream tips,anchor,2026-08-31,2026-08-31
side_income-zh-029,zh,side_income,副业收入,Side Income,income,这一周每天香港散工日结800HKD,800,HKD,散工,week:0,2026-08-31|2026-09-01|2026-09-02|2026-09-03|2026-09-04|2026-09-05|2026-09-06,2026-08-31
side_income-en-029,en,side_income,副业收入,Side Income,income,this week daily Hong Kong casual work 800 HKD,800,HKD,casual work,week:0,2026-08-31|2026-09-01|2026-09-02|2026-09-03|2026-09-04|2026-09-05|2026-09-06,2026-08-31
side_income-zh-030,zh,side_income,副业收入,Side Income,income,薅羊毛赚了100元,100,CNY,薅羊毛,anchor,2026-08-31,2026-08-31
side_income-en-030,en,side_income,副业收入,Side Income,income,deal hunting earned 100 yuan,100,CNY,deal hunting,anchor,2026-08-31,2026-08-31
side_income-zh-031,zh,side_income,副业收入,Side Income,income,小程序开发接单10000块,10000,CNY,小程序开发,anchor,2026-08-31,2026-08-31
side_income-en-031,en,side_income,副业收入,Side Income,income,mini program dev gig 10000 bucks,10000,CNY,mini program dev,anchor,2026-08-31,2026-08-31
side_income-zh-032,zh,side_income,副业收入,Side Income,income,插画约稿赚了2000元,2000,CNY,插画约稿,anchor,2026-08-31,2026-08-31
side_income-en-032,en,side_income,副业收入,Side Income,income,illustration commission earned 2000 yuan,2000,CNY,illustration commission,anchor,2026-08-31,2026-08-31
side_income-zh-033,zh,side_income,副业收入,Side Income,income,香港做钟点工月入4000HKD,4000,HKD,钟点工,anchor,2026-08-31,2026-08-31
side_income-en-033,en,side_income,副业收入,Side Income,income,Hong Kong hourly work monthly income 4000 HKD,4000,HKD,hourly work,anchor,2026-08-31,2026-08-31
side_income-zh-034,zh,side_income,副业收入,Side Income,income,收租收入3000元,3000,CNY,收租,anchor,2026-08-31,2026-08-31
side_income-en-034,en,side_income,副业收入,Side Income,income,rental income 3000 yuan,3000,CNY,rental income,anchor,2026-08-31,2026-08-31
side_income-zh-035,zh,side_income,副业收入,Side Income,income,打新债赚了200块,200,CNY,打新债,anchor,2026-08-31,2026-08-31
side_income-en-035,en,side_income,副业收入,Side Income,income,new bond lottery profit 200 bucks,200,CNY,new bond lottery,anchor,2026-08-31,2026-08-31
side_income-zh-036,zh,side_income,副业收入,Side Income,income,基金分红500元,500,CNY,基金分红,anchor,2026-08-31,2026-08-31
side_income-en-036,en,side_income,副业收入,Side Income,income,fund dividend 500 yuan,500,CNY,fund dividend,anchor,2026-08-31,2026-08-31
side_income-zh-037,zh,side_income,副业收入,Side Income,income,香港收租10000HKD,10000,HKD,收租,anchor,2026-08-31,2026-08-31
side_income-en-037,en,side_income,副业收入,Side Income,income,Hong Kong rental income 10000 HKD,10000,HKD,rental income,anchor,2026-08-31,2026-08-31
side_income-zh-038,zh,side_income,副业收入,Side Income,income,上周每天做任务赚了80元,80,CNY,做任务,week:-1,2026-08-24|2026-08-25|2026-08-26|2026-08-27|2026-08-28|2026-08-29|2026-08-30,2026-08-31
side_income-en-038,en,side_income,副业收入,Side Income,income,last week daily task earnings 80 yuan,80,CNY,task earnings,week:-1,2026-08-24|2026-08-25|2026-08-26|2026-08-27|2026-08-28|2026-08-29|2026-08-30,2026-08-31
side_income-zh-039,zh,side_income,副业收入,Side Income,income,会计代账每月1000块,1000,CNY,代账,anchor,2026-08-31,2026-08-31
side_income-en-039,en,side_income,副业收入,Side Income,income,bookkeeping service 1000 bucks monthly,1000,CNY,bookkeeping service,anchor,2026-08-31,2026-08-31
side_income-zh-040,zh,side_income,副业收入,Side Income,income,视频剪辑接单3000元,3000,CNY,视频剪辑,anchor,2026-08-31,2026-08-31
side_income-en-040,en,side_income,副业收入,Side Income,income,video editing gig 3000 yuan,3000,CNY,video editing,anchor,2026-08-31,2026-08-31
side_income-zh-041,zh,side_income,副业收入,Side Income,income,香港做美容兼职月入5000HKD,5000,HKD,美容兼职,anchor,2026-08-31,2026-08-31
side_income-en-041,en,side_income,副业收入,Side Income,income,Hong Kong beauty part-time monthly income 5000 HKD,5000,HKD,beauty part-time,anchor,2026-08-31,2026-08-31
side_income-zh-042,zh,side_income,副业收入,Side Income,income,点赞关注赚了30元,30,CNY,点赞任务,anchor,2026-08-31,2026-08-31
side_income-en-042,en,side_income,副业收入,Side Income,income,like-and-follow tasks earned 30 yuan,30,CNY,like-and-follow tasks,anchor,2026-08-31,2026-08-31
side_income-zh-043,zh,side_income,副业收入,Side Income,income,塔罗牌占卜赚了500块,500,CNY,占卜,anchor,2026-08-31,2026-08-31
side_income-en-043,en,side_income,副业收入,Side Income,income,tarot reading earned 500 bucks,500,CNY,tarot reading,anchor,2026-08-31,2026-08-31
side_income-zh-044,zh,side_income,副业收入,Side Income,income,民宿运营收入8000元,8000,CNY,民宿,anchor,2026-08-31,2026-08-31
side_income-en-044,en,side_income,副业收入,Side Income,income,homestay operating income 8000 yuan,8000,CNY,homestay,anchor,2026-08-31,2026-08-31
side_income-zh-045,zh,side_income,副业收入,Side Income,income,香港车位出租月入2000HKD,2000,HKD,车位出租,anchor,2026-08-31,2026-08-31
side_income-en-045,en,side_income,副业收入,Side Income,income,Hong Kong parking spot rental 2000 HKD monthly,2000,HKD,parking spot rental,anchor,2026-08-31,2026-08-31
side_income-zh-046,zh,side_income,副业收入,Side Income,income,试吃试用赚了100元,100,CNY,试吃试用,anchor,2026-08-31,2026-08-31
side_income-en-046,en,side_income,副业收入,Side Income,income,product trial earned 100 yuan,100,CNY,product trial,anchor,2026-08-31,2026-08-31
side_income-zh-047,zh,side_income,副业收入,Side Income,income,编程私活赚了5000块,5000,CNY,编程私活,anchor,2026-08-31,2026-08-31
side_income-en-047,en,side_income,副业收入,Side Income,income,programming side gig earned 5000 bucks,5000,CNY,programming side gig,anchor,2026-08-31,2026-08-31
side_income-zh-048,zh,side_income,副业收入,Side Income,income,自媒体广告分成1500元,1500,CNY,广告分成,anchor,2026-08-31,2026-08-31
side_income-en-048,en,side_income,副业收入,Side Income,income,self-media ad revenue share 1500 yuan,1500,CNY,ad revenue share,anchor,2026-08-31,2026-08-31
side_income-zh-049,zh,side_income,副业收入,Side Income,income,香港网约车月入15000HKD,15000,HKD,网约车,anchor,2026-08-31,2026-08-31
side_income-en-049,en,side_income,副业收入,Side Income,income,Hong Kong ride-hailing monthly income 15000 HKD,15000,HKD,ride-hailing,anchor,2026-08-31,2026-08-31
side_income-zh-050,zh,side_income,副业收入,Side Income,income,香港翻译兼职月入3000HKD,3000,HKD,翻译兼职,anchor,2026-08-31,2026-08-31
side_income-en-050,en,side_income,副业收入,Side Income,income,Hong Kong translation part-time monthly income 3000 HKD,3000,HKD,translation part-time,anchor,2026-08-31,2026-08-31
refund_shopping-zh-001,zh,refund_shopping,购物退款,Shopping Refunds,negative_expense,淘宝退货退款到账128元,-128,CNY,淘宝退货,anchor,2026-08-31,2026-08-31
refund_shopping-en-001,en,refund_shopping,购物退款,Shopping Refunds,negative_expense,Taobao return refund credited 128 yuan,-128,CNY,Taobao return,anchor,2026-08-31,2026-08-31
refund_shopping-zh-002,zh,refund_shopping,购物退款,Shopping Refunds,negative_expense,京东自营退款退了89块,-89,CNY,京东退款,anchor,2026-08-31,2026-08-31
refund_shopping-en-002,en,refund_shopping,购物退款,Shopping Refunds,negative_expense,JD self-operated refund got back 89,-89,CNY,JD refund,anchor,2026-08-31,2026-08-31
refund_shopping-zh-003,zh,refund_shopping,购物退款,Shopping Refunds,negative_expense,拼多多砍价订单退款36.5元,-36.5,CNY,拼多多退,anchor,2026-08-31,2026-08-31
refund_shopping-en-003,en,refund_shopping,购物退款,Shopping Refunds,negative_expense,Pinduoduo bargain order refund 36.5 yuan,-36.5,CNY,Pinduoduo refund,anchor,2026-08-31,2026-08-31
refund_shopping-zh-004,zh,refund_shopping,购物退款,Shopping Refunds,negative_expense,美团外卖取消订单退款22元,-22,CNY,外卖退款,anchor,2026-08-31,2026-08-31
refund_shopping-en-004,en,refund_shopping,购物退款,Shopping Refunds,negative_expense,Meituan takeout cancelled order refund 22 yuan,-22,CNY,Takeout refund,anchor,2026-08-31,2026-08-31
refund_shopping-zh-005,zh,refund_shopping,购物退款,Shopping Refunds,negative_expense,饿了么超时赔付退款15块,-15,CNY,外卖赔付,anchor,2026-08-31,2026-08-31
refund_shopping-en-005,en,refund_shopping,购物退款,Shopping Refunds,negative_expense,Ele.me late delivery compensation refund 15,-15,CNY,Delivery comp,anchor,2026-08-31,2026-08-31
refund_shopping-zh-006,zh,refund_shopping,购物退款,Shopping Refunds,negative_expense,盒马鲜生缺货退款45元,-45,CNY,盒马退款,anchor,2026-08-31,2026-08-31
refund_shopping-en-006,en,refund_shopping,购物退款,Shopping Refunds,negative_expense,Freshippo out-of-stock refund 45 yuan,-45,CNY,Freshippo refund,anchor,2026-08-31,2026-08-31
refund_shopping-zh-007,zh,refund_shopping,购物退款,Shopping Refunds,negative_expense,天猫超市凑单退款12.8元,-12.8,CNY,天猫退款,anchor,2026-08-31,2026-08-31
refund_shopping-en-007,en,refund_shopping,购物退款,Shopping Refunds,negative_expense,Tmall supermarket bundle refund 12.8 yuan,-12.8,CNY,Tmall refund,anchor,2026-08-31,2026-08-31
refund_shopping-zh-008,zh,refund_shopping,购物退款,Shopping Refunds,negative_expense,抖音商城退货退款199元,-199,CNY,抖音退货,anchor,2026-08-31,2026-08-31
refund_shopping-en-008,en,refund_shopping,购物退款,Shopping Refunds,negative_expense,Douyin shop return refund 199 yuan,-199,CNY,Douyin return,anchor,2026-08-31,2026-08-31
refund_shopping-zh-009,zh,refund_shopping,购物退款,Shopping Refunds,negative_expense,闲鱼买家取消交易退回50块,-50,CNY,闲鱼退回,anchor,2026-08-31,2026-08-31
refund_shopping-en-009,en,refund_shopping,购物退款,Shopping Refunds,negative_expense,Xianyu buyer cancelled deal returned 50,-50,CNY,Xianyu return,anchor,2026-08-31,2026-08-31
refund_shopping-zh-010,zh,refund_shopping,购物退款,Shopping Refunds,negative_expense,山姆网购差价退回68元,-68,CNY,山姆退差,anchor,2026-08-31,2026-08-31
refund_shopping-en-010,en,refund_shopping,购物退款,Shopping Refunds,negative_expense,Sam's Club online price difference refund 68 yuan,-68,CNY,Sam's price adj,anchor,2026-08-31,2026-08-31
refund_shopping-zh-011,zh,refund_shopping,购物退款,Shopping Refunds,negative_expense,优衣库门店退货退款299HKD,-299,HKD,优衣库退,anchor,2026-08-31,2026-08-31
refund_shopping-en-011,en,refund_shopping,购物退款,Shopping Refunds,negative_expense,Uniqlo store return refund 299 HKD,-299,HKD,Uniqlo return,anchor,2026-08-31,2026-08-31
refund_shopping-zh-012,zh,refund_shopping,购物退款,Shopping Refunds,negative_expense,Zara官网退货到账180港币,-180,HKD,Zara退货,anchor,2026-08-31,2026-08-31
refund_shopping-en-012,en,refund_shopping,购物退款,Shopping Refunds,negative_expense,Zara online return credited 180 HK dollars,-180,HKD,Zara return,anchor,2026-08-31,2026-08-31
refund_shopping-zh-013,zh,refund_shopping,购物退款,Shopping Refunds,negative_expense,屈臣氏买错色号退款88块,-88,HKD,屈臣氏退,anchor,2026-08-31,2026-08-31
refund_shopping-en-013,en,refund_shopping,购物退款,Shopping Refunds,negative_expense,Watsons wrong shade refund 88,-88,HKD,Watsons refund,anchor,2026-08-31,2026-08-31
refund_shopping-zh-014,zh,refund_shopping,购物退款,Shopping Refunds,negative_expense,百佳超市退货退款56元,-56,CNY,百佳退货,anchor,2026-08-31,2026-08-31
refund_shopping-en-014,en,refund_shopping,购物退款,Shopping Refunds,negative_expense,PARKnSHOP return refund 56 yuan,-56,CNY,PARKnSHOP return,anchor,2026-08-31,2026-08-31
refund_shopping-zh-015,zh,refund_shopping,购物退款,Shopping Refunds,negative_expense,华润万家小票退货退了33块,-33,CNY,华润退货,anchor,2026-08-31,2026-08-31
refund_shopping-en-015,en,refund_shopping,购物退款,Shopping Refunds,negative_expense,CR Vanguard receipt return got back 33,-33,CNY,CR Vanguard return,anchor,2026-08-31,2026-08-31
refund_shopping-zh-016,zh,refund_shopping,购物退款,Shopping Refunds,negative_expense,Costco会员卡购物退款420元,-420,CNY,Costco退,anchor,2026-08-31,2026-08-31
refund_shopping-en-016,en,refund_shopping,购物退款,Shopping Refunds,negative_expense,Costco membership purchase refund 420 yuan,-420,CNY,Costco refund,anchor,2026-08-31,2026-08-31
refund_shopping-zh-017,zh,refund_shopping,购物退款,Shopping Refunds,negative_expense,IKEA宜家大件退货退款750元,-750,CNY,宜家退货,anchor,2026-08-31,2026-08-31
refund_shopping-en-017,en,refund_shopping,购物退款,Shopping Refunds,negative_expense,IKEA large item return refund 750 yuan,-750,CNY,IKEA return,anchor,2026-08-31,2026-08-31
refund_shopping-zh-018,zh,refund_shopping,购物退款,Shopping Refunds,negative_expense,得物鉴别不过退款899块,-899,CNY,得物退款,anchor,2026-08-31,2026-08-31
refund_shopping-en-018,en,refund_shopping,购物退款,Shopping Refunds,negative_expense,Poizon failed authentication refund 899,-899,CNY,Poizon refund,anchor,2026-08-31,2026-08-31
refund_shopping-zh-019,zh,refund_shopping,购物退款,Shopping Refunds,negative_expense,小红书种草买贵了退差25元,-25,CNY,小红书退,anchor,2026-08-31,2026-08-31
refund_shopping-en-019,en,refund_shopping,购物退款,Shopping Refunds,negative_expense,Xiaohongshu overpaid price match refund 25 yuan,-25,CNY,XHS refund,anchor,2026-08-31,2026-08-31
refund_shopping-zh-020,zh,refund_shopping,购物退款,Shopping Refunds,negative_expense,考拉海购清关失败退款310元,-310,CNY,考拉退款,anchor,2026-08-31,2026-08-31
refund_shopping-en-020,en,refund_shopping,购物退款,Shopping Refunds,negative_expense,Kaola customs clearance failed refund 310 yuan,-310,CNY,Kaola refund,anchor,2026-08-31,2026-08-31
refund_shopping-zh-021,zh,refund_shopping,购物退款,Shopping Refunds,negative_expense,昨天淘宝衣服尺码不对退款158元,-158,CNY,尺码退款,rel:-1,2026-08-30,2026-08-31
refund_shopping-en-021,en,refund_shopping,购物退款,Shopping Refunds,negative_expense,Yesterday Taobao wrong size clothes refund 158 yuan,-158,CNY,Size refund,rel:-1,2026-08-30,2026-08-31
refund_shopping-zh-022,zh,refund_shopping,购物退款,Shopping Refunds,negative_expense,前天京东家电安装取消退款1200块,-1200,CNY,家电退款,rel:-1,2026-08-30,2026-08-31
refund_shopping-en-022,en,refund_shopping,购物退款,Shopping Refunds,negative_expense,Day before yesterday JD appliance install cancel refund 1200,-1200,CNY,Appliance refund,rel:-1,2026-08-30,2026-08-31
refund_shopping-zh-023,zh,refund_shopping,购物退款,Shopping Refunds,negative_expense,今天叮咚买菜缺斤少两退3.5元,-3.5,CNY,缺斤退差,rel:0,2026-08-31,2026-08-31
refund_shopping-en-023,en,refund_shopping,购物退款,Shopping Refunds,negative_expense,Today Dingdong groceries short weight refund 3.5 yuan,-3.5,CNY,Weight refund,rel:0,2026-08-31,2026-08-31
refund_shopping-zh-024,zh,refund_shopping,购物退款,Shopping Refunds,negative_expense,今早朴朴超市坏果退款18块,-18,CNY,坏果退款,rel:0,2026-08-31,2026-08-31
refund_shopping-en-024,en,refund_shopping,购物退款,Shopping Refunds,negative_expense,This morning Pupu bad fruit refund 18,-18,CNY,Bad fruit refund,rel:0,2026-08-31,2026-08-31
refund_shopping-zh-025,zh,refund_shopping,购物退款,Shopping Refunds,negative_expense,大前天拼多多仅退款到账27元,-27,CNY,仅退款,rel:-2,2026-08-29,2026-08-31
refund_shopping-en-025,en,refund_shopping,购物退款,Shopping Refunds,negative_expense,Three days ago Pinduoduo refund-only credited 27 yuan,-27,CNY,Refund only,rel:-2,2026-08-29,2026-08-31
refund_shopping-zh-026,zh,refund_shopping,购物退款,Shopping Refunds,negative_expense,上周盒马会员日多扣退回66块,-66,CNY,多扣退回,rel:-2,2026-08-29,2026-08-31
refund_shopping-en-026,en,refund_shopping,购物退款,Shopping Refunds,negative_expense,Last week Freshippo member day overcharge returned 66,-66,CNY,Overcharge back,rel:-2,2026-08-29,2026-08-31
refund_shopping-zh-027,zh,refund_shopping,购物退款,Shopping Refunds,negative_expense,明天预计天猫预售定金退回100元,-100,CNY,定金退回,rel:-3,2026-08-28,2026-08-31
refund_shopping-en-027,en,refund_shopping,购物退款,Shopping Refunds,negative_expense,Tomorrow expected Tmall presale deposit return 100 yuan,-100,CNY,Deposit return,rel:-3,2026-08-28,2026-08-31
refund_shopping-zh-028,zh,refund_shopping,购物退款,Shopping Refunds,negative_expense,今天和明天两笔外卖取消共退45元,-45,CNY,外卖连退,rel:-3,2026-08-28,2026-08-31
refund_shopping-en-028,en,refund_shopping,购物退款,Shopping Refunds,negative_expense,Today and tomorrow two cancelled takeouts total refund 45 yuan,-45,CNY,Takeout refunds,rel:-3,2026-08-28,2026-08-31
refund_shopping-zh-029,zh,refund_shopping,购物退款,Shopping Refunds,negative_expense,这三天网购退货陆续到账共退520块,-520,CNY,连退到账,rel:1,2026-09-01,2026-08-31
refund_shopping-en-029,en,refund_shopping,购物退款,Shopping Refunds,negative_expense,These three days online returns credited total 520,-520,CNY,Batch returns,rel:1,2026-09-01,2026-08-31
refund_shopping-zh-030,zh,refund_shopping,购物退款,Shopping Refunds,negative_expense,上周天天买咖啡杯都退了各退35元,-35,CNY,连买连退,rel:1,2026-09-01,2026-08-31
refund_shopping-en-030,en,refund_shopping,购物退款,Shopping Refunds,negative_expense,Last week daily coffee mug buys each refunded 35 yuan,-35,CNY,Daily refunds,rel:1,2026-09-01,2026-08-31
refund_shopping-zh-031,zh,refund_shopping,购物退款,Shopping Refunds,negative_expense,这周三商场买鞋不合适退280元,-280,CNY,买鞋退货,"rel:0,1",2026-08-31|2026-09-01,2026-08-31
refund_shopping-en-031,en,refund_shopping,购物退款,Shopping Refunds,negative_expense,This Wednesday mall shoes didn't fit refund 280 yuan,-280,CNY,Shoe return,"rel:0,1",2026-08-31|2026-09-01,2026-08-31
refund_shopping-zh-032,zh,refund_shopping,购物退款,Shopping Refunds,negative_expense,上周五网购羽绒服退货到账650块,-650,CNY,羽绒服退,span:0:2,2026-08-31|2026-09-01|2026-09-02,2026-08-31
refund_shopping-en-032,en,refund_shopping,购物退款,Shopping Refunds,negative_expense,Last Friday online down jacket return credited 650,-650,CNY,Jacket return,span:0:2,2026-08-31|2026-09-01|2026-09-02,2026-08-31
refund_shopping-zh-033,zh,refund_shopping,购物退款,Shopping Refunds,negative_expense,8月20日淘宝双十一预售退差88元,-88,CNY,预售退差,week:-1,2026-08-24|2026-08-25|2026-08-26|2026-08-27|2026-08-28|2026-08-29|2026-08-30,2026-08-31
refund_shopping-en-033,en,refund_shopping,购物退款,Shopping Refunds,negative_expense,Aug 20 Taobao presale price difference refund 88 yuan,-88,CNY,Presale refund,week:-1,2026-08-24|2026-08-25|2026-08-26|2026-08-27|2026-08-28|2026-08-29|2026-08-30,2026-08-31
refund_shopping-zh-034,zh,refund_shopping,购物退款,Shopping Refunds,negative_expense,8月15日京东全球购关税退回45块,-45,CNY,关税退回,weekday:3,2026-09-02,2026-08-31
refund_shopping-en-034,en,refund_shopping,购物退款,Shopping Refunds,negative_expense,Aug 15 JD global purchase tariff refund 45,-45,CNY,Tariff refund,weekday:3,2026-09-02,2026-08-31
refund_shopping-zh-035,zh,refund_shopping,购物退款,Shopping Refunds,negative_expense,顺丰到付拒收退回货款230元,-230,CNY,拒收退回,weekday:-1:5,2026-08-28,2026-08-31
refund_shopping-en-035,en,refund_shopping,购物退款,Shopping Refunds,negative_expense,SF COD rejected delivery returned goods payment 230 yuan,-230,CNY,Rejected COD,weekday:-1:5,2026-08-28,2026-08-31
refund_shopping-zh-036,zh,refund_shopping,购物退款,Shopping Refunds,negative_expense,菜鸟驿站错发包裹退回79块,-79,CNY,错发退回,ymd:2026-08-20,2026-08-20,2026-08-31
refund_shopping-en-036,en,refund_shopping,购物退款,Shopping Refunds,negative_expense,Cainiao wrong parcel sent back refund 79,-79,CNY,Wrong parcel,ymd:2026-08-20,2026-08-20,2026-08-31
refund_shopping-zh-037,zh,refund_shopping,购物退款,Shopping Refunds,negative_expense,唯品会特卖抢贵了退差42元,-42,CNY,唯品退差,ymd:2026-08-15,2026-08-15,2026-08-31
refund_shopping-en-037,en,refund_shopping,购物退款,Shopping Refunds,negative_expense,Vipshop flash sale overpaid refund 42 yuan,-42,CNY,Vipshop refund,ymd:2026-08-15,2026-08-15,2026-08-31
refund_shopping-zh-038,zh,refund_shopping,购物退款,Shopping Refunds,negative_expense,网易严选质量问题退款156元,-156,CNY,严选退款,anchor,2026-08-31,2026-08-31
refund_shopping-en-038,en,refund_shopping,购物退款,Shopping Refunds,negative_expense,NetEase Yanxuan quality issue refund 156 yuan,-156,CNY,Yanxuan refund,anchor,2026-08-31,2026-08-31
refund_shopping-zh-039,zh,refund_shopping,购物退款,Shopping Refunds,negative_expense,小米有品众筹失败原路退回99块,-99,CNY,众筹退回,anchor,2026-08-31,2026-08-31
refund_shopping-en-039,en,refund_shopping,购物退款,Shopping Refunds,negative_expense,Youpin crowdfunding failed original path refund 99,-99,CNY,Crowdfund back,anchor,2026-08-31,2026-08-31
refund_shopping-zh-040,zh,refund_shopping,购物退款,Shopping Refunds,negative_expense,7-11便利店买水买重了退11元,-11,CNY,便利店退,anchor,2026-08-31,2026-08-31
refund_shopping-en-040,en,refund_shopping,购物退款,Shopping Refunds,negative_expense,7-Eleven duplicate water purchase refund 11 yuan,-11,CNY,7-11 refund,anchor,2026-08-31,2026-08-31
refund_shopping-zh-041,zh,refund_shopping,购物退款,Shopping Refunds,negative_expense,全家FamilyMart关东煮退单8.5块,-8.5,CNY,关东煮退,anchor,2026-08-31,2026-08-31
refund_shopping-en-041,en,refund_shopping,购物退款,Shopping Refunds,negative_expense,FamilyMart oden order cancel refund 8.5,-8.5,CNY,Oden cancel,anchor,2026-08-31,2026-08-31
refund_shopping-zh-042,zh,refund_shopping,购物退款,Shopping Refunds,negative_expense,华润堂买保健品退货退款268HKD,-268,HKD,保健品退,anchor,2026-08-31,2026-08-31
refund_shopping-en-042,en,refund_shopping,购物退款,Shopping Refunds,negative_expense,CRCare health supplement return refund 268 HKD,-268,HKD,Supplement return,anchor,2026-08-31,2026-08-31
refund_shopping-zh-043,zh,refund_shopping,购物退款,Shopping Refunds,negative_expense,惠康超市买水果坏了退22港币,-22,HKD,水果退款,anchor,2026-08-31,2026-08-31
refund_shopping-en-043,en,refund_shopping,购物退款,Shopping Refunds,negative_expense,Wellcome bad fruit refund 22 HK dollars,-22,HKD,Fruit refund,anchor,2026-08-31,2026-08-31
refund_shopping-zh-044,zh,refund_shopping,购物退款,Shopping Refunds,negative_expense,亚马逊海外购退货运费退回35USD,-35,USD,运费退回,anchor,2026-08-31,2026-08-31
refund_shopping-en-044,en,refund_shopping,购物退款,Shopping Refunds,negative_expense,Amazon global return shipping fee refunded 35 USD,-35,USD,Shipping refund,anchor,2026-08-31,2026-08-31
refund_shopping-zh-045,zh,refund_shopping,购物退款,Shopping Refunds,negative_expense,Target网购多收税费退回18美元,-18,USD,税费退回,anchor,2026-08-31,2026-08-31
refund_shopping-en-045,en,refund_shopping,购物退款,Shopping Refunds,negative_expense,Target online overcharged tax refunded 18 dollars,-18,USD,Tax refund,anchor,2026-08-31,2026-08-31
refund_shopping-zh-046,zh,refund_shopping,购物退款,Shopping Refunds,negative_expense,澳门新八佰伴退货退款120葡币,-120,MOP,新八佰伴,anchor,2026-08-31,2026-08-31
refund_shopping-en-046,en,refund_shopping,购物退款,Shopping Refunds,negative_expense,Macau New Yaohan return refund 120 patacas,-120,MOP,New Yaohan,anchor,2026-08-31,2026-08-31
refund_shopping-zh-047,zh,refund_shopping,购物退款,Shopping Refunds,negative_expense,日本代购取消订单退回2800日元,-2800,JPY,代购取消,anchor,2026-08-31,2026-08-31
refund_shopping-en-047,en,refund_shopping,购物退款,Shopping Refunds,negative_expense,Japan proxy order cancelled returned 2800 yen,-2800,JPY,Proxy cancel,anchor,2026-08-31,2026-08-31
refund_shopping-zh-048,zh,refund_shopping,购物退款,Shopping Refunds,negative_expense,抖音直播拍多了退款66元,-66,CNY,直播退款,anchor,2026-08-31,2026-08-31
refund_shopping-en-048,en,refund_shopping,购物退款,Shopping Refunds,negative_expense,Douyin live stream over-ordered refund 66 yuan,-66,CNY,Live refund,anchor,2026-08-31,2026-08-31
refund_shopping-zh-049,zh,refund_shopping,购物退款,Shopping Refunds,negative_expense,快手小店假货鉴定退款188块,-188,CNY,假货退款,anchor,2026-08-31,2026-08-31
refund_shopping-en-049,en,refund_shopping,购物退款,Shopping Refunds,negative_expense,Kuaishou shop fake goods verified refund 188,-188,CNY,Fake goods refund,anchor,2026-08-31,2026-08-31
refund_shopping-zh-050,zh,refund_shopping,购物退款,Shopping Refunds,negative_expense,苏宁以旧换新补贴退回300元,-300,CNY,以旧换新,anchor,2026-08-31,2026-08-31
refund_shopping-en-050,en,refund_shopping,购物退款,Shopping Refunds,negative_expense,Suning trade-in subsidy returned 300 yuan,-300,CNY,Trade-in rebate,anchor,2026-08-31,2026-08-31
refund_tickets-zh-001,zh,refund_tickets,票务退款,Ticket Refunds,negative_expense,国航航班取消退款到账1280元,-1280,CNY,航班取消,anchor,2026-08-31,2026-08-31
refund_tickets-en-001,en,refund_tickets,票务退款,Ticket Refunds,negative_expense,Air China flight cancelled refund credited 1280 yuan,-1280,CNY,Flight cancel,anchor,2026-08-31,2026-08-31
refund_tickets-zh-002,zh,refund_tickets,票务退款,Ticket Refunds,negative_expense,东航改签差价退回350块,-350,CNY,改签退差,anchor,2026-08-31,2026-08-31
refund_tickets-en-002,en,refund_tickets,票务退款,Ticket Refunds,negative_expense,China Eastern rebooking fare difference returned 350,-350,CNY,Rebook refund,anchor,2026-08-31,2026-08-31
refund_tickets-zh-003,zh,refund_tickets,票务退款,Ticket Refunds,negative_expense,南航误机险赔付退款200元,-200,CNY,误机险赔,anchor,2026-08-31,2026-08-31
refund_tickets-en-003,en,refund_tickets,票务退款,Ticket Refunds,negative_expense,China Southern missed flight insurance payout 200 yuan,-200,CNY,Missed flight,anchor,2026-08-31,2026-08-31
refund_tickets-zh-004,zh,refund_tickets,票务退款,Ticket Refunds,negative_expense,12306高铁票退票到账86.5元,-86.5,CNY,高铁退票,anchor,2026-08-31,2026-08-31
refund_tickets-en-004,en,refund_tickets,票务退款,Ticket Refunds,negative_expense,12306 high-speed rail ticket refund credited 86.5 yuan,-86.5,CNY,HSR refund,anchor,2026-08-31,2026-08-31
refund_tickets-zh-005,zh,refund_tickets,票务退款,Ticket Refunds,negative_expense,广深港高铁改签退回120港币,-120,HKD,广深高铁,anchor,2026-08-31,2026-08-31
refund_tickets-en-005,en,refund_tickets,票务退款,Ticket Refunds,negative_expense,Guangzhou-Shenzhen-HK express rebook refund 120 HKD,-120,HKD,XRL refund,anchor,2026-08-31,2026-08-31
refund_tickets-zh-006,zh,refund_tickets,票务退款,Ticket Refunds,negative_expense,港铁八达通多扣退回15块,-15,HKD,港铁退差,anchor,2026-08-31,2026-08-31
refund_tickets-en-006,en,refund_tickets,票务退款,Ticket Refunds,negative_expense,MTR Octopus overcharge returned 15,-15,HKD,MTR refund,anchor,2026-08-31,2026-08-31
refund_tickets-zh-007,zh,refund_tickets,票务退款,Ticket Refunds,negative_expense,淘票票电影票退票退款45元,-45,CNY,电影退票,anchor,2026-08-31,2026-08-31
refund_tickets-en-007,en,refund_tickets,票务退款,Ticket Refunds,negative_expense,Taopiaopiao movie ticket refund 45 yuan,-45,CNY,Movie refund,anchor,2026-08-31,2026-08-31
refund_tickets-zh-008,zh,refund_tickets,票务退款,Ticket Refunds,negative_expense,猫眼演出取消退款280块,-280,CNY,演出取消,anchor,2026-08-31,2026-08-31
refund_tickets-en-008,en,refund_tickets,票务退款,Ticket Refunds,negative_expense,Maoyan show cancelled refund 280,-280,CNY,Show cancel,anchor,2026-08-31,2026-08-31
refund_tickets-zh-009,zh,refund_tickets,票务退款,Ticket Refunds,negative_expense,大麦网演唱会延期退款680元,-680,CNY,演唱会退,anchor,2026-08-31,2026-08-31
refund_tickets-en-009,en,refund_tickets,票务退款,Ticket Refunds,negative_expense,Damai concert postponed refund 680 yuan,-680,CNY,Concert refund,anchor,2026-08-31,2026-08-31
refund_tickets-zh-010,zh,refund_tickets,票务退款,Ticket Refunds,negative_expense,携程酒店免费取消退回520元,-520,CNY,酒店取消,anchor,2026-08-31,2026-08-31
refund_tickets-en-010,en,refund_tickets,票务退款,Ticket Refunds,negative_expense,Ctrip hotel free cancellation returned 520 yuan,-520,CNY,Hotel cancel,anchor,2026-08-31,2026-08-31
refund_tickets-zh-011,zh,refund_tickets,票务退款,Ticket Refunds,negative_expense,飞猪机票航变全额退899块,-899,CNY,航变退款,anchor,2026-08-31,2026-08-31
refund_tickets-en-011,en,refund_tickets,票务退款,Ticket Refunds,negative_expense,Fliggy flight schedule change full refund 899,-899,CNY,Schedule change,anchor,2026-08-31,2026-08-31
refund_tickets-zh-012,zh,refund_tickets,票务退款,Ticket Refunds,negative_expense,同程旅行火车票抢票失败退25元,-25,CNY,抢票失败,anchor,2026-08-31,2026-08-31
refund_tickets-en-012,en,refund_tickets,票务退款,Ticket Refunds,negative_expense,Tongcheng train ticket grab failed refund 25 yuan,-25,CNY,Grab failed,anchor,2026-08-31,2026-08-31
refund_tickets-zh-013,zh,refund_tickets,票务退款,Ticket Refunds,negative_expense,Booking.com订房取消退180USD,-180,USD,Booking退,anchor,2026-08-31,2026-08-31
refund_tickets-en-013,en,refund_tickets,票务退款,Ticket Refunds,negative_expense,Booking.com room cancel refund 180 USD,-180,USD,Booking cancel,anchor,2026-08-31,2026-08-31
refund_tickets-zh-014,zh,refund_tickets,票务退款,Ticket Refunds,negative_expense,Agoda酒店no-show退差45美元,-45,USD,Agoda退,anchor,2026-08-31,2026-08-31
refund_tickets-en-014,en,refund_tickets,票务退款,Ticket Refunds,negative_expense,Agoda hotel no-show partial refund 45 dollars,-45,USD,Agoda refund,anchor,2026-08-31,2026-08-31
refund_tickets-zh-015,zh,refund_tickets,票务退款,Ticket Refunds,negative_expense,迪士尼门票未使用退款399港币,-399,HKD,迪士尼退,anchor,2026-08-31,2026-08-31
refund_tickets-en-015,en,refund_tickets,票务退款,Ticket Refunds,negative_expense,Disney ticket unused refund 399 HK dollars,-399,HKD,Disney refund,anchor,2026-08-31,2026-08-31
refund_tickets-zh-016,zh,refund_tickets,票务退款,Ticket Refunds,negative_expense,海洋公园年卡退卡到账650块,-650,HKD,年卡退卡,anchor,2026-08-31,2026-08-31
refund_tickets-en-016,en,refund_tickets,票务退款,Ticket Refunds,negative_expense,Ocean Park annual pass cancel credited 650,-650,HKD,Pass cancel,anchor,2026-08-31,2026-08-31
refund_tickets-zh-017,zh,refund_tickets,票务退款,Ticket Refunds,negative_expense,深圳北到广州南高铁退一张55元,-55,CNY,高铁单程,anchor,2026-08-31,2026-08-31
refund_tickets-en-017,en,refund_tickets,票务退款,Ticket Refunds,negative_expense,Shenzhen North to Guangzhou South HSR one ticket refund 55 yuan,-55,CNY,One-way HSR,anchor,2026-08-31,2026-08-31
refund_tickets-zh-018,zh,refund_tickets,票务退款,Ticket Refunds,negative_expense,北京南到上海虹桥二等座退票553块,-553,CNY,京沪高铁,anchor,2026-08-31,2026-08-31
refund_tickets-en-018,en,refund_tickets,票务退款,Ticket Refunds,negative_expense,Beijing South to Shanghai Hongqiao second class refund 553,-553,CNY,Beijing-Shanghai,anchor,2026-08-31,2026-08-31
refund_tickets-zh-019,zh,refund_tickets,票务退款,Ticket Refunds,negative_expense,春秋航空超售补偿退款300元,-300,CNY,超售补偿,anchor,2026-08-31,2026-08-31
refund_tickets-en-019,en,refund_tickets,票务退款,Ticket Refunds,negative_expense,Spring Airlines oversell compensation refund 300 yuan,-300,CNY,Oversell comp,anchor,2026-08-31,2026-08-31
refund_tickets-zh-020,zh,refund_tickets,票务退款,Ticket Refunds,negative_expense,吉祥航空延误险理赔到账150元,-150,CNY,延误理赔,anchor,2026-08-31,2026-08-31
refund_tickets-en-020,en,refund_tickets,票务退款,Ticket Refunds,negative_expense,Juneyao delay insurance claim credited 150 yuan,-150,CNY,Delay claim,anchor,2026-08-31,2026-08-31
refund_tickets-zh-021,zh,refund_tickets,票务退款,Ticket Refunds,negative_expense,昨天电影票开场前退票退了38块,-38,CNY,昨电影退,rel:-1,2026-08-30,2026-08-31
refund_tickets-en-021,en,refund_tickets,票务退款,Ticket Refunds,negative_expense,Yesterday movie ticket pre-show refund got back 38,-38,CNY,Yesterday movie,rel:-1,2026-08-30,2026-08-31
refund_tickets-zh-022,zh,refund_tickets,票务退款,Ticket Refunds,negative_expense,前天演唱会因台风取消退480元,-480,CNY,台风取消,rel:-1,2026-08-30,2026-08-31
refund_tickets-en-022,en,refund_tickets,票务退款,Ticket Refunds,negative_expense,Day before yesterday concert typhoon cancel refund 480 yuan,-480,CNY,Typhoon cancel,rel:-1,2026-08-30,2026-08-31
refund_tickets-zh-023,zh,refund_tickets,票务退款,Ticket Refunds,negative_expense,今天抢的火车票退票到账72元,-72,CNY,今日退票,rel:0,2026-08-31,2026-08-31
refund_tickets-en-023,en,refund_tickets,票务退款,Ticket Refunds,negative_expense,Today grabbed train ticket refund credited 72 yuan,-72,CNY,Today refund,rel:0,2026-08-31,2026-08-31
refund_tickets-zh-024,zh,refund_tickets,票务退款,Ticket Refunds,negative_expense,今早航班升舱失败原路退220块,-220,CNY,升舱失败,rel:0,2026-08-31,2026-08-31
refund_tickets-en-024,en,refund_tickets,票务退款,Ticket Refunds,negative_expense,This morning flight upgrade failed original refund 220,-220,CNY,Upgrade fail,rel:0,2026-08-31,2026-08-31
refund_tickets-zh-025,zh,refund_tickets,票务退款,Ticket Refunds,negative_expense,大前天民宿房东同意取消退260元,-260,CNY,民宿取消,rel:-2,2026-08-29,2026-08-31
refund_tickets-en-025,en,refund_tickets,票务退款,Ticket Refunds,negative_expense,Three days ago homestay host agreed cancel refund 260 yuan,-260,CNY,Homestay cancel,rel:-2,2026-08-29,2026-08-31
refund_tickets-zh-026,zh,refund_tickets,票务退款,Ticket Refunds,negative_expense,上周高铁候补没兑现退全款95块,-95,CNY,候补退全,rel:-2,2026-08-29,2026-08-31
refund_tickets-en-026,en,refund_tickets,票务退款,Ticket Refunds,negative_expense,Last week HSR waitlist unfulfilled full refund 95,-95,CNY,Waitlist refund,rel:-2,2026-08-29,2026-08-31
refund_tickets-zh-027,zh,refund_tickets,票务退款,Ticket Refunds,negative_expense,明天音乐会门票转让平台退120元,-120,CNY,票转让退,rel:-3,2026-08-28,2026-08-31
refund_tickets-en-027,en,refund_tickets,票务退款,Ticket Refunds,negative_expense,Tomorrow concert ticket resale platform refund 120 yuan,-120,CNY,Resale refund,rel:-3,2026-08-28,2026-08-31
refund_tickets-zh-028,zh,refund_tickets,票务退款,Ticket Refunds,negative_expense,今天和明天两晚酒店连退共退880元,-880,CNY,连住取消,rel:-3,2026-08-28,2026-08-31
refund_tickets-en-028,en,refund_tickets,票务退款,Ticket Refunds,negative_expense,Today and tomorrow two hotel nights cancel total refund 880 yuan,-880,CNY,Multi-night cancel,rel:-3,2026-08-28,2026-08-31
refund_tickets-zh-029,zh,refund_tickets,票务退款,Ticket Refunds,negative_expense,这三天展会门票陆续退回共150块,-150,CNY,展会退票,rel:1,2026-09-01,2026-08-31
refund_tickets-en-029,en,refund_tickets,票务退款,Ticket Refunds,negative_expense,These three days expo tickets gradually returned total 150,-150,CNY,Expo refunds,rel:1,2026-09-01,2026-08-31
refund_tickets-zh-030,zh,refund_tickets,票务退款,Ticket Refunds,negative_expense,上周天天买的地铁日票都退了各10元,-10,CNY,日票连退,rel:1,2026-09-01,2026-08-31
refund_tickets-en-030,en,refund_tickets,票务退款,Ticket Refunds,negative_expense,Last week daily metro day passes each refunded 10 yuan,-10,CNY,Daily pass refund,rel:1,2026-09-01,2026-08-31
refund_tickets-zh-031,zh,refund_tickets,票务退款,Ticket Refunds,negative_expense,这周三话剧票临时有事退180元,-180,CNY,话剧退票,"rel:0,1",2026-08-31|2026-09-01,2026-08-31
refund_tickets-en-031,en,refund_tickets,票务退款,Ticket Refunds,negative_expense,This Wednesday play ticket personal cancel refund 180 yuan,-180,CNY,Play refund,"rel:0,1",2026-08-31|2026-09-01,2026-08-31
refund_tickets-zh-032,zh,refund_tickets,票务退款,Ticket Refunds,negative_expense,上周五羽毛球馆订场取消退60块,-60,CNY,订场取消,span:0:2,2026-08-31|2026-09-01|2026-09-02,2026-08-31
refund_tickets-en-032,en,refund_tickets,票务退款,Ticket Refunds,negative_expense,Last Friday badminton court booking cancel refund 60,-60,CNY,Court cancel,span:0:2,2026-08-31|2026-09-01|2026-09-02,2026-08-31
refund_tickets-zh-033,zh,refund_tickets,票务退款,Ticket Refunds,negative_expense,8月20日机票降价退差退回66元,-66,CNY,机票退差,week:-1,2026-08-24|2026-08-25|2026-08-26|2026-08-27|2026-08-28|2026-08-29|2026-08-30,2026-08-31
refund_tickets-en-033,en,refund_tickets,票务退款,Ticket Refunds,negative_expense,Aug 20 flight price drop difference refund 66 yuan,-66,CNY,Fare drop,week:-1,2026-08-24|2026-08-25|2026-08-26|2026-08-27|2026-08-28|2026-08-29|2026-08-30,2026-08-31
refund_tickets-zh-034,zh,refund_tickets,票务退款,Ticket Refunds,negative_expense,8月15日温泉酒店套餐退款388块,-388,CNY,温泉套餐,weekday:3,2026-09-02,2026-08-31
refund_tickets-en-034,en,refund_tickets,票务退款,Ticket Refunds,negative_expense,Aug 15 hot spring hotel package refund 388,-388,CNY,Hot spring pkg,weekday:3,2026-09-02,2026-08-31
refund_tickets-zh-035,zh,refund_tickets,票务退款,Ticket Refunds,negative_expense,Klook景点门票未成行退95港币,-95,HKD,Klook退,weekday:-1:5,2026-08-28,2026-08-31
refund_tickets-en-035,en,refund_tickets,票务退款,Ticket Refunds,negative_expense,Klook attraction ticket unused refund 95 HKD,-95,HKD,Klook refund,weekday:-1:5,2026-08-28,2026-08-31
refund_tickets-zh-036,zh,refund_tickets,票务退款,Ticket Refunds,negative_expense,澳门威尼斯人表演票退220葡币,-220,MOP,威尼斯人,ymd:2026-08-20,2026-08-20,2026-08-31
refund_tickets-en-036,en,refund_tickets,票务退款,Ticket Refunds,negative_expense,Macau Venetian show ticket refund 220 patacas,-220,MOP,Venetian show,ymd:2026-08-20,2026-08-20,2026-08-31
refund_tickets-zh-037,zh,refund_tickets,票务退款,Ticket Refunds,negative_expense,日本新干线指定席取消退8500日元,-8500,JPY,新干线退,ymd:2026-08-15,2026-08-15,2026-08-31
refund_tickets-en-037,en,refund_tickets,票务退款,Ticket Refunds,negative_expense,Japan Shinkansen reserved seat cancel refund 8500 yen,-8500,JPY,Shinkansen refund,ymd:2026-08-15,2026-08-15,2026-08-31
refund_tickets-zh-038,zh,refund_tickets,票务退款,Ticket Refunds,negative_expense,深圳航空自愿退票扣手续费后退410元,-410,CNY,自愿退票,anchor,2026-08-31,2026-08-31
refund_tickets-en-038,en,refund_tickets,票务退款,Ticket Refunds,negative_expense,Shenzhen Airlines voluntary refund after fee 410 yuan,-410,CNY,Voluntary refund,anchor,2026-08-31,2026-08-31
refund_tickets-zh-039,zh,refund_tickets,票务退款,Ticket Refunds,negative_expense,海航积分兑票失败退回1200里程等值80块,-80,CNY,积分兑退,anchor,2026-08-31,2026-08-31
refund_tickets-en-039,en,refund_tickets,票务退款,Ticket Refunds,negative_expense,Hainan Airlines points ticket failed equivalent 80 returned,-80,CNY,Points refund,anchor,2026-08-31,2026-08-31
refund_tickets-zh-040,zh,refund_tickets,票务退款,Ticket Refunds,negative_expense,广深城际列车停运全额退35元,-35,CNY,城际停运,anchor,2026-08-31,2026-08-31
refund_tickets-en-040,en,refund_tickets,票务退款,Ticket Refunds,negative_expense,Guangzhou-Shenzhen intercity suspended full refund 35 yuan,-35,CNY,Intercity suspend,anchor,2026-08-31,2026-08-31
refund_tickets-zh-041,zh,refund_tickets,票务退款,Ticket Refunds,negative_expense,国家大剧院演出改期退差价28块,-28,CNY,改期退差,anchor,2026-08-31,2026-08-31
refund_tickets-en-041,en,refund_tickets,票务退款,Ticket Refunds,negative_expense,National Centre show rescheduled price diff refund 28,-28,CNY,Reschedule diff,anchor,2026-08-31,2026-08-31
refund_tickets-zh-042,zh,refund_tickets,票务退款,Ticket Refunds,negative_expense,Livehouse演出爆满取消退98元,-98,CNY,Livehouse,anchor,2026-08-31,2026-08-31
refund_tickets-en-042,en,refund_tickets,票务退款,Ticket Refunds,negative_expense,Livehouse overcrowded cancel refund 98 yuan,-98,CNY,Livehouse cancel,anchor,2026-08-31,2026-08-31
refund_tickets-zh-043,zh,refund_tickets,票务退款,Ticket Refunds,negative_expense,滑雪季卡未开板退卡到账1200元,-1200,CNY,季卡退卡,anchor,2026-08-31,2026-08-31
refund_tickets-en-043,en,refund_tickets,票务退款,Ticket Refunds,negative_expense,Ski season pass unopened refund credited 1200 yuan,-1200,CNY,Season pass,anchor,2026-08-31,2026-08-31
refund_tickets-zh-044,zh,refund_tickets,票务退款,Ticket Refunds,negative_expense,邮轮舱位降级补偿退款560块,-560,CNY,邮轮补偿,anchor,2026-08-31,2026-08-31
refund_tickets-en-044,en,refund_tickets,票务退款,Ticket Refunds,negative_expense,Cruise cabin downgrade compensation refund 560,-560,CNY,Cruise comp,anchor,2026-08-31,2026-08-31
refund_tickets-zh-045,zh,refund_tickets,票务退款,Ticket Refunds,negative_expense,签证被拒酒店免费取消退210USD,-210,USD,签证拒签,anchor,2026-08-31,2026-08-31
refund_tickets-en-045,en,refund_tickets,票务退款,Ticket Refunds,negative_expense,Visa denied hotel free cancel refund 210 dollars,-210,USD,Visa denied,anchor,2026-08-31,2026-08-31
refund_tickets-zh-046,zh,refund_tickets,票务退款,Ticket Refunds,negative_expense,机场贵宾厅预约失败退88港币,-88,HKD,贵宾厅退,anchor,2026-08-31,2026-08-31
refund_tickets-en-046,en,refund_tickets,票务退款,Ticket Refunds,negative_expense,Airport lounge booking failed refund 88 HK dollars,-88,HKD,Lounge refund,anchor,2026-08-31,2026-08-31
refund_tickets-zh-047,zh,refund_tickets,票务退款,Ticket Refunds,negative_expense,往返机票去程取消返程退差退450元,-450,CNY,往返退差,anchor,2026-08-31,2026-08-31
refund_tickets-en-047,en,refund_tickets,票务退款,Ticket Refunds,negative_expense,Round-trip outbound cancelled return leg diff refund 450 yuan,-450,CNY,Round-trip diff,anchor,2026-08-31,2026-08-31
refund_tickets-zh-048,zh,refund_tickets,票务退款,Ticket Refunds,negative_expense,音乐节暴雨取消主办方退款199块,-199,CNY,音乐节退,anchor,2026-08-31,2026-08-31
refund_tickets-en-048,en,refund_tickets,票务退款,Ticket Refunds,negative_expense,Music festival rain cancel organizer refund 199,-199,CNY,Festival cancel,anchor,2026-08-31,2026-08-31
refund_tickets-zh-049,zh,refund_tickets,票务退款,Ticket Refunds,negative_expense,博物馆预约票过期自动退20元,-20,CNY,预约过期,anchor,2026-08-31,2026-08-31
refund_tickets-en-049,en,refund_tickets,票务退款,Ticket Refunds,negative_expense,Museum reservation expired auto refund 20 yuan,-20,CNY,Reservation expire,anchor,2026-08-31,2026-08-31
refund_tickets-zh-050,zh,refund_tickets,票务退款,Ticket Refunds,negative_expense,游船班次取消码头退款75元,-75,CNY,游船取消,anchor,2026-08-31,2026-08-31
refund_tickets-en-050,en,refund_tickets,票务退款,Ticket Refunds,negative_expense,Ferry schedule cancelled pier refund 75 yuan,-75,CNY,Ferry cancel,anchor,2026-08-31,2026-08-31
reimbursement-zh-001,zh,reimbursement,报销到账,Reimbursement,negative_expense,公司打车报销到账45元,-45,CNY,打车报销,anchor,2026-08-31,2026-08-31
reimbursement-en-001,en,reimbursement,报销到账,Reimbursement,negative_expense,Company taxi reimbursement credited 45 yuan,-45,CNY,Taxi claim,anchor,2026-08-31,2026-08-31
reimbursement-zh-002,zh,reimbursement,报销到账,Reimbursement,negative_expense,出差高铁票报销退回268块,-268,CNY,高铁报销,anchor,2026-08-31,2026-08-31
reimbursement-en-002,en,reimbursement,报销到账,Reimbursement,negative_expense,Business trip HSR ticket reimbursement returned 268,-268,CNY,HSR claim,anchor,2026-08-31,2026-08-31
reimbursement-zh-003,zh,reimbursement,报销到账,Reimbursement,negative_expense,客户宴请餐费报销到账380元,-380,CNY,宴请报销,anchor,2026-08-31,2026-08-31
reimbursement-en-003,en,reimbursement,报销到账,Reimbursement,negative_expense,Client dinner expense reimbursement credited 380 yuan,-380,CNY,Dinner claim,anchor,2026-08-31,2026-08-31
reimbursement-zh-004,zh,reimbursement,报销到账,Reimbursement,negative_expense,机票差旅报销退回1560元,-1560,CNY,机票报销,anchor,2026-08-31,2026-08-31
reimbursement-en-004,en,reimbursement,报销到账,Reimbursement,negative_expense,Flight travel expense reimbursement returned 1560 yuan,-1560,CNY,Flight claim,anchor,2026-08-31,2026-08-31
reimbursement-zh-005,zh,reimbursement,报销到账,Reimbursement,negative_expense,加班打车费报销到账62.5元,-62.5,CNY,加班打车,anchor,2026-08-31,2026-08-31
reimbursement-en-005,en,reimbursement,报销到账,Reimbursement,negative_expense,Overtime taxi reimbursement credited 62.5 yuan,-62.5,CNY,OT taxi,anchor,2026-08-31,2026-08-31
reimbursement-zh-006,zh,reimbursement,报销到账,Reimbursement,negative_expense,门诊看病公司医保补充报销120块,-120,CNY,门诊报销,anchor,2026-08-31,2026-08-31
reimbursement-en-006,en,reimbursement,报销到账,Reimbursement,negative_expense,Clinic visit company medical top-up reimbursement 120,-120,CNY,Clinic claim,anchor,2026-08-31,2026-08-31
reimbursement-zh-007,zh,reimbursement,报销到账,Reimbursement,negative_expense,住院押金公司垫付退回8000元,-8000,CNY,住院垫付,anchor,2026-08-31,2026-08-31
reimbursement-en-007,en,reimbursement,报销到账,Reimbursement,negative_expense,Hospital deposit company advance returned 8000 yuan,-8000,CNY,Hospital advance,anchor,2026-08-31,2026-08-31
reimbursement-zh-008,zh,reimbursement,报销到账,Reimbursement,negative_expense,体检费用报销到账560元,-560,CNY,体检报销,anchor,2026-08-31,2026-08-31
reimbursement-en-008,en,reimbursement,报销到账,Reimbursement,negative_expense,Health check reimbursement credited 560 yuan,-560,CNY,Checkup claim,anchor,2026-08-31,2026-08-31
reimbursement-zh-009,zh,reimbursement,报销到账,Reimbursement,negative_expense,买办公用品发票报销退回89块,-89,CNY,办公用品,anchor,2026-08-31,2026-08-31
reimbursement-en-009,en,reimbursement,报销到账,Reimbursement,negative_expense,Office supplies invoice reimbursement returned 89,-89,CNY,Office supplies,anchor,2026-08-31,2026-08-31
reimbursement-zh-010,zh,reimbursement,报销到账,Reimbursement,negative_expense,团建活动费用报销到账1500元,-1500,CNY,团建报销,anchor,2026-08-31,2026-08-31
reimbursement-en-010,en,reimbursement,报销到账,Reimbursement,negative_expense,Team building expense reimbursement credited 1500 yuan,-1500,CNY,Team building,anchor,2026-08-31,2026-08-31
reimbursement-zh-011,zh,reimbursement,报销到账,Reimbursement,negative_expense,展会展位费报销退回3200块,-3200,CNY,展位报销,anchor,2026-08-31,2026-08-31
reimbursement-en-011,en,reimbursement,报销到账,Reimbursement,negative_expense,Expo booth fee reimbursement returned 3200,-3200,CNY,Booth claim,anchor,2026-08-31,2026-08-31
reimbursement-zh-012,zh,reimbursement,报销到账,Reimbursement,negative_expense,跨境出差港币打车报销180HKD,-180,HKD,港币打车,anchor,2026-08-31,2026-08-31
reimbursement-en-012,en,reimbursement,报销到账,Reimbursement,negative_expense,Cross-border trip HK taxi reimbursement 180 HKD,-180,HKD,HK taxi claim,anchor,2026-08-31,2026-08-31
reimbursement-zh-013,zh,reimbursement,报销到账,Reimbursement,negative_expense,香港酒店住宿差旅报销650港币,-650,HKD,港酒店报,anchor,2026-08-31,2026-08-31
reimbursement-en-013,en,reimbursement,报销到账,Reimbursement,negative_expense,Hong Kong hotel stay travel claim 650 HK dollars,-650,HKD,HK hotel claim,anchor,2026-08-31,2026-08-31
reimbursement-zh-014,zh,reimbursement,报销到账,Reimbursement,negative_expense,海外会议注册费报销退回95USD,-95,USD,会议注册,anchor,2026-08-31,2026-08-31
reimbursement-en-014,en,reimbursement,报销到账,Reimbursement,negative_expense,Overseas conference registration reimbursed 95 USD,-95,USD,Conference fee,anchor,2026-08-31,2026-08-31
reimbursement-zh-015,zh,reimbursement,报销到账,Reimbursement,negative_expense,美国出差小费报销到账25美元,-25,USD,小费报销,anchor,2026-08-31,2026-08-31
reimbursement-en-015,en,reimbursement,报销到账,Reimbursement,negative_expense,US business trip tip reimbursement 25 dollars,-25,USD,Tip claim,anchor,2026-08-31,2026-08-31
reimbursement-zh-016,zh,reimbursement,报销到账,Reimbursement,negative_expense,澳门出差餐饮发票报销88葡币,-88,MOP,澳门餐报,anchor,2026-08-31,2026-08-31
reimbursement-en-016,en,reimbursement,报销到账,Reimbursement,negative_expense,Macau business meal invoice claim 88 patacas,-88,MOP,Macau meal,anchor,2026-08-31,2026-08-31
reimbursement-zh-017,zh,reimbursement,报销到账,Reimbursement,negative_expense,日本出差交通卡充值报销2000日元,-2000,JPY,交通卡报,anchor,2026-08-31,2026-08-31
reimbursement-en-017,en,reimbursement,报销到账,Reimbursement,negative_expense,Japan trip transit card top-up claim 2000 yen,-2000,JPY,Transit claim,anchor,2026-08-31,2026-08-31
reimbursement-zh-018,zh,reimbursement,报销到账,Reimbursement,negative_expense,滴滴企业版月结报销到账230元,-230,CNY,滴滴月结,anchor,2026-08-31,2026-08-31
reimbursement-en-018,en,reimbursement,报销到账,Reimbursement,negative_expense,Didi enterprise monthly settlement claim 230 yuan,-230,CNY,Didi monthly,anchor,2026-08-31,2026-08-31
reimbursement-zh-019,zh,reimbursement,报销到账,Reimbursement,negative_expense,顺丰同城急送样品报销退回35块,-35,CNY,样品快递,anchor,2026-08-31,2026-08-31
reimbursement-en-019,en,reimbursement,报销到账,Reimbursement,negative_expense,SF same-city sample delivery claim returned 35,-35,CNY,Sample courier,anchor,2026-08-31,2026-08-31
reimbursement-zh-020,zh,reimbursement,报销到账,Reimbursement,negative_expense,客户礼品采购报销到账168元,-168,CNY,礼品采购,anchor,2026-08-31,2026-08-31
reimbursement-en-020,en,reimbursement,报销到账,Reimbursement,negative_expense,Client gift purchase reimbursement credited 168 yuan,-168,CNY,Gift purchase,anchor,2026-08-31,2026-08-31
reimbursement-zh-021,zh,reimbursement,报销到账,Reimbursement,negative_expense,昨天加班餐补报销到账30元,-30,CNY,餐补报销,rel:-1,2026-08-30,2026-08-31
reimbursement-en-021,en,reimbursement,报销到账,Reimbursement,negative_expense,Yesterday overtime meal allowance claim 30 yuan,-30,CNY,Meal allowance,rel:-1,2026-08-30,2026-08-31
reimbursement-zh-022,zh,reimbursement,报销到账,Reimbursement,negative_expense,前天拜访客户路费报销退回55块,-55,CNY,拜访路费,rel:-1,2026-08-30,2026-08-31
reimbursement-en-022,en,reimbursement,报销到账,Reimbursement,negative_expense,Day before yesterday client visit travel claim 55,-55,CNY,Visit travel,rel:-1,2026-08-30,2026-08-31
reimbursement-zh-023,zh,reimbursement,报销到账,Reimbursement,negative_expense,今天上午打的去公司报销18元,-18,CNY,今早打车,rel:0,2026-08-31,2026-08-31
reimbursement-en-023,en,reimbursement,报销到账,Reimbursement,negative_expense,Today morning taxi to office claim 18 yuan,-18,CNY,Morning taxi,rel:0,2026-08-31,2026-08-31
reimbursement-zh-024,zh,reimbursement,报销到账,Reimbursement,negative_expense,今早买咖啡见客户报销22块,-22,CNY,咖啡报销,rel:0,2026-08-31,2026-08-31
reimbursement-en-024,en,reimbursement,报销到账,Reimbursement,negative_expense,This morning client coffee purchase claim 22,-22,CNY,Coffee claim,rel:0,2026-08-31,2026-08-31
reimbursement-zh-025,zh,reimbursement,报销到账,Reimbursement,negative_expense,大前天核酸检测差旅报销退回16元,-16,CNY,核酸报销,rel:-2,2026-08-29,2026-08-31
reimbursement-en-025,en,reimbursement,报销到账,Reimbursement,negative_expense,Three days ago PCR test travel claim 16 yuan,-16,CNY,PCR claim,rel:-2,2026-08-29,2026-08-31
reimbursement-zh-026,zh,reimbursement,报销到账,Reimbursement,negative_expense,上周出差住宿发票报销到账420块,-420,CNY,住宿发票,rel:-2,2026-08-29,2026-08-31
reimbursement-en-026,en,reimbursement,报销到账,Reimbursement,negative_expense,Last week business lodging invoice claim 420,-420,CNY,Lodging invoice,rel:-2,2026-08-29,2026-08-31
reimbursement-zh-027,zh,reimbursement,报销到账,Reimbursement,negative_expense,明天预计差旅补贴到账200元,-200,CNY,差旅补贴,rel:-3,2026-08-28,2026-08-31
reimbursement-en-027,en,reimbursement,报销到账,Reimbursement,negative_expense,Tomorrow expected travel per diem credited 200 yuan,-200,CNY,Per diem,rel:-3,2026-08-28,2026-08-31
reimbursement-zh-028,zh,reimbursement,报销到账,Reimbursement,negative_expense,今天和明天两天出差补贴共报300元,-300,CNY,连日报销,rel:-3,2026-08-28,2026-08-31
reimbursement-en-028,en,reimbursement,报销到账,Reimbursement,negative_expense,Today and tomorrow two-day trip allowance claim 300 yuan,-300,CNY,Multi-day claim,rel:-3,2026-08-28,2026-08-31
reimbursement-zh-029,zh,reimbursement,报销到账,Reimbursement,negative_expense,这三天打车发票陆续报销共退125块,-125,CNY,连打报销,rel:1,2026-09-01,2026-08-31
reimbursement-en-029,en,reimbursement,报销到账,Reimbursement,negative_expense,These three days taxi invoices gradually claimed total 125,-125,CNY,Batch taxi claim,rel:1,2026-09-01,2026-08-31
reimbursement-zh-030,zh,reimbursement,报销到账,Reimbursement,negative_expense,上周每天通勤地铁票都报销各退6元,-6,CNY,通勤报销,rel:1,2026-09-01,2026-08-31
reimbursement-en-030,en,reimbursement,报销到账,Reimbursement,negative_expense,Last week daily commute metro tickets each claimed 6 yuan,-6,CNY,Commute claim,rel:1,2026-09-01,2026-08-31
reimbursement-zh-031,zh,reimbursement,报销到账,Reimbursement,negative_expense,这周三项目聚餐报销到账人均85元,-85,CNY,项目聚餐,"rel:0,1",2026-08-31|2026-09-01,2026-08-31
reimbursement-en-031,en,reimbursement,报销到账,Reimbursement,negative_expense,This Wednesday project dinner claim per person 85 yuan,-85,CNY,Project dinner,"rel:0,1",2026-08-31|2026-09-01,2026-08-31
reimbursement-zh-032,zh,reimbursement,报销到账,Reimbursement,negative_expense,上周五培训费发票报销退回1200块,-1200,CNY,培训报销,span:0:2,2026-08-31|2026-09-01|2026-09-02,2026-08-31
reimbursement-en-032,en,reimbursement,报销到账,Reimbursement,negative_expense,Last Friday training fee invoice claim 1200,-1200,CNY,Training claim,span:0:2,2026-08-31|2026-09-01|2026-09-02,2026-08-31
reimbursement-zh-033,zh,reimbursement,报销到账,Reimbursement,negative_expense,8月20日专利年费公司报销退350元,-350,CNY,专利年费,week:-1,2026-08-24|2026-08-25|2026-08-26|2026-08-27|2026-08-28|2026-08-29|2026-08-30,2026-08-31
reimbursement-en-033,en,reimbursement,报销到账,Reimbursement,negative_expense,Aug 20 patent annual fee company claim 350 yuan,-350,CNY,Patent fee,week:-1,2026-08-24|2026-08-25|2026-08-26|2026-08-27|2026-08-28|2026-08-29|2026-08-30,2026-08-31
reimbursement-zh-034,zh,reimbursement,报销到账,Reimbursement,negative_expense,8月15日软件订阅费报销到账99块,-99,CNY,软件订阅,weekday:3,2026-09-02,2026-08-31
reimbursement-en-034,en,reimbursement,报销到账,Reimbursement,negative_expense,Aug 15 software subscription claim 99,-99,CNY,Software sub,weekday:3,2026-09-02,2026-08-31
reimbursement-zh-035,zh,reimbursement,报销到账,Reimbursement,negative_expense,VPN年费技术部报销退回180元,-180,CNY,VPN报销,weekday:-1:5,2026-08-28,2026-08-31
reimbursement-en-035,en,reimbursement,报销到账,Reimbursement,negative_expense,VPN annual fee tech dept claim 180 yuan,-180,CNY,VPN claim,weekday:-1:5,2026-08-28,2026-08-31
reimbursement-zh-036,zh,reimbursement,报销到账,Reimbursement,negative_expense,云服务器费用报销到账2400元,-2400,CNY,云服报销,ymd:2026-08-20,2026-08-20,2026-08-31
reimbursement-en-036,en,reimbursement,报销到账,Reimbursement,negative_expense,Cloud server expense claim credited 2400 yuan,-2400,CNY,Cloud server,ymd:2026-08-20,2026-08-20,2026-08-31
reimbursement-zh-037,zh,reimbursement,报销到账,Reimbursement,negative_expense,打印机墨盒采购报销退回156块,-156,CNY,墨盒采购,ymd:2026-08-15,2026-08-15,2026-08-31
reimbursement-en-037,en,reimbursement,报销到账,Reimbursement,negative_expense,Printer cartridge purchase claim 156,-156,CNY,Cartridge claim,ymd:2026-08-15,2026-08-15,2026-08-31
reimbursement-zh-038,zh,reimbursement,报销到账,Reimbursement,negative_expense,律师函快递费报销到账28元,-28,CNY,快递报销,anchor,2026-08-31,2026-08-31
reimbursement-en-038,en,reimbursement,报销到账,Reimbursement,negative_expense,Legal letter courier fee claim 28 yuan,-28,CNY,Courier claim,anchor,2026-08-31,2026-08-31
reimbursement-zh-039,zh,reimbursement,报销到账,Reimbursement,negative_expense,商标注册官费报销退回300元,-300,CNY,商标官费,anchor,2026-08-31,2026-08-31
reimbursement-en-039,en,reimbursement,报销到账,Reimbursement,negative_expense,Trademark registration official fee claim 300 yuan,-300,CNY,Trademark fee,anchor,2026-08-31,2026-08-31
reimbursement-zh-040,zh,reimbursement,报销到账,Reimbursement,negative_expense,年会场地定金公司报销退5000块,-5000,CNY,年会场地,anchor,2026-08-31,2026-08-31
reimbursement-en-040,en,reimbursement,报销到账,Reimbursement,negative_expense,Annual meeting venue deposit company claim 5000,-5000,CNY,Annual venue,anchor,2026-08-31,2026-08-31
reimbursement-zh-041,zh,reimbursement,报销到账,Reimbursement,negative_expense,猎头服务费HR报销到账8000元,-8000,CNY,猎头费用,anchor,2026-08-31,2026-08-31
reimbursement-en-041,en,reimbursement,报销到账,Reimbursement,negative_expense,Headhunter fee HR claim credited 8000 yuan,-8000,CNY,Headhunter fee,anchor,2026-08-31,2026-08-31
reimbursement-zh-042,zh,reimbursement,报销到账,Reimbursement,negative_expense,员工福利体检加项报销退回220元,-220,CNY,体检加项,anchor,2026-08-31,2026-08-31
reimbursement-en-042,en,reimbursement,报销到账,Reimbursement,negative_expense,Employee wellness check add-on claim 220 yuan,-220,CNY,Checkup add-on,anchor,2026-08-31,2026-08-31
reimbursement-zh-043,zh,reimbursement,报销到账,Reimbursement,negative_expense,工伤医药费公司全额报销680块,-680,CNY,工伤医药,anchor,2026-08-31,2026-08-31
reimbursement-en-043,en,reimbursement,报销到账,Reimbursement,negative_expense,Work injury medical company full claim 680,-680,CNY,Injury medical,anchor,2026-08-31,2026-08-31
reimbursement-zh-044,zh,reimbursement,报销到账,Reimbursement,negative_expense,外派住房补贴报销到账3500元,-3500,CNY,住房补贴,anchor,2026-08-31,2026-08-31
reimbursement-en-044,en,reimbursement,报销到账,Reimbursement,negative_expense,Expat housing allowance claim credited 3500 yuan,-3500,CNY,Housing allowance,anchor,2026-08-31,2026-08-31
reimbursement-zh-045,zh,reimbursement,报销到账,Reimbursement,negative_expense,国际漫游话费报销退回45港币,-45,HKD,漫游报销,anchor,2026-08-31,2026-08-31
reimbursement-en-045,en,reimbursement,报销到账,Reimbursement,negative_expense,International roaming phone bill claim 45 HKD,-45,HKD,Roaming claim,anchor,2026-08-31,2026-08-31
reimbursement-zh-046,zh,reimbursement,报销到账,Reimbursement,negative_expense,商务签证费报销到账120美元,-120,USD,签证报销,anchor,2026-08-31,2026-08-31
reimbursement-en-046,en,reimbursement,报销到账,Reimbursement,negative_expense,Business visa fee claim 120 dollars,-120,USD,Visa claim,anchor,2026-08-31,2026-08-31
reimbursement-zh-047,zh,reimbursement,报销到账,Reimbursement,negative_expense,展会翻译服务费报销退回1500元,-1500,CNY,翻译报销,anchor,2026-08-31,2026-08-31
reimbursement-en-047,en,reimbursement,报销到账,Reimbursement,negative_expense,Expo translation service claim 1500 yuan,-1500,CNY,Translation claim,anchor,2026-08-31,2026-08-31
reimbursement-zh-048,zh,reimbursement,报销到账,Reimbursement,negative_expense,样品检测费研发报销到账890块,-890,CNY,检测报销,anchor,2026-08-31,2026-08-31
reimbursement-en-048,en,reimbursement,报销到账,Reimbursement,negative_expense,Sample testing R&D claim 890,-890,CNY,Testing claim,anchor,2026-08-31,2026-08-31
reimbursement-zh-049,zh,reimbursement,报销到账,Reimbursement,negative_expense,行业协会会费报销退回600元,-600,CNY,会费报销,anchor,2026-08-31,2026-08-31
reimbursement-en-049,en,reimbursement,报销到账,Reimbursement,negative_expense,Industry association membership fee claim 600 yuan,-600,CNY,Membership fee,anchor,2026-08-31,2026-08-31
reimbursement-zh-050,zh,reimbursement,报销到账,Reimbursement,negative_expense,残保金代缴财务报销到账280块,-280,CNY,残保金报,anchor,2026-08-31,2026-08-31
reimbursement-en-050,en,reimbursement,报销到账,Reimbursement,negative_expense,Disability employment fund finance claim 280,-280,CNY,Disability fund,anchor,2026-08-31,2026-08-31
cashback-zh-001,zh,cashback,优惠返现,Cashback,negative_expense,信用卡消费返现到账18元,-18,CNY,信用卡返,anchor,2026-08-31,2026-08-31
cashback-en-001,en,cashback,优惠返现,Cashback,negative_expense,Credit card spending cashback credited 18 yuan,-18,CNY,Card cashback,anchor,2026-08-31,2026-08-31
cashback-zh-002,zh,cashback,优惠返现,Cashback,negative_expense,招行信用卡满减返现退回25块,-25,CNY,招行返现,anchor,2026-08-31,2026-08-31
cashback-en-002,en,cashback,优惠返现,Cashback,negative_expense,CMB credit card spend rebate returned 25,-25,CNY,CMB rebate,anchor,2026-08-31,2026-08-31
cashback-zh-003,zh,cashback,优惠返现,Cashback,negative_expense,花呗分期手续费返现8.5元,-8.5,CNY,花呗返现,anchor,2026-08-31,2026-08-31
cashback-en-003,en,cashback,优惠返现,Cashback,negative_expense,Huabei installment fee cashback 8.5 yuan,-8.5,CNY,Huabei rebate,anchor,2026-08-31,2026-08-31
cashback-zh-004,zh,cashback,优惠返现,Cashback,negative_expense,支付宝双11红包返现到账66元,-66,CNY,支付宝返,anchor,2026-08-31,2026-08-31
cashback-en-004,en,cashback,优惠返现,Cashback,negative_expense,Alipay Double 11 red packet cashback 66 yuan,-66,CNY,Alipay rebate,anchor,2026-08-31,2026-08-31
cashback-zh-005,zh,cashback,优惠返现,Cashback,negative_expense,微信支付周末优惠返3块,-3,CNY,微信优惠,anchor,2026-08-31,2026-08-31
cashback-en-005,en,cashback,优惠返现,Cashback,negative_expense,WeChat Pay weekend promo returned 3,-3,CNY,WeChat promo,anchor,2026-08-31,2026-08-31
cashback-zh-006,zh,cashback,优惠返现,Cashback,negative_expense,京东白条还款返现到账12元,-12,CNY,白条返现,anchor,2026-08-31,2026-08-31
cashback-en-006,en,cashback,优惠返现,Cashback,negative_expense,JD Baitiao repayment cashback 12 yuan,-12,CNY,Baitiao rebate,anchor,2026-08-31,2026-08-31
cashback-zh-007,zh,cashback,优惠返现,Cashback,negative_expense,云闪付银联活动返15块,-15,CNY,云闪付返,anchor,2026-08-31,2026-08-31
cashback-en-007,en,cashback,优惠返现,Cashback,negative_expense,UnionPay QuickPass promo returned 15,-15,CNY,UnionPay promo,anchor,2026-08-31,2026-08-31
cashback-zh-008,zh,cashback,优惠返现,Cashback,negative_expense,88VIP购物返利到账40元,-40,CNY,88VIP返,anchor,2026-08-31,2026-08-31
cashback-en-008,en,cashback,优惠返现,Cashback,negative_expense,88VIP shopping rebate credited 40 yuan,-40,CNY,88VIP rebate,anchor,2026-08-31,2026-08-31
cashback-zh-009,zh,cashback,优惠返现,Cashback,negative_expense,淘宝省钱卡返现退回5元,-5,CNY,省钱卡返,anchor,2026-08-31,2026-08-31
cashback-en-009,en,cashback,优惠返现,Cashback,negative_expense,Taobao savings card cashback 5 yuan,-5,CNY,Savings card,anchor,2026-08-31,2026-08-31
cashback-zh-010,zh,cashback,优惠返现,Cashback,negative_expense,拼多多百亿补贴返差到账9.9块,-9.9,CNY,百亿补贴,anchor,2026-08-31,2026-08-31
cashback-en-010,en,cashback,优惠返现,Cashback,negative_expense,Pinduoduo subsidy price match 9.9,-9.9,CNY,Subsidy match,anchor,2026-08-31,2026-08-31
cashback-zh-011,zh,cashback,优惠返现,Cashback,negative_expense,美团支付满30减5实际返5元,-5,CNY,美团满减,anchor,2026-08-31,2026-08-31
cashback-en-011,en,cashback,优惠返现,Cashback,negative_expense,Meituan pay spend-30-get-5 actual rebate 5 yuan,-5,CNY,Meituan promo,anchor,2026-08-31,2026-08-31
cashback-zh-012,zh,cashback,优惠返现,Cashback,negative_expense,饿了么超级会员返现10块,-10,CNY,会员返现,anchor,2026-08-31,2026-08-31
cashback-en-012,en,cashback,优惠返现,Cashback,negative_expense,Ele.me super member cashback 10,-10,CNY,Member rebate,anchor,2026-08-31,2026-08-31
cashback-zh-013,zh,cashback,优惠返现,Cashback,negative_expense,滴滴出行券抵扣后返现7元,-7,CNY,滴滴返券,anchor,2026-08-31,2026-08-31
cashback-en-013,en,cashback,优惠返现,Cashback,negative_expense,Didi coupon discount cashback 7 yuan,-7,CNY,Didi coupon,anchor,2026-08-31,2026-08-31
cashback-zh-014,zh,cashback,优惠返现,Cashback,negative_expense,中国移动积分兑换现金20元,-20,CNY,积分兑现,anchor,2026-08-31,2026-08-31
cashback-en-014,en,cashback,优惠返现,Cashback,negative_expense,China Mobile points converted to cash 20 yuan,-20,CNY,Points to cash,anchor,2026-08-31,2026-08-31
cashback-zh-015,zh,cashback,优惠返现,Cashback,negative_expense,联通话费积分返现到账15块,-15,CNY,联通积分,anchor,2026-08-31,2026-08-31
cashback-en-015,en,cashback,优惠返现,Cashback,negative_expense,Unicom phone bill points cashback 15,-15,CNY,Unicom points,anchor,2026-08-31,2026-08-31
cashback-zh-016,zh,cashback,优惠返现,Cashback,negative_expense,汇丰信用卡签账返现88港币,-88,HKD,汇丰返现,anchor,2026-08-31,2026-08-31
cashback-en-016,en,cashback,优惠返现,Cashback,negative_expense,HSBC credit card spending rebate 88 HKD,-88,HKD,HSBC rebate,anchor,2026-08-31,2026-08-31
cashback-zh-017,zh,cashback,优惠返现,Cashback,negative_expense,中银信用卡餐饮回赠22块,-22,HKD,中银回赠,anchor,2026-08-31,2026-08-31
cashback-en-017,en,cashback,优惠返现,Cashback,negative_expense,BOC credit card dining rebate 22,-22,HKD,BOC rebate,anchor,2026-08-31,2026-08-31
cashback-zh-018,zh,cashback,优惠返现,Cashback,negative_expense,八达通消费奖赏退回6港币,-6,HKD,八达通赏,anchor,2026-08-31,2026-08-31
cashback-en-018,en,cashback,优惠返现,Cashback,negative_expense,Octopus spending rewards returned 6,-6,HKD,Octopus reward,anchor,2026-08-31,2026-08-31
cashback-zh-019,zh,cashback,优惠返现,Cashback,negative_expense,Apple Card Daily Cash返4美元,-4,USD,Apple返现,anchor,2026-08-31,2026-08-31
cashback-en-019,en,cashback,优惠返现,Cashback,negative_expense,Apple Card Daily Cash back 4 dollars,-4,USD,Apple Cash,anchor,2026-08-31,2026-08-31
cashback-zh-020,zh,cashback,优惠返现,Cashback,negative_expense,Chase信用卡季度返现12美金,-12,USD,Chase返现,anchor,2026-08-31,2026-08-31
cashback-en-020,en,cashback,优惠返现,Cashback,negative_expense,Chase credit card quarterly cashback 12 dollars,-12,USD,Chase cashback,anchor,2026-08-31,2026-08-31
cashback-zh-021,zh,cashback,优惠返现,Cashback,negative_expense,昨天刷卡返现到账33元,-33,CNY,昨日刷卡,rel:-1,2026-08-30,2026-08-31
cashback-en-021,en,cashback,优惠返现,Cashback,negative_expense,Yesterday card swipe cashback credited 33 yuan,-33,CNY,Yesterday card,rel:-1,2026-08-30,2026-08-31
cashback-zh-022,zh,cashback,优惠返现,Cashback,negative_expense,前天支付宝碰一碰优惠返2块,-2,CNY,碰一碰,rel:-1,2026-08-30,2026-08-31
cashback-en-022,en,cashback,优惠返现,Cashback,negative_expense,Day before yesterday Alipay tap promo 2,-2,CNY,Tap promo,rel:-1,2026-08-30,2026-08-31
cashback-zh-023,zh,cashback,优惠返现,Cashback,negative_expense,今天早高峰地铁优惠返1.5元,-1.5,CNY,地铁优惠,rel:0,2026-08-31,2026-08-31
cashback-en-023,en,cashback,优惠返现,Cashback,negative_expense,Today morning rush metro discount 1.5 yuan,-1.5,CNY,Metro discount,rel:0,2026-08-31,2026-08-31
cashback-zh-024,zh,cashback,优惠返现,Cashback,negative_expense,今早买咖啡用券返3块,-3,CNY,咖啡返券,rel:0,2026-08-31,2026-08-31
cashback-en-024,en,cashback,优惠返现,Cashback,negative_expense,This morning coffee coupon rebate 3,-3,CNY,Coffee coupon,rel:0,2026-08-31,2026-08-31
cashback-zh-025,zh,cashback,优惠返现,Cashback,negative_expense,大前天京东PLUS返现到账28元,-28,CNY,PLUS返,rel:-2,2026-08-29,2026-08-31
cashback-en-025,en,cashback,优惠返现,Cashback,negative_expense,Three days ago JD PLUS cashback 28 yuan,-28,CNY,PLUS rebate,rel:-2,2026-08-29,2026-08-31
cashback-zh-026,zh,cashback,优惠返现,Cashback,negative_expense,上周信用卡账单返现合计55块,-55,CNY,账单返现,rel:-2,2026-08-29,2026-08-31
cashback-en-026,en,cashback,优惠返现,Cashback,negative_expense,Last week credit card statement cashback total 55,-55,CNY,Statement rebate,rel:-2,2026-08-29,2026-08-31
cashback-zh-027,zh,cashback,优惠返现,Cashback,negative_expense,明天预计还款返现到账8元,-8,CNY,还款返现,rel:-3,2026-08-28,2026-08-31
cashback-en-027,en,cashback,优惠返现,Cashback,negative_expense,Tomorrow expected repayment cashback 8 yuan,-8,CNY,Repay rebate,rel:-3,2026-08-28,2026-08-31
cashback-zh-028,zh,cashback,优惠返现,Cashback,negative_expense,今天和明天消费返现共到账16元,-16,CNY,连消返现,rel:-3,2026-08-28,2026-08-31
cashback-en-028,en,cashback,优惠返现,Cashback,negative_expense,Today and tomorrow spending cashback total 16 yuan,-16,CNY,Multi-day rebate,rel:-3,2026-08-28,2026-08-31
cashback-zh-029,zh,cashback,优惠返现,Cashback,negative_expense,这一周每天刷卡返现各到账2块,-2,CNY,每日返现,rel:1,2026-09-01,2026-08-31
cashback-en-029,en,cashback,优惠返现,Cashback,negative_expense,This week daily card swipe cashback each 2,-2,CNY,Daily cashback,rel:1,2026-09-01,2026-08-31
cashback-zh-030,zh,cashback,优惠返现,Cashback,negative_expense,上周天天用支付宝坐地铁各返1元,-1,CNY,地铁连返,rel:1,2026-09-01,2026-08-31
cashback-en-030,en,cashback,优惠返现,Cashback,negative_expense,Last week daily Alipay metro rides each rebate 1 yuan,-1,CNY,Daily metro,rel:1,2026-09-01,2026-08-31
cashback-zh-031,zh,cashback,优惠返现,Cashback,negative_expense,这周三超市满减返现到账14块,-14,CNY,超市满减,"rel:0,1",2026-08-31|2026-09-01,2026-08-31
cashback-en-031,en,cashback,优惠返现,Cashback,negative_expense,This Wednesday supermarket promo cashback 14,-14,CNY,Supermarket promo,"rel:0,1",2026-08-31|2026-09-01,2026-08-31
cashback-zh-032,zh,cashback,优惠返现,Cashback,negative_expense,上周五加油信用卡返6元,-6,CNY,加油返现,week:0,2026-08-31|2026-09-01|2026-09-02|2026-09-03|2026-09-04|2026-09-05|2026-09-06,2026-08-31
cashback-en-032,en,cashback,优惠返现,Cashback,negative_expense,Last Friday gas station card rebate 6 yuan,-6,CNY,Gas rebate,week:0,2026-08-31|2026-09-01|2026-09-02|2026-09-03|2026-09-04|2026-09-05|2026-09-06,2026-08-31
cashback-zh-033,zh,cashback,优惠返现,Cashback,negative_expense,8月20日618尾款返利退回19块,-19,CNY,618返利,week:-1,2026-08-24|2026-08-25|2026-08-26|2026-08-27|2026-08-28|2026-08-29|2026-08-30,2026-08-31
cashback-en-033,en,cashback,优惠返现,Cashback,negative_expense,Aug 20 618 final payment rebate 19,-19,CNY,618 rebate,week:-1,2026-08-24|2026-08-25|2026-08-26|2026-08-27|2026-08-28|2026-08-29|2026-08-30,2026-08-31
cashback-zh-034,zh,cashback,优惠返现,Cashback,negative_expense,8月15日银行新户礼返现50元,-50,CNY,新户礼,weekday:3,2026-09-02,2026-08-31
cashback-en-034,en,cashback,优惠返现,Cashback,negative_expense,Aug 15 bank new customer bonus 50 yuan,-50,CNY,New customer,weekday:3,2026-09-02,2026-08-31
cashback-zh-035,zh,cashback,优惠返现,Cashback,negative_expense,澳门赌场积分换现金120葡币,-120,MOP,积分换现,weekday:-1:5,2026-08-28,2026-08-31
cashback-en-035,en,cashback,优惠返现,Cashback,negative_expense,Macau casino points to cash 120 patacas,-120,MOP,Points cash,weekday:-1:5,2026-08-28,2026-08-31
cashback-zh-036,zh,cashback,优惠返现,Cashback,negative_expense,日本便利店T积分返现200日元,-200,JPY,T积分返,ymd:2026-08-20,2026-08-20,2026-08-31
cashback-en-036,en,cashback,优惠返现,Cashback,negative_expense,Japan convenience store T points cashback 200 yen,-200,JPY,T points,ymd:2026-08-20,2026-08-20,2026-08-31
cashback-zh-037,zh,cashback,优惠返现,Cashback,negative_expense,平安银行万里通积分兑30元,-30,CNY,万里通兑,ymd:2026-08-15,2026-08-15,2026-08-31
cashback-en-037,en,cashback,优惠返现,Cashback,negative_expense,Ping An Wanlitong points redeemed 30 yuan,-30,CNY,Wanlitong redeem,ymd:2026-08-15,2026-08-15,2026-08-31
cashback-zh-038,zh,cashback,优惠返现,Cashback,negative_expense,交行最红星期五返11块,-11,CNY,最红星期五,anchor,2026-08-31,2026-08-31
cashback-en-038,en,cashback,优惠返现,Cashback,negative_expense,Bank of Communications Friday promo 11,-11,CNY,Friday promo,anchor,2026-08-31,2026-08-31
cashback-zh-039,zh,cashback,优惠返现,Cashback,negative_expense,浦发信用卡1%返现到账77元,-77,CNY,浦发1%返,anchor,2026-08-31,2026-08-31
cashback-en-039,en,cashback,优惠返现,Cashback,negative_expense,SPDB credit card 1% cashback 77 yuan,-77,CNY,SPDB 1pct,anchor,2026-08-31,2026-08-31
cashback-zh-040,zh,cashback,优惠返现,Cashback,negative_expense,兴业信用卡加油返8%到账24块,-24,CNY,加油8%返,anchor,2026-08-31,2026-08-31
cashback-en-040,en,cashback,优惠返现,Cashback,negative_expense,Industrial Bank gas 8% rebate 24,-24,CNY,Gas 8pct,anchor,2026-08-31,2026-08-31
cashback-zh-041,zh,cashback,优惠返现,Cashback,negative_expense,光大信用卡网购返10元,-10,CNY,光大网购,anchor,2026-08-31,2026-08-31
cashback-en-041,en,cashback,优惠返现,Cashback,negative_expense,Everbright online shopping rebate 10 yuan,-10,CNY,Everbright online,anchor,2026-08-31,2026-08-31
cashback-zh-042,zh,cashback,优惠返现,Cashback,negative_expense,农行掌银缴费随机立减返4块,-4,CNY,缴费立减,anchor,2026-08-31,2026-08-31
cashback-en-042,en,cashback,优惠返现,Cashback,negative_expense,ABC mobile bill pay random discount 4,-4,CNY,Bill discount,anchor,2026-08-31,2026-08-31
cashback-zh-043,zh,cashback,优惠返现,Cashback,negative_expense,建行龙支付周末返6元,-6,CNY,龙支付返,anchor,2026-08-31,2026-08-31
cashback-en-043,en,cashback,优惠返现,Cashback,negative_expense,CCB Dragon Pay weekend rebate 6 yuan,-6,CNY,Dragon Pay,anchor,2026-08-31,2026-08-31
cashback-zh-044,zh,cashback,优惠返现,Cashback,negative_expense,微众银行活期Plus收益返现13块,-13,CNY,活期收益,anchor,2026-08-31,2026-08-31
cashback-en-044,en,cashback,优惠返现,Cashback,negative_expense,WeBank Plus yield cashback 13,-13,CNY,Plus yield,anchor,2026-08-31,2026-08-31
cashback-zh-045,zh,cashback,优惠返现,Cashback,negative_expense,余额宝体验金收益到账0.8元,-0.8,CNY,体验金,anchor,2026-08-31,2026-08-31
cashback-en-045,en,cashback,优惠返现,Cashback,negative_expense,Yu'e Bao trial fund yield 0.8 yuan,-0.8,CNY,Trial fund,anchor,2026-08-31,2026-08-31
cashback-zh-046,zh,cashback,优惠返现,Cashback,negative_expense,抖音支付新人立减返5块,-5,CNY,抖音新人,anchor,2026-08-31,2026-08-31
cashback-en-046,en,cashback,优惠返现,Cashback,negative_expense,Douyin Pay new user discount 5,-5,CNY,Douyin new user,anchor,2026-08-31,2026-08-31
cashback-zh-047,zh,cashback,优惠返现,Cashback,negative_expense,快手小店下单返现金9元,-9,CNY,快手下单,anchor,2026-08-31,2026-08-31
cashback-en-047,en,cashback,优惠返现,Cashback,negative_expense,Kuaishou shop order cash back 9 yuan,-9,CNY,Kuaishou order,anchor,2026-08-31,2026-08-31
cashback-zh-048,zh,cashback,优惠返现,Cashback,negative_expense,拼多多果园提现到账3块,-3,CNY,果园提现,anchor,2026-08-31,2026-08-31
cashback-en-048,en,cashback,优惠返现,Cashback,negative_expense,Pinduoduo orchard cash out 3,-3,CNY,Orchard cashout,anchor,2026-08-31,2026-08-31
cashback-zh-049,zh,cashback,优惠返现,Cashback,negative_expense,淘宝淘金币抵扣返现7元,-7,CNY,淘金币返,anchor,2026-08-31,2026-08-31
cashback-en-049,en,cashback,优惠返现,Cashback,negative_expense,Taobao gold coins offset cashback 7 yuan,-7,CNY,Gold coins,anchor,2026-08-31,2026-08-31
cashback-zh-050,zh,cashback,优惠返现,Cashback,negative_expense,京东京豆抵现退回18块,-18,CNY,京豆抵现,anchor,2026-08-31,2026-08-31
cashback-en-050,en,cashback,优惠返现,Cashback,negative_expense,JD Jingdou cash offset returned 18,-18,CNY,Jingdou offset,anchor,2026-08-31,2026-08-31
repay_from_others-zh-001,zh,repay_from_others,他人还款,Repayment from Others,negative_expense,朋友还我上次垫付的50元,-50,CNY,朋友还款,anchor,2026-08-31,2026-08-31
repay_from_others-en-001,en,repay_from_others,他人还款,Repayment from Others,negative_expense,Friend paid back my last advance of 50 yuan,-50,CNY,Friend repaid,anchor,2026-08-31,2026-08-31
repay_from_others-zh-002,zh,repay_from_others,他人还款,Repayment from Others,negative_expense,室友分摊房租转回1200块,-1200,CNY,室友分摊,anchor,2026-08-31,2026-08-31
repay_from_others-en-002,en,repay_from_others,他人还款,Repayment from Others,negative_expense,Roommate transferred back rent share 1200,-1200,CNY,Roommate share,anchor,2026-08-31,2026-08-31
repay_from_others-zh-003,zh,repay_from_others,他人还款,Repayment from Others,negative_expense,同事AA聚餐转我45元,-45,CNY,同事AA,anchor,2026-08-31,2026-08-31
repay_from_others-en-003,en,repay_from_others,他人还款,Repayment from Others,negative_expense,Colleague AA dinner transferred me 45 yuan,-45,CNY,Colleague AA,anchor,2026-08-31,2026-08-31
repay_from_others-zh-004,zh,repay_from_others,他人还款,Repayment from Others,negative_expense,同学还我借的200块,-200,CNY,同学还钱,anchor,2026-08-31,2026-08-31
repay_from_others-en-004,en,repay_from_others,他人还款,Repayment from Others,negative_expense,Classmate returned my loan of 200,-200,CNY,Classmate repaid,anchor,2026-08-31,2026-08-31
repay_from_others-zh-005,zh,repay_from_others,他人还款,Repayment from Others,negative_expense,闺蜜婚礼份子钱回礼到账88元,-88,CNY,份子回礼,anchor,2026-08-31,2026-08-31
repay_from_others-en-005,en,repay_from_others,他人还款,Repayment from Others,negative_expense,Bestie wedding gift return credited 88 yuan,-88,CNY,Gift return,anchor,2026-08-31,2026-08-31
repay_from_others-zh-006,zh,repay_from_others,他人还款,Repayment from Others,negative_expense,球友场地费AA转回35块,-35,CNY,球友AA,anchor,2026-08-31,2026-08-31
repay_from_others-en-006,en,repay_from_others,他人还款,Repayment from Others,negative_expense,Teammate court fee AA sent back 35,-35,CNY,Teammate AA,anchor,2026-08-31,2026-08-31
repay_from_others-zh-007,zh,repay_from_others,他人还款,Repayment from Others,negative_expense,家人还我代购款168元,-168,CNY,代购款还,anchor,2026-08-31,2026-08-31
repay_from_others-en-007,en,repay_from_others,他人还款,Repayment from Others,negative_expense,Family repaid my proxy purchase 168 yuan,-168,CNY,Proxy repaid,anchor,2026-08-31,2026-08-31
repay_from_others-zh-008,zh,repay_from_others,他人还款,Repayment from Others,negative_expense,前男友还欠我的300块到了,-300,CNY,前任还钱,anchor,2026-08-31,2026-08-31
repay_from_others-en-008,en,repay_from_others,他人还款,Repayment from Others,negative_expense,Ex paid back owed 300,-300,CNY,Ex repaid,anchor,2026-08-31,2026-08-31
repay_from_others-zh-009,zh,repay_from_others,他人还款,Repayment from Others,negative_expense,邻居还我借的梯子押金20元,-20,CNY,押金退回,anchor,2026-08-31,2026-08-31
repay_from_others-en-009,en,repay_from_others,他人还款,Repayment from Others,negative_expense,Neighbor returned ladder deposit 20 yuan,-20,CNY,Deposit back,anchor,2026-08-31,2026-08-31
repay_from_others-zh-010,zh,repay_from_others,他人还款,Repayment from Others,negative_expense,表弟还我压岁钱垫付500元,-500,CNY,压岁钱还,anchor,2026-08-31,2026-08-31
repay_from_others-en-010,en,repay_from_others,他人还款,Repayment from Others,negative_expense,Cousin repaid New Year money advance 500 yuan,-500,CNY,Red packet back,anchor,2026-08-31,2026-08-31
repay_from_others-zh-011,zh,repay_from_others,他人还款,Repayment from Others,negative_expense,团建有人A了我到账60块,-60,CNY,有人A我,anchor,2026-08-31,2026-08-31
repay_from_others-en-011,en,repay_from_others,他人还款,Repayment from Others,negative_expense,Team building someone AA'd me 60,-60,CNY,Someone AA'd,anchor,2026-08-31,2026-08-31
repay_from_others-zh-012,zh,repay_from_others,他人还款,Repayment from Others,negative_expense,火锅局AA每人转我72元,-72,CNY,火锅AA,anchor,2026-08-31,2026-08-31
repay_from_others-en-012,en,repay_from_others,他人还款,Repayment from Others,negative_expense,Hotpot AA each transferred me 72 yuan,-72,CNY,Hotpot AA,anchor,2026-08-31,2026-08-31
repay_from_others-zh-013,zh,repay_from_others,他人还款,Repayment from Others,negative_expense,露营装备分摊转回180块,-180,CNY,露营分摊,anchor,2026-08-31,2026-08-31
repay_from_others-en-013,en,repay_from_others,他人还款,Repayment from Others,negative_expense,Camping gear split sent back 180,-180,CNY,Camping split,anchor,2026-08-31,2026-08-31
repay_from_others-zh-014,zh,repay_from_others,他人还款,Repayment from Others,negative_expense,香港朋友还我港币150HKD,-150,HKD,港友还款,anchor,2026-08-31,2026-08-31
repay_from_others-en-014,en,repay_from_others,他人还款,Repayment from Others,negative_expense,HK friend repaid 150 HK dollars,-150,HKD,HK friend,anchor,2026-08-31,2026-08-31
repay_from_others-zh-015,zh,repay_from_others,他人还款,Repayment from Others,negative_expense,同事出差垫付住宿费退650港币,-650,HKD,垫付住宿,anchor,2026-08-31,2026-08-31
repay_from_others-en-015,en,repay_from_others,他人还款,Repayment from Others,negative_expense,Colleague business trip lodging advance back 650 HKD,-650,HKD,Lodging advance,anchor,2026-08-31,2026-08-31
repay_from_others-zh-016,zh,repay_from_others,他人还款,Repayment from Others,negative_expense,留学室友还我代付房租95USD,-95,USD,代付房租,anchor,2026-08-31,2026-08-31
repay_from_others-en-016,en,repay_from_others,他人还款,Repayment from Others,negative_expense,Roommate abroad repaid rent I paid 95 dollars,-95,USD,Rent proxy,anchor,2026-08-31,2026-08-31
repay_from_others-zh-017,zh,repay_from_others,他人还款,Repayment from Others,negative_expense,美国同学Venmo还我30美元,-30,USD,Venmo还,anchor,2026-08-31,2026-08-31
repay_from_others-en-017,en,repay_from_others,他人还款,Repayment from Others,negative_expense,US classmate Venmo'd me back 30 dollars,-30,USD,Venmo back,anchor,2026-08-31,2026-08-31
repay_from_others-zh-018,zh,repay_from_others,他人还款,Repayment from Others,negative_expense,澳门牌友还我筹码80葡币,-80,MOP,筹码归还,anchor,2026-08-31,2026-08-31
repay_from_others-en-018,en,repay_from_others,他人还款,Repayment from Others,negative_expense,Macau poker buddy returned chips 80 patacas,-80,MOP,Chips back,anchor,2026-08-31,2026-08-31
repay_from_others-zh-019,zh,repay_from_others,他人还款,Repayment from Others,negative_expense,日本同事还我代买便当2000日元,-2000,JPY,代买便当,anchor,2026-08-31,2026-08-31
repay_from_others-en-019,en,repay_from_others,他人还款,Repayment from Others,negative_expense,Japan colleague repaid bento proxy 2000 yen,-2000,JPY,Bento proxy,anchor,2026-08-31,2026-08-31
repay_from_others-zh-020,zh,repay_from_others,他人还款,Repayment from Others,negative_expense,微信群收款有人转了28元给我,-28,CNY,群收款到,anchor,2026-08-31,2026-08-31
repay_from_others-en-020,en,repay_from_others,他人还款,Repayment from Others,negative_expense,WeChat group collect someone sent me 28 yuan,-28,CNY,Group collect,anchor,2026-08-31,2026-08-31
repay_from_others-zh-021,zh,repay_from_others,他人还款,Repayment from Others,negative_expense,昨天朋友还我打车费22块,-22,CNY,打车还清,rel:-1,2026-08-30,2026-08-31
repay_from_others-en-021,en,repay_from_others,他人还款,Repayment from Others,negative_expense,Yesterday friend repaid taxi fare 22,-22,CNY,Taxi repaid,rel:-1,2026-08-30,2026-08-31
repay_from_others-zh-022,zh,repay_from_others,他人还款,Repayment from Others,negative_expense,前天聚餐AA有人转我38元,-38,CNY,聚餐AA,rel:-1,2026-08-30,2026-08-31
repay_from_others-en-022,en,repay_from_others,他人还款,Repayment from Others,negative_expense,Day before yesterday dinner AA transfer 38 yuan,-38,CNY,Dinner AA,rel:-1,2026-08-30,2026-08-31
repay_from_others-zh-023,zh,repay_from_others,他人还款,Repayment from Others,negative_expense,今天同事还我咖啡钱15块,-15,CNY,咖啡还清,rel:0,2026-08-31,2026-08-31
repay_from_others-en-023,en,repay_from_others,他人还款,Repayment from Others,negative_expense,Today colleague repaid coffee 15,-15,CNY,Coffee repaid,rel:0,2026-08-31,2026-08-31
repay_from_others-zh-024,zh,repay_from_others,他人还款,Repayment from Others,negative_expense,今早室友转我水电分摊66元,-66,CNY,水电分摊,rel:0,2026-08-31,2026-08-31
repay_from_others-en-024,en,repay_from_others,他人还款,Repayment from Others,negative_expense,This morning roommate sent utilities split 66 yuan,-66,CNY,Utilities split,rel:0,2026-08-31,2026-08-31
repay_from_others-zh-025,zh,repay_from_others,他人还款,Repayment from Others,negative_expense,大前天球局AA到账每人25块,-25,CNY,球局AA,rel:-2,2026-08-29,2026-08-31
repay_from_others-en-025,en,repay_from_others,他人还款,Repayment from Others,negative_expense,Three days ago game AA each person 25,-25,CNY,Game AA,rel:-2,2026-08-29,2026-08-31
repay_from_others-zh-026,zh,repay_from_others,他人还款,Repayment from Others,negative_expense,上周朋友还我借款全款300元,-300,CNY,借款还清,rel:-2,2026-08-29,2026-08-31
repay_from_others-en-026,en,repay_from_others,他人还款,Repayment from Others,negative_expense,Last week friend repaid loan full 300 yuan,-300,CNY,Loan cleared,rel:-2,2026-08-29,2026-08-31
repay_from_others-zh-027,zh,repay_from_others,他人还款,Repayment from Others,negative_expense,明天预计室友转我网费分摊40块,-40,CNY,网费分摊,rel:-3,2026-08-28,2026-08-31
repay_from_others-en-027,en,repay_from_others,他人还款,Repayment from Others,negative_expense,Tomorrow expected roommate internet split 40,-40,CNY,Internet split,rel:-3,2026-08-28,2026-08-31
repay_from_others-zh-028,zh,repay_from_others,他人还款,Repayment from Others,negative_expense,今天和明天两笔AA共收回55元,-55,CNY,连AA收回,rel:-3,2026-08-28,2026-08-31
repay_from_others-en-028,en,repay_from_others,他人还款,Repayment from Others,negative_expense,Today and tomorrow two AA transfers total 55 yuan,-55,CNY,Multi AA back,rel:-3,2026-08-28,2026-08-31
repay_from_others-zh-029,zh,repay_from_others,他人还款,Repayment from Others,negative_expense,这三天陆续有人还我垫付共120块,-120,CNY,垫付收回,rel:1,2026-09-01,2026-08-31
repay_from_others-en-029,en,repay_from_others,他人还款,Repayment from Others,negative_expense,These three days gradual advance repayments total 120,-120,CNY,Advance recovery,rel:1,2026-09-01,2026-08-31
repay_from_others-zh-030,zh,repay_from_others,他人还款,Repayment from Others,negative_expense,上周天天拼车同事各转我8元,-8,CNY,拼车AA,rel:1,2026-09-01,2026-08-31
repay_from_others-en-030,en,repay_from_others,他人还款,Repayment from Others,negative_expense,Last week daily carpool colleagues each sent 8 yuan,-8,CNY,Carpool AA,rel:1,2026-09-01,2026-08-31
repay_from_others-zh-031,zh,repay_from_others,他人还款,Repayment from Others,negative_expense,这周三羽毛球AA转我20块,-20,CNY,羽毛球AA,"rel:0,1",2026-08-31|2026-09-01,2026-08-31
repay_from_others-en-031,en,repay_from_others,他人还款,Repayment from Others,negative_expense,This Wednesday badminton AA sent 20,-20,CNY,Badminton AA,"rel:0,1",2026-08-31|2026-09-01,2026-08-31
repay_from_others-zh-032,zh,repay_from_others,他人还款,Repayment from Others,negative_expense,上周五KTV AA有人转了90元给我,-90,CNY,KTV AA,span:0:2,2026-08-31|2026-09-01|2026-09-02,2026-08-31
repay_from_others-en-032,en,repay_from_others,他人还款,Repayment from Others,negative_expense,Last Friday KTV AA someone sent 90 yuan,-90,CNY,KTV AA,span:0:2,2026-08-31|2026-09-01|2026-09-02,2026-08-31
repay_from_others-zh-033,zh,repay_from_others,他人还款,Repayment from Others,negative_expense,8月20日亲戚还我份子钱200块,-200,CNY,份子还清,week:-1,2026-08-24|2026-08-25|2026-08-26|2026-08-27|2026-08-28|2026-08-29|2026-08-30,2026-08-31
repay_from_others-en-033,en,repay_from_others,他人还款,Repayment from Others,negative_expense,Aug 20 relative repaid gift money 200,-200,CNY,Gift repaid,week:-1,2026-08-24|2026-08-25|2026-08-26|2026-08-27|2026-08-28|2026-08-29|2026-08-30,2026-08-31
repay_from_others-zh-034,zh,repay_from_others,他人还款,Repayment from Others,negative_expense,8月15日合伙人分红预支退回5000元,-5000,CNY,分红预支,weekday:3,2026-09-02,2026-08-31
repay_from_others-en-034,en,repay_from_others,他人还款,Repayment from Others,negative_expense,Aug 15 partner dividend advance returned 5000 yuan,-5000,CNY,Dividend advance,weekday:3,2026-09-02,2026-08-31
repay_from_others-zh-035,zh,repay_from_others,他人还款,Repayment from Others,negative_expense,支付宝好友转账还我12.8元,-12.8,CNY,好友转账,weekday:-1:5,2026-08-28,2026-08-31
repay_from_others-en-035,en,repay_from_others,他人还款,Repayment from Others,negative_expense,Alipay friend transfer repaid 12.8 yuan,-12.8,CNY,Friend transfer,weekday:-1:5,2026-08-28,2026-08-31
repay_from_others-zh-036,zh,repay_from_others,他人还款,Repayment from Others,negative_expense,微信转账室友还清洁费35块,-35,CNY,清洁费还,ymd:2026-08-20,2026-08-20,2026-08-31
repay_from_others-en-036,en,repay_from_others,他人还款,Repayment from Others,negative_expense,WeChat transfer roommate cleaning fee 35,-35,CNY,Cleaning fee,ymd:2026-08-20,2026-08-20,2026-08-31
repay_from_others-zh-037,zh,repay_from_others,他人还款,Repayment from Others,negative_expense,闲鱼买家确认收货尾款到账420元,-420,CNY,尾款到账,ymd:2026-08-15,2026-08-15,2026-08-31
repay_from_others-en-037,en,repay_from_others,他人还款,Repayment from Others,negative_expense,Xianyu buyer confirmed balance 420 yuan,-420,CNY,Balance received,ymd:2026-08-15,2026-08-15,2026-08-31
repay_from_others-zh-038,zh,repay_from_others,他人还款,Repayment from Others,negative_expense,二手群面交买家付我80块,-80,CNY,面交收款,anchor,2026-08-31,2026-08-31
repay_from_others-en-038,en,repay_from_others,他人还款,Repayment from Others,negative_expense,Second-hand group meetup buyer paid 80,-80,CNY,Meetup payment,anchor,2026-08-31,2026-08-31
repay_from_others-zh-039,zh,repay_from_others,他人还款,Repayment from Others,negative_expense,拼车群群主代收转我18元,-18,CNY,群主代收,anchor,2026-08-31,2026-08-31
repay_from_others-en-039,en,repay_from_others,他人还款,Repayment from Others,negative_expense,Carpool group admin forwarded 18 yuan,-18,CNY,Admin collect,anchor,2026-08-31,2026-08-31
repay_from_others-zh-040,zh,repay_from_others,他人还款,Repayment from Others,negative_expense,剧本杀局AA转回人均68块,-68,CNY,剧本杀AA,anchor,2026-08-31,2026-08-31
repay_from_others-en-040,en,repay_from_others,他人还款,Repayment from Others,negative_expense,Murder mystery game AA per person 68,-68,CNY,Script game AA,anchor,2026-08-31,2026-08-31
repay_from_others-zh-041,zh,repay_from_others,他人还款,Repayment from Others,negative_expense,滑雪教练费三人分摊转我150元,-150,CNY,教练分摊,anchor,2026-08-31,2026-08-31
repay_from_others-en-041,en,repay_from_others,他人还款,Repayment from Others,negative_expense,Ski instructor fee three-way split 150 yuan,-150,CNY,Instructor split,anchor,2026-08-31,2026-08-31
repay_from_others-zh-042,zh,repay_from_others,他人还款,Repayment from Others,negative_expense,演唱会门票代付同学还我280块,-280,CNY,代付票款,anchor,2026-08-31,2026-08-31
repay_from_others-en-042,en,repay_from_others,他人还款,Repayment from Others,negative_expense,Concert ticket proxy classmate repaid 280,-280,CNY,Ticket proxy,anchor,2026-08-31,2026-08-31
repay_from_others-zh-043,zh,repay_from_others,他人还款,Repayment from Others,negative_expense,旅游团费朋友转我垫付的1200元,-1200,CNY,团费垫付,anchor,2026-08-31,2026-08-31
repay_from_others-en-043,en,repay_from_others,他人还款,Repayment from Others,negative_expense,Tour fee friend sent my advance 1200 yuan,-1200,CNY,Tour advance,anchor,2026-08-31,2026-08-31
repay_from_others-zh-044,zh,repay_from_others,他人还款,Repayment from Others,negative_expense,香港同事FPS还我餐费55港币,-55,HKD,FPS还款,anchor,2026-08-31,2026-08-31
repay_from_others-en-044,en,repay_from_others,他人还款,Repayment from Others,negative_expense,HK colleague FPS meal money 55 HKD,-55,HKD,FPS repaid,anchor,2026-08-31,2026-08-31
repay_from_others-zh-045,zh,repay_from_others,他人还款,Repayment from Others,negative_expense,美股群友Zelle还我20美元,-20,USD,Zelle还,anchor,2026-08-31,2026-08-31
repay_from_others-en-045,en,repay_from_others,他人还款,Repayment from Others,negative_expense,Stock group buddy Zelle'd 20 dollars,-20,USD,Zelle back,anchor,2026-08-31,2026-08-31
repay_from_others-zh-046,zh,repay_from_others,他人还款,Repayment from Others,negative_expense,牌局赢的钱朋友微信转我100块,-100,CNY,牌局转账,anchor,2026-08-31,2026-08-31
repay_from_others-en-046,en,repay_from_others,他人还款,Repayment from Others,negative_expense,Poker winnings friend WeChat'd 100,-100,CNY,Poker transfer,anchor,2026-08-31,2026-08-31
repay_from_others-zh-047,zh,repay_from_others,他人还款,Repayment from Others,negative_expense,合租买家电分摊转回每人230元,-230,CNY,家电分摊,anchor,2026-08-31,2026-08-31
repay_from_others-en-047,en,repay_from_others,他人还款,Repayment from Others,negative_expense,Shared appliance purchase split 230 each,-230,CNY,Appliance split,anchor,2026-08-31,2026-08-31
repay_from_others-zh-048,zh,repay_from_others,他人还款,Repayment from Others,negative_expense,毕业旅行垫付费队友还我360块,-360,CNY,旅行垫还,anchor,2026-08-31,2026-08-31
repay_from_others-en-048,en,repay_from_others,他人还款,Repayment from Others,negative_expense,Grad trip advance teammate repaid 360,-360,CNY,Trip advance,anchor,2026-08-31,2026-08-31
repay_from_others-zh-049,zh,repay_from_others,他人还款,Repayment from Others,negative_expense,前同事还我离职聚餐代付48元,-48,CNY,聚餐代付,anchor,2026-08-31,2026-08-31
repay_from_others-en-049,en,repay_from_others,他人还款,Repayment from Others,negative_expense,Former colleague repaid farewell dinner proxy 48 yuan,-48,CNY,Dinner proxy,anchor,2026-08-31,2026-08-31
repay_from_others-zh-050,zh,repay_from_others,他人还款,Repayment from Others,negative_expense,小区业主群团购差价退我6块,-6,CNY,团购退差,anchor,2026-08-31,2026-08-31
repay_from_others-en-050,en,repay_from_others,他人还款,Repayment from Others,negative_expense,Community group buy price diff returned 6,-6,CNY,Group buy diff,anchor,2026-08-31,2026-08-31
