分类名称,语言,自然表达,金额,币种,备注,日期规则,展开日期
餐饮美食,zh,今早买包子豆浆当早餐花了8元,8,CNY,早餐,rel:0,2026-08-31
餐饮美食,en,"Grabbed buns and soy milk for breakfast this morning, 8 yuan",8,CNY,Breakfast,rel:0,2026-08-31
餐饮美食,zh,昨天中午点黄焖鸡米饭外卖花了28块,28,CNY,外卖午餐,rel:-1,2026-08-30
餐饮美食,en,"Ordered braised chicken rice takeout for lunch yesterday, 28 bucks",28,CNY,Takeout lunch,rel:-1,2026-08-30
餐饮美食,zh,晚上和朋友吃火锅AA付了180HKD,180,HKD,聚餐AA,anchor,2026-08-31
餐饮美食,en,"Split hot pot with friends, my share was 180 HKD",180,HKD,Group dinner split,anchor,2026-08-31
餐饮美食,zh,下午摸鱼买了杯珍珠奶茶花了22元,22,CNY,奶茶,anchor,2026-08-31
餐饮美食,en,"Bought bubble tea this afternoon, 22 yuan",22,CNY,Milk tea,anchor,2026-08-31
餐饮美食,zh,这一周每天公司楼下买冰美式花了30HKD,30,HKD,咖啡,week:0,2026-08-31|2026-09-01|2026-09-02|2026-09-03|2026-09-04|2026-09-05|2026-09-06
餐饮美食,en,"Iced Americano downstairs every day this week, 30 HKD",30,HKD,Coffee,week:0,2026-08-31|2026-09-01|2026-09-02|2026-09-03|2026-09-04|2026-09-05|2026-09-06
餐饮美食,zh,周末去茶餐厅吃早茶花了128块,128,CNY,早茶,weekday:6,2026-09-05
餐饮美食,en,"Dim sum at a cha chaan teng this Saturday, 128 bucks",128,CNY,Dim sum,weekday:6,2026-09-05
餐饮美食,zh,食堂窗口再打一份红烧肉花了12元,12,CNY,食堂加菜,anchor,2026-08-31
餐饮美食,en,"Extra braised pork at the cafeteria, 12 yuan",12,CNY,Cafeteria extra,anchor,2026-08-31
餐饮美食,zh,夜宵吃烧烤喝啤酒花了150块钱,150,CNY,夜宵,anchor,2026-08-31
餐饮美食,en,"Late-night BBQ and beer, 150 yuan",150,CNY,Late-night snack,anchor,2026-08-31
餐饮美食,zh,买了杯星巴克拿铁花了38HKD,38,HKD,咖啡,anchor,2026-08-31
餐饮美食,en,"Starbucks latte, 38 HKD",38,HKD,Coffee,anchor,2026-08-31
餐饮美食,zh,今天明天食堂午饭都刷15元,15,CNY,食堂,"rel:0,1",2026-08-31|2026-09-01
餐饮美食,en,"Cafeteria lunch today and tomorrow, 15 yuan each",15,CNY,Cafeteria,"rel:0,1",2026-08-31|2026-09-01
餐饮美食,zh,水果店买了一斤草莓花了35块,35,CNY,水果,anchor,2026-08-31
餐饮美食,en,"Bought a pound of strawberries, 35 bucks",35,CNY,Fruit,anchor,2026-08-31
餐饮美食,zh,面包店买吐司和可颂花了42元,42,CNY,面包,anchor,2026-08-31
餐饮美食,en,"Toast and croissants at the bakery, 42 yuan",42,CNY,Bread,anchor,2026-08-31
餐饮美食,zh,麦当劳吃板烧鸡腿堡套餐花了36块,36,CNY,快餐,anchor,2026-08-31
餐饮美食,en,"McDonald's grilled chicken combo, 36 bucks",36,CNY,Fast food,anchor,2026-08-31
餐饮美食,zh,寿司店吃三文鱼刺身饭花了78HKD,78,HKD,日料,anchor,2026-08-31
餐饮美食,en,"Salmon don at the sushi place, 78 HKD",78,HKD,Japanese food,anchor,2026-08-31
餐饮美食,zh,蜜雪冰城买柠檬水花了6元,6,CNY,饮品,anchor,2026-08-31
餐饮美食,en,"Lemonade at Mixue, 6 yuan",6,CNY,Drinks,anchor,2026-08-31
餐饮美食,zh,昨晚自己煮面加煎蛋花了9块,9,CNY,自己做饭,anchor,2026-08-31
餐饮美食,en,"Cooked noodles with fried egg last night, 9 bucks",9,CNY,Home cooking,anchor,2026-08-31
餐饮美食,zh,深夜点了份黄焖鸡米饭花了26元,26,CNY,夜宵外卖,anchor,2026-08-31
餐饮美食,en,"Late-night braised chicken rice delivery, 26 yuan",26,CNY,Late-night takeout,anchor,2026-08-31
餐饮美食,zh,瑞幸买生椰拿铁花了19块,19,CNY,咖啡,anchor,2026-08-31
餐饮美食,en,"Luckin coconut latte, 19 bucks",19,CNY,Coffee,anchor,2026-08-31
餐饮美食,zh,今天到后天兰州拉面馆牛肉面加蛋都花22元,22,CNY,面食,span:0:2,2026-08-31|2026-09-01|2026-09-02
餐饮美食,en,"Beef noodle with egg today through day after tomorrow, 22 yuan",22,CNY,Noodles,span:0:2,2026-08-31|2026-09-01|2026-09-02
餐饮美食,zh,东北饺子馆吃晚餐花了45块,45,CNY,饺子,anchor,2026-08-31
餐饮美食,en,"Dinner at the dumpling house, 45 bucks",45,CNY,Dumplings,anchor,2026-08-31
餐饮美食,zh,港式茶餐厅下午茶冻柠茶加菠萝油花了58HKD,58,HKD,下午茶,anchor,2026-08-31
餐饮美食,en,"Afternoon tea: iced lemon tea and pineapple bun, 58 HKD",58,HKD,Afternoon tea,anchor,2026-08-31
餐饮美食,zh,冰淇淋店买两个甜筒花了16元,16,CNY,甜品,anchor,2026-08-31
餐饮美食,en,"Two ice cream cones, 16 yuan",16,CNY,Dessert,anchor,2026-08-31
餐饮美食,zh,绝味鸭脖买鸭货花了32块,32,CNY,卤味,anchor,2026-08-31
餐饮美食,en,"Duck snacks from Juewei, 32 bucks",32,CNY,Braised snacks,anchor,2026-08-31
餐饮美食,zh,水果店买切果盒花了28元,28,CNY,水果,anchor,2026-08-31
餐饮美食,en,"Pre-cut fruit box, 28 yuan",28,CNY,Fruit,anchor,2026-08-31
餐饮美食,zh,公司楼下买便当盒饭花了25块,25,CNY,盒饭,anchor,2026-08-31
餐饮美食,en,"Bento box downstairs, 25 bucks",25,CNY,Bento,anchor,2026-08-31
餐饮美食,zh,本周三外卖点了份意式披萨花了68元,68,CNY,披萨,weekday:3,2026-09-02
餐饮美食,en,"Ordered pizza takeout this Wednesday, 68 yuan",68,CNY,Pizza,weekday:3,2026-09-02
餐饮美食,zh,半夜饿了点串串香夜宵花了55块,55,CNY,夜宵,anchor,2026-08-31
餐饮美食,en,"Late-night skewers delivery, 55 bucks",55,CNY,Late-night snack,anchor,2026-08-31
餐饮美食,zh,粤式早茶点虾饺烧卖花了138元,138,CNY,早茶,anchor,2026-08-31
餐饮美食,en,"Shrimp dumplings and siu mai at yum cha, 138 yuan",138,CNY,Dim sum,anchor,2026-08-31
餐饮美食,zh,同事聚餐吃日式定食花了72块,72,CNY,定食,anchor,2026-08-31
餐饮美食,en,"Japanese set meal with coworkers, 72 bucks",72,CNY,Set meal,anchor,2026-08-31
餐饮美食,zh,好利来买半熟芝士蛋糕花了49元,49,CNY,甜品,anchor,2026-08-31
餐饮美食,en,"Half-baked cheesecake from Holiland, 49 yuan",49,CNY,Dessert,anchor,2026-08-31
餐饮美食,zh,肯德基买全家桶花了99块,99,CNY,快餐,anchor,2026-08-31
餐饮美食,en,"KFC family bucket, 99 bucks",99,CNY,Fast food,anchor,2026-08-31
餐饮美食,zh,8月20日居酒屋吃日料小酌花了280HKD,280,HKD,日料,ymd:2026-08-20,2026-08-20
餐饮美食,en,"Izakaya dinner on Aug 20, 280 HKD",280,HKD,Japanese food,ymd:2026-08-20,2026-08-20
餐饮美食,zh,丘大叔买鸭屎香柠檬茶花了18元,18,CNY,饮品,anchor,2026-08-31
餐饮美食,en,"Duck-shit fragrance lemon tea, 18 yuan",18,CNY,Drinks,anchor,2026-08-31
餐饮美食,zh,上周每天早餐店肠粉加粥花了12块,12,CNY,早餐,week:-1,2026-08-24|2026-08-25|2026-08-26|2026-08-27|2026-08-28|2026-08-29|2026-08-30
餐饮美食,en,"Rice rolls and congee for breakfast every day last week, 12 bucks",12,CNY,Breakfast,week:-1,2026-08-24|2026-08-25|2026-08-26|2026-08-27|2026-08-28|2026-08-29|2026-08-30
餐饮美食,zh,正宗兰州拉面吃大碗面花了20元,20,CNY,面食,anchor,2026-08-31
餐饮美食,en,"Big bowl of Lanzhou noodles, 20 yuan",20,CNY,Noodles,anchor,2026-08-31
餐饮美食,zh,杨国福吃麻辣烫午餐花了35块,35,CNY,麻辣烫,anchor,2026-08-31
餐饮美食,en,"Lunch at Yang Guofu malatang, 35 bucks",35,CNY,Malatang,anchor,2026-08-31
餐饮美食,zh,韩式烤肉店聚餐人均花了160元,160,CNY,聚餐,anchor,2026-08-31
餐饮美食,en,"Korean BBQ group dinner, my share 160 yuan",160,CNY,Group dinner,anchor,2026-08-31
餐饮美食,zh,夏天买半个西瓜花了28块,28,CNY,水果,anchor,2026-08-31
餐饮美食,en,"Half a watermelon in summer, 28 bucks",28,CNY,Fruit,anchor,2026-08-31
餐饮美食,zh,便利店买关东煮花了18元,18,CNY,便利店,anchor,2026-08-31
餐饮美食,en,"Oden at the convenience store, 18 yuan",18,CNY,Convenience store,anchor,2026-08-31
餐饮美食,zh,咖啡店买燕麦拿铁花了32块,32,CNY,咖啡,anchor,2026-08-31
餐饮美食,en,"Oat milk latte at the cafe, 32 bucks",32,CNY,Coffee,anchor,2026-08-31
餐饮美食,zh,粥铺点皮蛋瘦肉粥加油条花了15元,15,CNY,早餐,anchor,2026-08-31
餐饮美食,en,"Pork congee and fried dough sticks, 15 yuan",15,CNY,Breakfast,anchor,2026-08-31
餐饮美食,zh,汉堡王吃皇堡套餐花了41块,41,CNY,快餐,anchor,2026-08-31
餐饮美食,en,"Burger King Whopper combo, 41 bucks",41,CNY,Fast food,anchor,2026-08-31
餐饮美食,zh,泰式餐厅吃冬阴功汤饭花了68元,68,CNY,泰餐,anchor,2026-08-31
餐饮美食,en,"Tom yum rice at the Thai restaurant, 68 yuan",68,CNY,Thai food,anchor,2026-08-31
餐饮美食,zh,甜品店买双皮奶和姜撞奶花了30块,30,CNY,甜品,anchor,2026-08-31
餐饮美食,en,"Double-skin milk and ginger milk pudding, 30 bucks",30,CNY,Dessert,anchor,2026-08-31
餐饮美食,zh,下午茶点了蛋糕卷花了18元,18,CNY,下午茶,anchor,2026-08-31
餐饮美食,en,"Ordered a cake roll for afternoon tea, 18 yuan",18,CNY,Afternoon tea,anchor,2026-08-31
餐饮美食,zh,外卖点麻辣小龙虾花了188块,188,CNY,小龙虾,anchor,2026-08-31
餐饮美食,en,"Spicy crayfish takeout, 188 bucks",188,CNY,Crayfish,anchor,2026-08-31
餐饮美食,zh,茶餐厅冻柠茶走冰花了24HKD,24,HKD,饮品,anchor,2026-08-31
餐饮美食,en,"Iced lemon tea, no ice, 24 HKD",24,HKD,Drinks,anchor,2026-08-31
餐饮美食,zh,大前天包子铺买一笼小笼包花了16元,16,CNY,早餐,rel:-3,2026-08-28
餐饮美食,en,"Steamed buns at the shop three days ago, 16 yuan",16,CNY,Breakfast,rel:-3,2026-08-28
餐饮美食,zh,西餐厅吃牛排套餐花了268块,268,CNY,西餐,anchor,2026-08-31
餐饮美食,en,"Steak set at the Western restaurant, 268 bucks",268,CNY,Western food,anchor,2026-08-31
餐饮美食,zh,自助餐厅吃午餐花了128元,128,CNY,自助餐,anchor,2026-08-31
餐饮美食,en,"Lunch buffet, 128 yuan",128,CNY,Buffet,anchor,2026-08-31
交通出行,zh,今天坐地铁上下班花了8HKD,8,HKD,地铁,rel:0,2026-08-31
交通出行,en,"Subway commute today, 8 HKD",8,HKD,Subway,rel:0,2026-08-31
交通出行,zh,昨天打车去公司付了45块钱,45,CNY,打车,rel:-1,2026-08-30
交通出行,en,"Taxi to work yesterday, 45 bucks",45,CNY,Taxi,rel:-1,2026-08-30
交通出行,zh,给车加92号油花了300元,300,CNY,加油,anchor,2026-08-31
交通出行,en,"Filled up with 92-octane gas, 300 yuan",300,CNY,Gas,anchor,2026-08-31
交通出行,zh,公交卡充值100元,100,CNY,公交卡,anchor,2026-08-31
交通出行,en,"Transit card top-up, 100 yuan",100,CNY,Transit card,anchor,2026-08-31
交通出行,zh,打滴滴去商圈花了38块,38,CNY,网约车,anchor,2026-08-31
交通出行,en,"Didi ride to the mall, 38 bucks",38,CNY,Ride-hail,anchor,2026-08-31
交通出行,zh,买高铁二等座票花了550元,550,CNY,高铁,anchor,2026-08-31
交通出行,en,"Second-class high-speed rail ticket, 550 yuan",550,CNY,High-speed rail,anchor,2026-08-31
交通出行,zh,小区停车场交停车费20HKD,20,HKD,停车,anchor,2026-08-31
交通出行,en,"Parking fee at the complex, 20 HKD",20,HKD,Parking,anchor,2026-08-31
交通出行,zh,这一周每天骑共享单车通勤花了3块钱,3,CNY,共享单车,week:0,2026-08-31|2026-09-01|2026-09-02|2026-09-03|2026-09-04|2026-09-05|2026-09-06
交通出行,en,"Shared bike commute every day this week, 3 bucks",3,CNY,Shared bike,week:0,2026-08-31|2026-09-01|2026-09-02|2026-09-03|2026-09-04|2026-09-05|2026-09-06
交通出行,zh,机场大巴车票花了25元,25,CNY,机场大巴,anchor,2026-08-31
交通出行,en,"Airport shuttle bus ticket, 25 yuan",25,CNY,Airport bus,anchor,2026-08-31
交通出行,zh,高速过路费花了120块,120,CNY,过路费,anchor,2026-08-31
交通出行,en,"Highway tolls, 120 bucks",120,CNY,Tolls,anchor,2026-08-31
交通出行,zh,今天明天坐公交去市区都花2元,2,CNY,公交,"rel:0,1",2026-08-31|2026-09-01
交通出行,en,"Bus to downtown today and tomorrow, 2 yuan each",2,CNY,Bus,"rel:0,1",2026-08-31|2026-09-01
交通出行,zh,网约车去机场花了120块,120,CNY,网约车,anchor,2026-08-31
交通出行,en,"Ride-hail to the airport, 120 bucks",120,CNY,Ride-hail,anchor,2026-08-31
交通出行,zh,电动车充电花了15元,15,CNY,充电,anchor,2026-08-31
交通出行,en,"EV charging, 15 yuan",15,CNY,Charging,anchor,2026-08-31
交通出行,zh,买动车票花了180块,180,CNY,动车,anchor,2026-08-31
交通出行,en,"Bullet train ticket, 180 bucks",180,CNY,Bullet train,anchor,2026-08-31
交通出行,zh,出租车打表花了56元,56,CNY,出租车,anchor,2026-08-31
交通出行,en,"Taxi meter fare, 56 yuan",56,CNY,Taxi,anchor,2026-08-31
交通出行,zh,摩托车加油花了80块,80,CNY,加油,anchor,2026-08-31
交通出行,en,"Motorcycle gas, 80 bucks",80,CNY,Gas,anchor,2026-08-31
交通出行,zh,坐轮渡去对岸花了15HKD,15,HKD,轮渡,anchor,2026-08-31
交通出行,en,"Ferry across the harbor, 15 HKD",15,HKD,Ferry,anchor,2026-08-31
交通出行,zh,代驾回家花了80元,80,CNY,代驾,anchor,2026-08-31
交通出行,en,"Designated driver home, 80 yuan",80,CNY,Designated driver,anchor,2026-08-31
交通出行,zh,租车一天花了300块,300,CNY,租车,anchor,2026-08-31
交通出行,en,"Car rental for a day, 300 bucks",300,CNY,Car rental,anchor,2026-08-31
交通出行,zh,地铁月卡充值200元,200,CNY,地铁卡,anchor,2026-08-31
交通出行,en,"Monthly subway pass top-up, 200 yuan",200,CNY,Subway card,anchor,2026-08-31
交通出行,zh,顺风车去邻市花了120块,120,CNY,顺风车,anchor,2026-08-31
交通出行,en,"Carpool to the next city, 120 bucks",120,CNY,Carpool,anchor,2026-08-31
交通出行,zh,买飞机票经济舱花了1200元,1200,CNY,机票,anchor,2026-08-31
交通出行,en,"Economy flight ticket, 1200 yuan",1200,CNY,Flight,anchor,2026-08-31
交通出行,zh,停车场包月费300元,300,CNY,停车月费,anchor,2026-08-31
交通出行,en,"Monthly parking pass, 300 yuan",300,CNY,Monthly parking,anchor,2026-08-31
交通出行,zh,坐大巴回老家花了150块,150,CNY,大巴,anchor,2026-08-31
交通出行,en,"Coach bus back home, 150 bucks",150,CNY,Coach bus,anchor,2026-08-31
交通出行,zh,今天到后天骑共享电动车都花5元,5,CNY,共享电动车,span:0:2,2026-08-31|2026-09-01|2026-09-02
交通出行,en,"Shared e-bike today through day after tomorrow, 5 yuan",5,CNY,Shared e-bike,span:0:2,2026-08-31|2026-09-01|2026-09-02
交通出行,zh,本周五滴滴打快车花了28块,28,CNY,网约车,weekday:5,2026-09-04
交通出行,en,"Didi express this Friday, 28 bucks",28,CNY,Ride-hail,weekday:5,2026-09-04
交通出行,zh,给车做保养花了500元,500,CNY,保养,anchor,2026-08-31
交通出行,en,"Car maintenance, 500 yuan",500,CNY,Maintenance,anchor,2026-08-31
交通出行,zh,买船票去海岛玩花了180块,180,CNY,船票,anchor,2026-08-31
交通出行,en,"Ferry ticket to the island, 180 bucks",180,CNY,Ferry ticket,anchor,2026-08-31
交通出行,zh,公交转地铁一共花了6元,6,CNY,公交换乘,anchor,2026-08-31
交通出行,en,"Bus plus subway transfer, 6 yuan",6,CNY,Bus transfer,anchor,2026-08-31
交通出行,zh,8月15日打车去高铁站花了60块,60,CNY,打车,ymd:2026-08-15,2026-08-15
交通出行,en,"Taxi to the rail station on Aug 15, 60 bucks",60,CNY,Taxi,ymd:2026-08-15,2026-08-15
交通出行,zh,ETC扣费85元,85,CNY,ETC,anchor,2026-08-31
交通出行,en,"ETC toll charge, 85 yuan",85,CNY,ETC,anchor,2026-08-31
交通出行,zh,坐轻轨去郊区花了20块,20,CNY,轻轨,anchor,2026-08-31
交通出行,en,"Light rail to the suburbs, 20 bucks",20,CNY,Light rail,anchor,2026-08-31
交通出行,zh,网约车拼车花了18元,18,CNY,拼车,anchor,2026-08-31
交通出行,en,"Pooled ride-hail, 18 yuan",18,CNY,Carpool,anchor,2026-08-31
交通出行,zh,自行车补胎花了15块,15,CNY,修车,anchor,2026-08-31
交通出行,en,"Bike tire patch, 15 bucks",15,CNY,Bike repair,anchor,2026-08-31
交通出行,zh,买火车票卧铺花了320元,320,CNY,火车票,anchor,2026-08-31
交通出行,en,"Sleeper train ticket, 320 yuan",320,CNY,Train ticket,anchor,2026-08-31
交通出行,zh,小区停车费一天10元,10,CNY,停车,anchor,2026-08-31
交通出行,en,"Daily parking at the complex, 10 yuan",10,CNY,Parking,anchor,2026-08-31
交通出行,zh,坐叮叮车花了3HKD,3,HKD,叮叮车,anchor,2026-08-31
交通出行,en,"Tram ride, 3 HKD",3,HKD,Tram,anchor,2026-08-31
交通出行,zh,打车去医院花了35块,35,CNY,打车,anchor,2026-08-31
交通出行,en,"Taxi to the hospital, 35 bucks",35,CNY,Taxi,anchor,2026-08-31
交通出行,zh,汽车年检花了280元,280,CNY,年检,anchor,2026-08-31
交通出行,en,"Annual vehicle inspection, 280 yuan",280,CNY,Inspection,anchor,2026-08-31
交通出行,zh,坐长途客车花了220块,220,CNY,长途车,anchor,2026-08-31
交通出行,en,"Long-distance coach, 220 bucks",220,CNY,Long-distance bus,anchor,2026-08-31
交通出行,zh,共享汽车用了两小时花了60元,60,CNY,共享汽车,anchor,2026-08-31
交通出行,en,"Shared car for two hours, 60 yuan",60,CNY,Shared car,anchor,2026-08-31
交通出行,zh,上周每天地铁通勤刷了50元,50,CNY,地铁充值,week:-1,2026-08-24|2026-08-25|2026-08-26|2026-08-27|2026-08-28|2026-08-29|2026-08-30
交通出行,en,"Subway commute top-up every day last week, 50 yuan",50,CNY,Subway top-up,week:-1,2026-08-24|2026-08-25|2026-08-26|2026-08-27|2026-08-28|2026-08-29|2026-08-30
交通出行,zh,打车去酒吧花了45块,45,CNY,打车,anchor,2026-08-31
交通出行,en,"Taxi to the bar, 45 bucks",45,CNY,Taxi,anchor,2026-08-31
交通出行,zh,给车换轮胎花了800元,800,CNY,换轮胎,anchor,2026-08-31
交通出行,en,"New tires for the car, 800 yuan",800,CNY,New tires,anchor,2026-08-31
交通出行,zh,坐港铁去尖沙咀花了22HKD,22,HKD,港铁,anchor,2026-08-31
交通出行,en,"MTR to Tsim Sha Tsui, 22 HKD",22,HKD,MTR,anchor,2026-08-31
交通出行,zh,顺风车拼单花了25元,25,CNY,拼车,anchor,2026-08-31
交通出行,en,"Carpool ride, 25 yuan",25,CNY,Carpool,anchor,2026-08-31
交通出行,zh,过收费站交了50块,50,CNY,过路费,anchor,2026-08-31
交通出行,en,"Toll booth payment, 50 bucks",50,CNY,Tolls,anchor,2026-08-31
交通出行,zh,买机票燃油附加费150元,150,CNY,机票附加,anchor,2026-08-31
交通出行,en,"Flight fuel surcharge, 150 yuan",150,CNY,Flight surcharge,anchor,2026-08-31
交通出行,zh,电动车上牌花了100块,100,CNY,上牌,anchor,2026-08-31
交通出行,en,"E-bike registration, 100 bucks",100,CNY,Registration,anchor,2026-08-31
交通出行,zh,坐巴士去深圳湾花了45HKD,45,HKD,巴士,anchor,2026-08-31
交通出行,en,"Bus to Shenzhen Bay, 45 HKD",45,HKD,Bus,anchor,2026-08-31
商超购物,zh,昨天永辉超市买菜花了90元,90,CNY,超市买菜,rel:-1,2026-08-30
商超购物,en,"Groceries at Yonghui yesterday, 90 yuan",90,CNY,Supermarket groceries,rel:-1,2026-08-30
商超购物,zh,便利店囤零食花了75块,75,CNY,囤零食,anchor,2026-08-31
商超购物,en,"Stocked up on snacks at the convenience store, 75 bucks",75,CNY,Snack stock-up,anchor,2026-08-31
商超购物,zh,逛百货商场买东西花了500HKD,500,HKD,商场购物,anchor,2026-08-31
商超购物,en,"Shopping at the department store, 500 HKD",500,HKD,Mall shopping,anchor,2026-08-31
商超购物,zh,进口超市买牛排花了220元,220,CNY,进口超市,anchor,2026-08-31
商超购物,en,"Steaks at the import supermarket, 220 yuan",220,CNY,Import supermarket,anchor,2026-08-31
商超购物,zh,楼下超市买烟花了45块,45,CNY,买烟,anchor,2026-08-31
商超购物,en,"Cigarettes at the downstairs market, 45 bucks",45,CNY,Cigarettes,anchor,2026-08-31
商超购物,zh,本周六山姆会员店囤货花了680元,680,CNY,会员店,weekday:6,2026-09-05
商超购物,en,"Sam's Club stock-up this Saturday, 680 yuan",680,CNY,Warehouse club,weekday:6,2026-09-05
商超购物,zh,超市买洗衣液花了69块,69,CNY,日化,anchor,2026-08-31
商超购物,en,"Laundry detergent at the supermarket, 69 bucks",69,CNY,Household goods,anchor,2026-08-31
商超购物,zh,8月18日海外超市买伴手礼花了120USD,120,USD,伴手礼,ymd:2026-08-18,2026-08-18
商超购物,en,"Souvenirs abroad on Aug 18, 120 USD",120,USD,Souvenirs,ymd:2026-08-18,2026-08-18
商超购物,zh,菜市场买食材花了150块,150,CNY,菜市场,anchor,2026-08-31
商超购物,en,"Ingredients at the wet market, 150 bucks",150,CNY,Wet market,anchor,2026-08-31
商超购物,zh,沃尔玛买日用品花了180元,180,CNY,日用品,anchor,2026-08-31
商超购物,en,"Daily necessities at Walmart, 180 yuan",180,CNY,Daily necessities,anchor,2026-08-31
商超购物,zh,这一周每天711买水和纸巾花了12HKD,12,HKD,便利店,week:0,2026-08-31|2026-09-01|2026-09-02|2026-09-03|2026-09-04|2026-09-05|2026-09-06
商超购物,en,"Water and tissues at 7-Eleven every day this week, 12 HKD",12,HKD,Convenience store,week:0,2026-08-31|2026-09-01|2026-09-02|2026-09-03|2026-09-04|2026-09-05|2026-09-06
商超购物,zh,大润发买米面粮油花了260块,260,CNY,粮油,anchor,2026-08-31
商超购物,en,"Rice, flour and cooking oil at RT-Mart, 260 bucks",260,CNY,Staples,anchor,2026-08-31
商超购物,zh,超市买土鸡蛋一盒花了15元,15,CNY,鸡蛋,anchor,2026-08-31
商超购物,en,"Carton of farm eggs, 15 yuan",15,CNY,Eggs,anchor,2026-08-31
商超购物,zh,免税店买化妆品花了800HKD,800,HKD,免税店,anchor,2026-08-31
商超购物,en,"Cosmetics at the duty-free shop, 800 HKD",800,HKD,Duty-free,anchor,2026-08-31
商超购物,zh,生鲜超市买海鲜花了350块,350,CNY,海鲜,anchor,2026-08-31
商超购物,en,"Seafood at the fresh market, 350 bucks",350,CNY,Seafood,anchor,2026-08-31
商超购物,zh,超市买卫生纸花了89元,89,CNY,纸品,anchor,2026-08-31
商超购物,en,"Toilet paper at the supermarket, 89 yuan",89,CNY,Paper goods,anchor,2026-08-31
商超购物,zh,全家买便当和饮料花了32块,32,CNY,便利店,anchor,2026-08-31
商超购物,en,"Bento and drinks at FamilyMart, 32 bucks",32,CNY,Convenience store,anchor,2026-08-31
商超购物,zh,百佳超市买水果花了128HKD,128,HKD,水果,anchor,2026-08-31
商超购物,en,"Fruit at ParknShop, 128 HKD",128,HKD,Fruit,anchor,2026-08-31
商超购物,zh,今天明天小卖部买饮料都花8元,8,CNY,小卖部,"rel:0,1",2026-08-31|2026-09-01
商超购物,en,"Drinks at the corner shop today and tomorrow, 8 yuan each",8,CNY,Corner shop,"rel:0,1",2026-08-31|2026-09-01
商超购物,zh,仓储超市买纸巾洗衣液花了199块,199,CNY,囤货,anchor,2026-08-31
商超购物,en,"Bulk tissues and detergent, 199 bucks",199,CNY,Stock-up,anchor,2026-08-31
商超购物,zh,超市买牛奶面包花了56元,56,CNY,牛奶面包,anchor,2026-08-31
商超购物,en,"Milk and bread at the supermarket, 56 yuan",56,CNY,Milk and bread,anchor,2026-08-31
商超购物,zh,OK便利店买咖啡花了18HKD,18,HKD,便利店,anchor,2026-08-31
商超购物,en,"Coffee at Circle K, 18 HKD",18,HKD,Convenience store,anchor,2026-08-31
商超购物,zh,上周每天菜市场买肉和菜花了120块,120,CNY,买菜,week:-1,2026-08-24|2026-08-25|2026-08-26|2026-08-27|2026-08-28|2026-08-29|2026-08-30
商超购物,en,"Meat and veggies at the market every day last week, 120 bucks",120,CNY,Groceries,week:-1,2026-08-24|2026-08-25|2026-08-26|2026-08-27|2026-08-28|2026-08-29|2026-08-30
商超购物,zh,进口超市买巧克力花了88元,88,CNY,进口超市,anchor,2026-08-31
商超购物,en,"Imported chocolate, 88 yuan",88,CNY,Import supermarket,anchor,2026-08-31
商超购物,zh,超市搞促销囤货花了300块,300,CNY,促销囤货,anchor,2026-08-31
商超购物,en,"Sale stock-up at the supermarket, 300 bucks",300,CNY,Sale stock-up,anchor,2026-08-31
商超购物,zh,便利店买雨伞花了25元,25,CNY,便利店,anchor,2026-08-31
商超购物,en,"Umbrella at the convenience store, 25 yuan",25,CNY,Convenience store,anchor,2026-08-31
商超购物,zh,惠康超市买零食花了98HKD,98,HKD,零食,anchor,2026-08-31
商超购物,en,"Snacks at Wellcome, 98 HKD",98,HKD,Snacks,anchor,2026-08-31
商超购物,zh,超市买洗洁精和垃圾袋花了35元,35,CNY,日用品,anchor,2026-08-31
商超购物,en,"Dish soap and trash bags, 35 yuan",35,CNY,Daily necessities,anchor,2026-08-31
商超购物,zh,生鲜店买排骨花了78块,78,CNY,生鲜,anchor,2026-08-31
商超购物,en,"Pork ribs at the fresh shop, 78 bucks",78,CNY,Fresh meat,anchor,2026-08-31
商超购物,zh,超市买牙膏牙刷花了42元,42,CNY,日用品,anchor,2026-08-31
商超购物,en,"Toothpaste and toothbrush, 42 yuan",42,CNY,Daily necessities,anchor,2026-08-31
商超购物,zh,今天到后天便利店买冰棍都花10块,10,CNY,便利店,span:0:2,2026-08-31|2026-09-01|2026-09-02
商超购物,en,"Ice pops at the convenience store today through day after tomorrow, 10 bucks",10,CNY,Convenience store,span:0:2,2026-08-31|2026-09-01|2026-09-02
商超购物,zh,城市超市买进口水果花了168元,168,CNY,进口水果,anchor,2026-08-31
商超购物,en,"Imported fruit at the city supermarket, 168 yuan",168,CNY,Imported fruit,anchor,2026-08-31
商超购物,zh,超市买拖鞋花了29块,29,CNY,日用品,anchor,2026-08-31
商超购物,en,"Slippers at the supermarket, 29 bucks",29,CNY,Daily necessities,anchor,2026-08-31
商超购物,zh,便利店买充电宝花了99元,99,CNY,便利店,anchor,2026-08-31
商超购物,en,"Power bank at the convenience store, 99 yuan",99,CNY,Convenience store,anchor,2026-08-31
商超购物,zh,菜市场买海鲜花了280块,280,CNY,海鲜,anchor,2026-08-31
商超购物,en,"Seafood at the wet market, 280 bucks",280,CNY,Seafood,anchor,2026-08-31
商超购物,zh,超市买洗发水沐浴露花了118元,118,CNY,洗护,anchor,2026-08-31
商超购物,en,"Shampoo and body wash, 118 yuan",118,CNY,Toiletries,anchor,2026-08-31
商超购物,zh,便利店买口罩花了15块,15,CNY,便利店,anchor,2026-08-31
商超购物,en,"Face masks at the convenience store, 15 bucks",15,CNY,Convenience store,anchor,2026-08-31
商超购物,zh,精品超市买牛排花了198元,198,CNY,进口超市,anchor,2026-08-31
商超购物,en,"Steak at the boutique supermarket, 198 yuan",198,CNY,Import supermarket,anchor,2026-08-31
商超购物,zh,超市买酱油醋调料花了45块,45,CNY,调料,anchor,2026-08-31
商超购物,en,"Soy sauce and seasonings, 45 bucks",45,CNY,Seasonings,anchor,2026-08-31
商超购物,zh,便利店买口香糖花了10元,10,CNY,便利店,anchor,2026-08-31
商超购物,en,"Gum at the convenience store, 10 yuan",10,CNY,Convenience store,anchor,2026-08-31
商超购物,zh,超市买坚果礼盒花了128块,128,CNY,坚果,anchor,2026-08-31
商超购物,en,"Nut gift box, 128 bucks",128,CNY,Nuts,anchor,2026-08-31
商超购物,zh,超市买卫生巾花了56元,56,CNY,日用品,anchor,2026-08-31
商超购物,en,"Sanitary pads, 56 yuan",56,CNY,Daily necessities,anchor,2026-08-31
商超购物,zh,便利店买矿泉水花了5块,5,CNY,便利店,anchor,2026-08-31
商超购物,en,"Bottled water, 5 bucks",5,CNY,Convenience store,anchor,2026-08-31
商超购物,zh,超市买速冻饺子花了38元,38,CNY,速冻食品,anchor,2026-08-31
商超购物,en,"Frozen dumplings, 38 yuan",38,CNY,Frozen food,anchor,2026-08-31
商超购物,zh,菜市场买水果花了60块,60,CNY,水果,anchor,2026-08-31
商超购物,en,"Fruit at the wet market, 60 bucks",60,CNY,Fruit,anchor,2026-08-31
商超购物,zh,超市买洗衣液补充装花了49元,49,CNY,日化,anchor,2026-08-31
商超购物,en,"Laundry detergent refill, 49 yuan",49,CNY,Household goods,anchor,2026-08-31
商超购物,zh,便利店买面包花了12块,12,CNY,便利店,anchor,2026-08-31
商超购物,en,"Bread at the convenience store, 12 bucks",12,CNY,Convenience store,anchor,2026-08-31
商超购物,zh,超市买床上四件套花了299元,299,CNY,家纺,anchor,2026-08-31
商超购物,en,"Bedding set, 299 yuan",299,CNY,Home textiles,anchor,2026-08-31
商超购物,zh,超市买锅碗瓢盆花了150块,150,CNY,厨具,anchor,2026-08-31
商超购物,en,"Pots and pans, 150 bucks",150,CNY,Kitchenware,anchor,2026-08-31
商超购物,zh,超市买零食大礼包花了88元,88,CNY,零食,anchor,2026-08-31
商超购物,en,"Snack gift pack, 88 yuan",88,CNY,Snacks,anchor,2026-08-31
日用百货,zh,昨天买垃圾袋洗洁精花了35元,35,CNY,清洁用品,rel:-1,2026-08-30
日用百货,en,"Trash bags and dish soap yesterday, 35 yuan",35,CNY,Cleaning supplies,rel:-1,2026-08-30
日用百货,zh,囤卫生纸花了89块钱,89,CNY,纸品,anchor,2026-08-31
日用百货,en,"Stocked up on toilet paper, 89 bucks",89,CNY,Paper goods,anchor,2026-08-31
日用百货,zh,买洗漱用品花了120HKD,120,HKD,洗漱用品,anchor,2026-08-31
日用百货,en,"Toiletries, 120 HKD",120,HKD,Toiletries,anchor,2026-08-31
日用百货,zh,本周三买厨房清洁用品花了56元,56,CNY,清洁用品,weekday:3,2026-09-02
日用百货,en,"Kitchen cleaning supplies this Wednesday, 56 yuan",56,CNY,Cleaning supplies,weekday:3,2026-09-02
日用百货,zh,买一次性口罩花了45块,45,CNY,口罩,anchor,2026-08-31
日用百货,en,"Disposable face masks, 45 bucks",45,CNY,Face masks,anchor,2026-08-31
日用百货,zh,买雨伞拖鞋花了78元,78,CNY,日常用品,anchor,2026-08-31
日用百货,en,"Umbrella and slippers, 78 yuan",78,CNY,Daily goods,anchor,2026-08-31
日用百货,zh,买收纳盒花了99HKD,99,HKD,收纳,anchor,2026-08-31
日用百货,en,"Storage boxes, 99 HKD",99,HKD,Storage,anchor,2026-08-31
日用百货,zh,买洗衣液柔顺剂花了109元,109,CNY,日化,anchor,2026-08-31
日用百货,en,"Laundry detergent and fabric softener, 109 yuan",109,CNY,Household goods,anchor,2026-08-31
日用百货,zh,8月12日买驱蚊用品花了32USD,32,USD,驱蚊,ymd:2026-08-12,2026-08-12
日用百货,en,"Mosquito repellent on Aug 12, 32 USD",32,USD,Mosquito repellent,ymd:2026-08-12,2026-08-12
日用百货,zh,买保鲜膜锡纸花了28块,28,CNY,厨房用品,anchor,2026-08-31
日用百货,en,"Cling wrap and foil, 28 bucks",28,CNY,Kitchen supplies,anchor,2026-08-31
日用百货,zh,买牙膏牙刷套装花了42元,42,CNY,洗漱,anchor,2026-08-31
日用百货,en,"Toothpaste and toothbrush set, 42 yuan",42,CNY,Toiletries,anchor,2026-08-31
日用百货,zh,买拖把扫帚花了65块,65,CNY,清洁工具,anchor,2026-08-31
日用百货,en,"Mop and broom, 65 bucks",65,CNY,Cleaning tools,anchor,2026-08-31
日用百货,zh,买垃圾桶花了25元,25,CNY,日用品,anchor,2026-08-31
日用百货,en,"Trash can, 25 yuan",25,CNY,Daily goods,anchor,2026-08-31
日用百货,zh,买衣架裤架花了38块,38,CNY,收纳,anchor,2026-08-31
日用百货,en,"Clothes and pants hangers, 38 bucks",38,CNY,Storage,anchor,2026-08-31
日用百货,zh,买洗碗布钢丝球花了12元,12,CNY,清洁,anchor,2026-08-31
日用百货,en,"Dish cloth and steel wool, 12 yuan",12,CNY,Cleaning,anchor,2026-08-31
日用百货,zh,今天明天都补了纸巾抽纸整箱花了99块,99,CNY,纸品,"rel:0,1",2026-08-31|2026-09-01
日用百货,en,"Restocked tissue boxes today and tomorrow, 99 bucks",99,CNY,Paper goods,"rel:0,1",2026-08-31|2026-09-01
日用百货,zh,买洁厕灵花了18元,18,CNY,清洁,anchor,2026-08-31
日用百货,en,"Toilet bowl cleaner, 18 yuan",18,CNY,Cleaning,anchor,2026-08-31
日用百货,zh,买一次性手套花了15块,15,CNY,日用品,anchor,2026-08-31
日用百货,en,"Disposable gloves, 15 bucks",15,CNY,Daily goods,anchor,2026-08-31
日用百货,zh,买厨房抹布花了20元,20,CNY,清洁,anchor,2026-08-31
日用百货,en,"Kitchen cleaning cloths, 20 yuan",20,CNY,Cleaning,anchor,2026-08-31
日用百货,zh,买真空收纳袋花了56块,56,CNY,收纳,anchor,2026-08-31
日用百货,en,"Vacuum storage bags, 56 bucks",56,CNY,Storage,anchor,2026-08-31
日用百货,zh,买插排插座花了49元,49,CNY,电器配件,anchor,2026-08-31
日用百货,en,"Power strip, 49 yuan",49,CNY,Electrical accessories,anchor,2026-08-31
日用百货,zh,买电池五号七号花了25块,25,CNY,电池,anchor,2026-08-31
日用百货,en,"AA and AAA batteries, 25 bucks",25,CNY,Batteries,anchor,2026-08-31
日用百货,zh,买灯泡LED花了30元,30,CNY,灯具,anchor,2026-08-31
日用百货,en,"LED light bulb, 30 yuan",30,CNY,Lighting,anchor,2026-08-31
日用百货,zh,买粘毛器花了19块,19,CNY,日用品,anchor,2026-08-31
日用百货,en,"Lint roller, 19 bucks",19,CNY,Daily goods,anchor,2026-08-31
日用百货,zh,买鞋刷鞋油花了22元,22,CNY,日用品,anchor,2026-08-31
日用百货,en,"Shoe brush and polish, 22 yuan",22,CNY,Daily goods,anchor,2026-08-31
日用百货,zh,买针线盒花了15块,15,CNY,日用品,anchor,2026-08-31
日用百货,en,"Sewing kit, 15 bucks",15,CNY,Daily goods,anchor,2026-08-31
日用百货,zh,买马桶垫花了18元,18,CNY,日用品,anchor,2026-08-31
日用百货,en,"Toilet seat cover, 18 yuan",18,CNY,Daily goods,anchor,2026-08-31
日用百货,zh,买樟脑丸花了10块,10,CNY,日用品,anchor,2026-08-31
日用百货,en,"Mothballs, 10 bucks",10,CNY,Daily goods,anchor,2026-08-31
日用百货,zh,买雨衣雨鞋花了68元,68,CNY,雨具,anchor,2026-08-31
日用百货,en,"Raincoat and rain boots, 68 yuan",68,CNY,Rain gear,anchor,2026-08-31
日用百货,zh,买保温壶花了89块,89,CNY,水具,anchor,2026-08-31
日用百货,en,"Thermos flask, 89 bucks",89,CNY,Drinkware,anchor,2026-08-31
日用百货,zh,买菜板菜刀花了128元,128,CNY,厨具,anchor,2026-08-31
日用百货,en,"Cutting board and kitchen knife, 128 yuan",128,CNY,Kitchenware,anchor,2026-08-31
日用百货,zh,买碗碟套装花了199块,199,CNY,餐具,anchor,2026-08-31
日用百货,en,"Bowl and plate set, 199 bucks",199,CNY,Tableware,anchor,2026-08-31
日用百货,zh,买调味罐花了35元,35,CNY,厨房用品,anchor,2026-08-31
日用百货,en,"Spice jars, 35 yuan",35,CNY,Kitchen supplies,anchor,2026-08-31
日用百货,zh,买水果盘花了28块,28,CNY,餐具,anchor,2026-08-31
日用百货,en,"Fruit bowl, 28 bucks",28,CNY,Tableware,anchor,2026-08-31
日用百货,zh,买漱口杯花了15元,15,CNY,洗漱,anchor,2026-08-31
日用百货,en,"Rinsing cup, 15 yuan",15,CNY,Toiletries,anchor,2026-08-31
日用百货,zh,买毛巾浴巾花了79块,79,CNY,毛巾,anchor,2026-08-31
日用百货,en,"Towels and bath towels, 79 bucks",79,CNY,Towels,anchor,2026-08-31
日用百货,zh,买洗脸巾花了45元,45,CNY,洗漱,anchor,2026-08-31
日用百货,en,"Face towels, 45 yuan",45,CNY,Toiletries,anchor,2026-08-31
日用百货,zh,买棉签牙线花了18块,18,CNY,洗漱,anchor,2026-08-31
日用百货,en,"Cotton swabs and floss, 18 bucks",18,CNY,Toiletries,anchor,2026-08-31
日用百货,zh,买洗手液花了25元,25,CNY,清洁,anchor,2026-08-31
日用百货,en,"Hand soap, 25 yuan",25,CNY,Cleaning,anchor,2026-08-31
日用百货,zh,买身体乳花了68块,68,CNY,洗护,anchor,2026-08-31
日用百货,en,"Body lotion, 68 bucks",68,CNY,Personal care,anchor,2026-08-31
日用百货,zh,买香皂肥皂花了12元,12,CNY,洗护,anchor,2026-08-31
日用百货,en,"Bar soap, 12 yuan",12,CNY,Personal care,anchor,2026-08-31
日用百货,zh,买垃圾桶垃圾袋套装花了39块,39,CNY,清洁,anchor,2026-08-31
日用百货,en,"Trash can and bag set, 39 bucks",39,CNY,Cleaning,anchor,2026-08-31
日用百货,zh,买百洁布花了8元,8,CNY,清洁,anchor,2026-08-31
日用百货,en,"Scouring pad, 8 yuan",8,CNY,Cleaning,anchor,2026-08-31
日用百货,zh,买一次性餐盒花了22块,22,CNY,厨房用品,anchor,2026-08-31
日用百货,en,"Disposable food containers, 22 bucks",22,CNY,Kitchen supplies,anchor,2026-08-31
日用百货,zh,买空气清新剂花了19元,19,CNY,日用品,anchor,2026-08-31
日用百货,en,"Air freshener, 19 yuan",19,CNY,Daily goods,anchor,2026-08-31
日用百货,zh,买除湿袋花了25块,25,CNY,日用品,anchor,2026-08-31
日用百货,en,"Moisture absorbers, 25 bucks",25,CNY,Daily goods,anchor,2026-08-31
日用百货,zh,买密封罐花了48元,48,CNY,厨房用品,anchor,2026-08-31
日用百货,en,"Airtight food containers, 48 yuan",48,CNY,Kitchen supplies,anchor,2026-08-31
日用百货,zh,买削皮刀水果刀花了28块,28,CNY,厨具,anchor,2026-08-31
日用百货,en,"Peeler and fruit knife, 28 bucks",28,CNY,Kitchenware,anchor,2026-08-31
日用百货,zh,买锅铲汤勺花了35元,35,CNY,厨具,anchor,2026-08-31
日用百货,en,"Spatula and ladle, 35 yuan",35,CNY,Kitchenware,anchor,2026-08-31
日用百货,zh,买清洁海绵花了10块,10,CNY,清洁,anchor,2026-08-31
日用百货,en,"Cleaning sponges, 10 bucks",10,CNY,Cleaning,anchor,2026-08-31
房屋租金,zh,昨天把这个月房租3500元交了,3500,CNY,月租,rel:-1,2026-08-30
房屋租金,en,"Paid this month's rent yesterday, 3500 yuan",3500,CNY,Monthly rent,rel:-1,2026-08-30
房屋租金,zh,季度付房租花了12000块,12000,CNY,季付,anchor,2026-08-31
房屋租金,en,"Quarterly rent payment, 12000 bucks",12000,CNY,Quarterly rent,anchor,2026-08-31
房屋租金,zh,香港租房月租8000HKD,8000,HKD,香港月租,anchor,2026-08-31
房屋租金,en,"Monthly rent in Hong Kong, 8000 HKD",8000,HKD,HK monthly rent,anchor,2026-08-31
房屋租金,zh,单间房租每月2200元,2200,CNY,单间,anchor,2026-08-31
房屋租金,en,"Single room monthly rent, 2200 yuan",2200,CNY,Single room,anchor,2026-08-31
房屋租金,zh,公寓租金交了4500块,4500,CNY,公寓,anchor,2026-08-31
房屋租金,en,"Apartment rent paid, 4500 bucks",4500,CNY,Apartment,anchor,2026-08-31
房屋租金,zh,本周一交商铺月租金12000元,12000,CNY,商铺,weekday:1,2026-08-31
房屋租金,en,"Shop monthly rent this Monday, 12000 yuan",12000,CNY,Shop rent,weekday:1,2026-08-31
房屋租金,zh,次卧转租收到1800HKD,1800,HKD,转租收入,anchor,2026-08-31
房屋租金,en,"Sublet income for spare room, 1800 HKD",1800,HKD,Sublet income,anchor,2026-08-31
房屋租金,zh,年付房租优惠后36000元,36000,CNY,年付,anchor,2026-08-31
房屋租金,en,"Annual rent after discount, 36000 yuan",36000,CNY,Annual rent,anchor,2026-08-31
房屋租金,zh,海外租房月付1200USD,1200,USD,海外租房,anchor,2026-08-31
房屋租金,en,"Monthly rent overseas, 1200 USD",1200,USD,Overseas rent,anchor,2026-08-31
房屋租金,zh,loft公寓租金5500块,5500,CNY,loft,anchor,2026-08-31
房屋租金,en,"Loft apartment rent, 5500 bucks",5500,CNY,Loft,anchor,2026-08-31
房屋租金,zh,8月1日交了一室一厅月租3000元,3000,CNY,一室一厅,ymd:2026-08-01,2026-08-01
房屋租金,en,"One-bedroom rent paid on Aug 1, 3000 yuan",3000,CNY,One-bedroom,ymd:2026-08-01,2026-08-01
房屋租金,zh,两居室房租每月4800块,4800,CNY,两居,anchor,2026-08-31
房屋租金,en,"Two-bedroom monthly rent, 4800 bucks",4800,CNY,Two-bedroom,anchor,2026-08-31
房屋租金,zh,旺角租房月租9500HKD,9500,HKD,旺角,anchor,2026-08-31
房屋租金,en,"Monthly rent in Mong Kok, 9500 HKD",9500,HKD,Mong Kok,anchor,2026-08-31
房屋租金,zh,城中村房租每月1500元,1500,CNY,城中村,anchor,2026-08-31
房屋租金,en,"Village housing monthly rent, 1500 yuan",1500,CNY,Village housing,anchor,2026-08-31
房屋租金,zh,写字楼租金每月8000块,8000,CNY,写字楼,anchor,2026-08-31
房屋租金,en,"Office space monthly rent, 8000 bucks",8000,CNY,Office space,anchor,2026-08-31
房屋租金,zh,小区三居室月租6500元,6500,CNY,三居,anchor,2026-08-31
房屋租金,en,"Three-bedroom monthly rent, 6500 yuan",6500,CNY,Three-bedroom,anchor,2026-08-31
房屋租金,zh,学生宿舍床位费每月800块,800,CNY,宿舍,anchor,2026-08-31
房屋租金,en,"Dorm bed fee monthly, 800 bucks",800,CNY,Dorm,anchor,2026-08-31
房屋租金,zh,中环公寓月租15000HKD,15000,HKD,中环,anchor,2026-08-31
房屋租金,en,"Central apartment monthly rent, 15000 HKD",15000,HKD,Central,anchor,2026-08-31
房屋租金,zh,厂房租金每月20000元,20000,CNY,厂房,anchor,2026-08-31
房屋租金,en,"Factory monthly rent, 20000 yuan",20000,CNY,Factory,anchor,2026-08-31
房屋租金,zh,单身公寓月租2800块,2800,CNY,单身公寓,anchor,2026-08-31
房屋租金,en,"Studio apartment monthly rent, 2800 bucks",2800,CNY,Studio,anchor,2026-08-31
房屋租金,zh,大前天房租押金交了7000元,7000,CNY,押金,rel:-3,2026-08-28
房屋租金,en,"Rent deposit paid three days ago, 7000 yuan",7000,CNY,Deposit,rel:-3,2026-08-28
房屋租金,zh,半年付房租21000块,21000,CNY,半年付,anchor,2026-08-31
房屋租金,en,"Semi-annual rent payment, 21000 bucks",21000,CNY,Semi-annual rent,anchor,2026-08-31
房屋租金,zh,唐楼月租6500HKD,6500,HKD,唐楼,anchor,2026-08-31
房屋租金,en,"Tenement building monthly rent, 6500 HKD",6500,HKD,Tenement,anchor,2026-08-31
房屋租金,zh,主卧带独卫月租3200元,3200,CNY,主卧,anchor,2026-08-31
房屋租金,en,"Master bedroom with ensuite, 3200 yuan",3200,CNY,Master bedroom,anchor,2026-08-31
房屋租金,zh,门面房租金每月10000块,10000,CNY,门面,anchor,2026-08-31
房屋租金,en,"Storefront monthly rent, 10000 bucks",10000,CNY,Storefront,anchor,2026-08-31
房屋租金,zh,海景房月租12000元,12000,CNY,海景房,anchor,2026-08-31
房屋租金,en,"Sea-view flat monthly rent, 12000 yuan",12000,CNY,Sea-view flat,anchor,2026-08-31
房屋租金,zh,公租房每月租金800块,800,CNY,公租房,anchor,2026-08-31
房屋租金,en,"Public housing monthly rent, 800 bucks",800,CNY,Public housing,anchor,2026-08-31
房屋租金,zh,铜锣湾商铺月租30000HKD,30000,HKD,商铺,anchor,2026-08-31
房屋租金,en,"Causeway Bay shop monthly rent, 30000 HKD",30000,HKD,Shop rent,anchor,2026-08-31
房屋租金,zh,人才公寓月租1800元,1800,CNY,人才公寓,anchor,2026-08-31
房屋租金,en,"Talent apartment monthly rent, 1800 yuan",1800,CNY,Talent apartment,anchor,2026-08-31
房屋租金,zh,合租房分摊房租1500块,1500,CNY,合租,anchor,2026-08-31
房屋租金,en,"Shared flat rent split, 1500 bucks",1500,CNY,Shared flat,anchor,2026-08-31
房屋租金,zh,别墅月租25000元,25000,CNY,别墅,anchor,2026-08-31
房屋租金,en,"Villa monthly rent, 25000 yuan",25000,CNY,Villa,anchor,2026-08-31
房屋租金,zh,仓库租金每月5000块,5000,CNY,仓库,anchor,2026-08-31
房屋租金,en,"Warehouse monthly rent, 5000 bucks",5000,CNY,Warehouse,anchor,2026-08-31
房屋租金,zh,太子公寓月租7500HKD,7500,HKD,太子,anchor,2026-08-31
房屋租金,en,"Prince Edward apartment rent, 7500 HKD",7500,HKD,Prince Edward,anchor,2026-08-31
房屋租金,zh,精装两居月租5500元,5500,CNY,精装,anchor,2026-08-31
房屋租金,en,"Furnished two-bedroom rent, 5500 yuan",5500,CNY,Furnished two-bed,anchor,2026-08-31
房屋租金,zh,简装一居月租1800块,1800,CNY,简装,anchor,2026-08-31
房屋租金,en,"Basic one-bedroom rent, 1800 bucks",1800,CNY,Basic one-bed,anchor,2026-08-31
房屋租金,zh,办公室租金每月15000元,15000,CNY,办公室,anchor,2026-08-31
房屋租金,en,"Office monthly rent, 15000 yuan",15000,CNY,Office,anchor,2026-08-31
房屋租金,zh,员工宿舍房租每月3000块,3000,CNY,员工宿舍,anchor,2026-08-31
房屋租金,en,"Staff dorm monthly rent, 3000 bucks",3000,CNY,Staff dorm,anchor,2026-08-31
房屋租金,zh,油麻地租房月租5800HKD,5800,HKD,油麻地,anchor,2026-08-31
房屋租金,en,"Yau Ma Tei monthly rent, 5800 HKD",5800,HKD,Yau Ma Tei,anchor,2026-08-31
房屋租金,zh,学区房月租7000元,7000,CNY,学区房,anchor,2026-08-31
房屋租金,en,"School district flat rent, 7000 yuan",7000,CNY,School district,anchor,2026-08-31
房屋租金,zh,底商租金每月18000块,18000,CNY,底商,anchor,2026-08-31
房屋租金,en,"Ground-floor shop rent, 18000 bucks",18000,CNY,Ground-floor shop,anchor,2026-08-31
房屋租金,zh,复式公寓月租8000元,8000,CNY,复式,anchor,2026-08-31
房屋租金,en,"Duplex apartment monthly rent, 8000 yuan",8000,CNY,Duplex,anchor,2026-08-31
房屋租金,zh,农民房月租1200块,1200,CNY,农民房,anchor,2026-08-31
房屋租金,en,"Rural house monthly rent, 1200 bucks",1200,CNY,Rural house,anchor,2026-08-31
房屋租金,zh,尖沙咀酒店式公寓月租20000HKD,20000,HKD,酒店式公寓,anchor,2026-08-31
房屋租金,en,"Tsim Sha Tsui serviced apartment rent, 20000 HKD",20000,HKD,Serviced apartment,anchor,2026-08-31
房屋租金,zh,老小区两居月租2500元,2500,CNY,老小区,anchor,2026-08-31
房屋租金,en,"Old estate two-bedroom rent, 2500 yuan",2500,CNY,Old estate,anchor,2026-08-31
房屋租金,zh,新小区三居月租6000块,6000,CNY,新小区,anchor,2026-08-31
房屋租金,en,"New estate three-bedroom rent, 6000 bucks",6000,CNY,New estate,anchor,2026-08-31
房屋租金,zh,工作室租金每月4000元,4000,CNY,工作室,anchor,2026-08-31
房屋租金,en,"Studio workspace monthly rent, 4000 yuan",4000,CNY,Workspace,anchor,2026-08-31
房屋租金,zh,车位租金每月300块,300,CNY,车位,anchor,2026-08-31
房屋租金,en,"Parking spot monthly rent, 300 bucks",300,CNY,Parking spot,anchor,2026-08-31
房屋租金,zh,北角租房月租9000HKD,9000,HKD,北角,anchor,2026-08-31
房屋租金,en,"North Point monthly rent, 9000 HKD",9000,HKD,North Point,anchor,2026-08-31
房屋租金,zh,回迁房月租2000元,2000,CNY,回迁房,anchor,2026-08-31
房屋租金,en,"Resettlement housing rent, 2000 yuan",2000,CNY,Resettlement housing,anchor,2026-08-31
房屋租金,zh,公寓式酒店月租4500块,4500,CNY,公寓酒店,anchor,2026-08-31
房屋租金,en,"Apart-hotel monthly rent, 4500 bucks",4500,CNY,Apart-hotel,anchor,2026-08-31
物业费用,zh,昨天交这个月物业费280元,280,CNY,月物业费,rel:-1,2026-08-30
物业费用,en,"Paid this month's property fee yesterday, 280 yuan",280,CNY,Monthly property fee,rel:-1,2026-08-30
物业费用,zh,季度物业费花了840块,840,CNY,季物业费,anchor,2026-08-31
物业费用,en,Quarterly property fee came to 840 bucks,840,CNY,Quarterly property fee,anchor,2026-08-31
物业费用,zh,小区物业费每月3.5元每平合计320HKD,320,HKD,按平米计,anchor,2026-08-31
物业费用,en,"Estate property fee 3.5 yuan per sqm, total 320 HKD",320,HKD,Per square meter,anchor,2026-08-31
物业费用,zh,写字楼物业费交了1500元,1500,CNY,写字楼,anchor,2026-08-31
物业费用,en,"Paid office building property fee, 1500 yuan",1500,CNY,Office building,anchor,2026-08-31
物业费用,zh,本周五物业公摊费交了50块,50,CNY,公摊,weekday:5,2026-09-04
物业费用,en,"Paid shared building expense this Friday, 50 bucks",50,CNY,Shared expense,weekday:5,2026-09-04
物业费用,zh,全年物业费优惠后2800元,2800,CNY,年物业费,anchor,2026-08-31
物业费用,en,"Annual property fee after discount, 2800 yuan",2800,CNY,Annual property fee,anchor,2026-08-31
物业费用,zh,公寓管理费每月150HKD,150,HKD,管理费,anchor,2026-08-31
物业费用,en,Apartment management fee 150 HKD a month,150,HKD,Management fee,anchor,2026-08-31
物业费用,zh,垃圾清运费交了80元,80,CNY,垃圾清运,anchor,2026-08-31
物业费用,en,"Paid garbage removal fee, 80 yuan",80,CNY,Garbage removal,anchor,2026-08-31
物业费用,zh,8月5日缴了海外公寓物业费180USD,180,USD,海外物业,ymd:2026-08-05,2026-08-05
物业费用,en,"Paid overseas apartment property fee on Aug 5, 180 USD",180,USD,Overseas property,ymd:2026-08-05,2026-08-05
物业费用,zh,园区物业费交了450块,450,CNY,园区,anchor,2026-08-31
物业费用,en,"Paid industrial park property fee, 450 bucks",450,CNY,Industrial park,anchor,2026-08-31
物业费用,zh,高层住宅物业费每月350元,350,CNY,高层,anchor,2026-08-31
物业费用,en,High-rise residential property fee 350 yuan a month,350,CNY,High-rise,anchor,2026-08-31
物业费用,zh,别墅物业费每月800块,800,CNY,别墅,anchor,2026-08-31
物业费用,en,Villa property fee 800 bucks a month,800,CNY,Villa,anchor,2026-08-31
物业费用,zh,商业楼物业费每平10元合计1200HKD,1200,HKD,商业物业,anchor,2026-08-31
物业费用,en,"Commercial building property fee 10 yuan per sqm, total 1200 HKD",1200,HKD,Commercial property,anchor,2026-08-31
物业费用,zh,小区停车管理费每月100元,100,CNY,停车管理,anchor,2026-08-31
物业费用,en,Parking management fee 100 yuan a month,100,CNY,Parking management,anchor,2026-08-31
物业费用,zh,物业维修费花了200块,200,CNY,维修,anchor,2026-08-31
物业费用,en,Property repair fee cost 200 bucks,200,CNY,Repairs,anchor,2026-08-31
物业费用,zh,半年物业费1500元,1500,CNY,半年物业,anchor,2026-08-31
物业费用,en,Half-year property fee 1500 yuan,1500,CNY,Half-year property fee,anchor,2026-08-31
物业费用,zh,酒店式公寓管理费每月300HKD,300,HKD,管理费,anchor,2026-08-31
物业费用,en,Serviced apartment management fee 300 HKD a month,300,HKD,Management fee,anchor,2026-08-31
物业费用,zh,装修垃圾清运费500元,500,CNY,装修清运,anchor,2026-08-31
物业费用,en,Renovation debris removal fee 500 yuan,500,CNY,Renovation debris removal,anchor,2026-08-31
物业费用,zh,物业费滞纳金20块,20,CNY,滞纳金,anchor,2026-08-31
物业费用,en,Property fee late charge 20 bucks,20,CNY,Late fee,anchor,2026-08-31
物业费用,zh,工业园物业费每月2000元,2000,CNY,工业园,anchor,2026-08-31
物业费用,en,Industrial park property fee 2000 yuan a month,2000,CNY,Industrial park,anchor,2026-08-31
物业费用,zh,小区绿化费分摊50元,50,CNY,绿化费,anchor,2026-08-31
物业费用,en,Landscaping fee share 50 yuan,50,CNY,Landscaping fee,anchor,2026-08-31
物业费用,zh,电梯维护费每月80块,80,CNY,电梯维护,anchor,2026-08-31
物业费用,en,Elevator maintenance 80 bucks a month,80,CNY,Elevator maintenance,anchor,2026-08-31
物业费用,zh,香港屋苑管理费每月400HKD,400,HKD,屋苑管理,anchor,2026-08-31
物业费用,en,HK estate management fee 400 HKD a month,400,HKD,Estate management,anchor,2026-08-31
物业费用,zh,商住楼物业费每月600元,600,CNY,商住楼,anchor,2026-08-31
物业费用,en,Mixed-use building property fee 600 yuan a month,600,CNY,Mixed-use building,anchor,2026-08-31
物业费用,zh,安保费分摊每月30块,30,CNY,安保费,anchor,2026-08-31
物业费用,en,Security fee share 30 bucks a month,30,CNY,Security fee,anchor,2026-08-31
物业费用,zh,全年物业费3360元,3360,CNY,年物业费,anchor,2026-08-31
物业费用,en,Annual property fee 3360 yuan,3360,CNY,Annual property fee,anchor,2026-08-31
物业费用,zh,公共区域能耗费每月50HKD,50,HKD,公共能耗,anchor,2026-08-31
物业费用,en,Common area energy fee 50 HKD a month,50,HKD,Common area utilities,anchor,2026-08-31
物业费用,zh,门禁系统维护费80元,80,CNY,门禁维护,anchor,2026-08-31
物业费用,en,Access control maintenance fee 80 yuan,80,CNY,Access control maintenance,anchor,2026-08-31
物业费用,zh,泳池维护费分摊100块,100,CNY,泳池维护,anchor,2026-08-31
物业费用,en,Pool maintenance share 100 bucks,100,CNY,Pool maintenance,anchor,2026-08-31
物业费用,zh,写字楼空调费每月500元,500,CNY,空调费,anchor,2026-08-31
物业费用,en,Office AC fee 500 yuan a month,500,CNY,AC fee,anchor,2026-08-31
物业费用,zh,小区公共水电费每月60块,60,CNY,公共水电,anchor,2026-08-31
物业费用,en,Common water and electric 60 bucks a month,60,CNY,Common utilities,anchor,2026-08-31
物业费用,zh,公屋管理费每月80HKD,80,HKD,公屋,anchor,2026-08-31
物业费用,en,Public housing management fee 80 HKD a month,80,HKD,Public housing,anchor,2026-08-31
物业费用,zh,商铺物业费每月200元,200,CNY,商铺物业,anchor,2026-08-31
物业费用,en,Shop property fee 200 yuan a month,200,CNY,Shop property fee,anchor,2026-08-31
物业费用,zh,物业费预交一年3000块,3000,CNY,预交物业,anchor,2026-08-31
物业费用,en,"Prepaid property fee for a year, 3000 bucks",3000,CNY,Prepaid property fee,anchor,2026-08-31
物业费用,zh,多层住宅物业费每月180元,180,CNY,多层,anchor,2026-08-31
物业费用,en,Low-rise residential property fee 180 yuan a month,180,CNY,Low-rise building,anchor,2026-08-31
物业费用,zh,商务中心物业费每月800块,800,CNY,商务中心,anchor,2026-08-31
物业费用,en,Business center property fee 800 bucks a month,800,CNY,Business center,anchor,2026-08-31
物业费用,zh,居屋管理费每月250HKD,250,HKD,居屋,anchor,2026-08-31
物业费用,en,Home Ownership Scheme management fee 250 HKD a month,250,HKD,Home Ownership Scheme,anchor,2026-08-31
物业费用,zh,小区改造费分摊500元,500,CNY,改造费,anchor,2026-08-31
物业费用,en,Community renovation fee share 500 yuan,500,CNY,Renovation fee,anchor,2026-08-31
物业费用,zh,车位管理费每月50块,50,CNY,车位管理,anchor,2026-08-31
物业费用,en,Parking spot management fee 50 bucks a month,50,CNY,Parking spot fee,anchor,2026-08-31
物业费用,zh,公寓物业费每月220元,220,CNY,公寓物业,anchor,2026-08-31
物业费用,en,Apartment property fee 220 yuan a month,220,CNY,Apartment property fee,anchor,2026-08-31
物业费用,zh,商场物业费每月1500块,1500,CNY,商场物业,anchor,2026-08-31
物业费用,en,Mall property fee 1500 bucks a month,1500,CNY,Mall property fee,anchor,2026-08-31
物业费用,zh,豪宅物业费每月1200HKD,1200,HKD,豪宅物业,anchor,2026-08-31
物业费用,en,Luxury property fee 1200 HKD a month,1200,HKD,Luxury property fee,anchor,2026-08-31
物业费用,zh,普通住宅物业费每月200元,200,CNY,普通住宅,anchor,2026-08-31
物业费用,en,Standard residential property fee 200 yuan a month,200,CNY,Standard residential,anchor,2026-08-31
物业费用,zh,物业费涨价后每月320块,320,CNY,涨价后,anchor,2026-08-31
物业费用,en,"Property fee after increase, 320 bucks a month",320,CNY,After price increase,anchor,2026-08-31
物业费用,zh,产业园物业费每月1000元,1000,CNY,产业园,anchor,2026-08-31
物业费用,en,Industrial park property fee 1000 yuan a month,1000,CNY,Industrial park,anchor,2026-08-31
物业费用,zh,卫生费每月15块,15,CNY,卫生费,anchor,2026-08-31
物业费用,en,Sanitation fee 15 bucks a month,15,CNY,Sanitation fee,anchor,2026-08-31
物业费用,zh,丁屋管理费每月180HKD,180,HKD,丁屋,anchor,2026-08-31
物业费用,en,Ding house management fee 180 HKD a month,180,HKD,Ding house,anchor,2026-08-31
物业费用,zh,商住两用物业费每月450元,450,CNY,商住两用,anchor,2026-08-31
物业费用,en,Mixed residential-commercial property fee 450 yuan a month,450,CNY,Mixed residential-commercial,anchor,2026-08-31
物业费用,zh,物业代收排污费30块,30,CNY,排污费,anchor,2026-08-31
物业费用,en,Property-collected sewage fee 30 bucks,30,CNY,Sewage fee,anchor,2026-08-31
物业费用,zh,小区物业费年付打九折2900元,2900,CNY,年付折扣,anchor,2026-08-31
物业费用,en,"Annual property fee with 10% off, 2900 yuan",2900,CNY,Annual discount,anchor,2026-08-31
水电燃气,zh,昨天交这个月电费180元,180,CNY,电费,rel:-1,2026-08-30
水电燃气,en,"Paid this month's electric bill yesterday, 180 yuan",180,CNY,Electric bill,rel:-1,2026-08-30
水电燃气,zh,水费花了45块钱,45,CNY,水费,anchor,2026-08-31
水电燃气,en,Water bill came to 45 bucks,45,CNY,Water bill,anchor,2026-08-31
水电燃气,zh,本周二燃气费充值200HKD,200,HKD,燃气费,weekday:2,2026-09-01
水电燃气,en,"Topped up gas bill this Tuesday, 200 HKD",200,HKD,Gas bill,weekday:2,2026-09-01
水电燃气,zh,水电费合计交了260元,260,CNY,水电合计,anchor,2026-08-31
水电燃气,en,"Paid water and electric together, 260 yuan",260,CNY,Water and electric,anchor,2026-08-31
水电燃气,zh,夏天开空调电费320块,320,CNY,夏天空调,anchor,2026-08-31
水电燃气,en,Summer AC electric bill 320 bucks,320,CNY,Summer AC bill,anchor,2026-08-31
水电燃气,zh,燃气热水器用气花了85元,85,CNY,燃气,anchor,2026-08-31
水电燃气,en,Gas water heater bill 85 yuan,85,CNY,Gas,anchor,2026-08-31
水电燃气,zh,8月10日商用电费交了560HKD,560,HKD,商业用电,ymd:2026-08-10,2026-08-10
水电燃气,en,"Paid commercial electric bill on Aug 10, 560 HKD",560,HKD,Commercial electric,ymd:2026-08-10,2026-08-10
水电燃气,zh,桶装水订了10桶花了120元,120,CNY,桶装水,anchor,2026-08-31
水电燃气,en,"Ordered 10 water jugs, 120 yuan",120,CNY,Bottled water,anchor,2026-08-31
水电燃气,zh,海外公寓水电费150USD,150,USD,海外水电,anchor,2026-08-31
水电燃气,en,Overseas apartment utilities 150 USD,150,USD,Overseas utilities,anchor,2026-08-31
水电燃气,zh,暖气费交了2400块,2400,CNY,暖气费,anchor,2026-08-31
水电燃气,en,Heating bill 2400 bucks,2400,CNY,Heating bill,anchor,2026-08-31
水电燃气,zh,电费充值200元,200,CNY,电费充值,anchor,2026-08-31
水电燃气,en,"Topped up electric bill, 200 yuan",200,CNY,Electric top-up,anchor,2026-08-31
水电燃气,zh,污水处理费每月15块,15,CNY,污水费,anchor,2026-08-31
水电燃气,en,Sewage treatment fee 15 bucks a month,15,CNY,Sewage fee,anchor,2026-08-31
水电燃气,zh,今天明天煤气罐换气都花120HKD,120,HKD,换煤气,"rel:0,1",2026-08-31|2026-09-01
水电燃气,en,"Gas cylinder swap today and tomorrow, 120 HKD each time",120,HKD,Gas cylinder swap,"rel:0,1",2026-08-31|2026-09-01
水电燃气,zh,阶梯电费第二档花了210元,210,CNY,阶梯电费,anchor,2026-08-31
水电燃气,en,Second-tier electric bill 210 yuan,210,CNY,Tiered electric bill,anchor,2026-08-31
水电燃气,zh,水费加污水处理费一共60块,60,CNY,水费合计,anchor,2026-08-31
水电燃气,en,Water plus sewage fee total 60 bucks,60,CNY,Water total,anchor,2026-08-31
水电燃气,zh,天然气开户费300元,300,CNY,开户费,anchor,2026-08-31
水电燃气,en,Natural gas account opening fee 300 yuan,300,CNY,Account opening fee,anchor,2026-08-31
水电燃气,zh,桶装水押金50块,50,CNY,押金,anchor,2026-08-31
水电燃气,en,Water jug deposit 50 bucks,50,CNY,Deposit,anchor,2026-08-31
水电燃气,zh,香港电费每月400HKD,400,HKD,香港电费,anchor,2026-08-31
水电燃气,en,HK electric bill 400 HKD a month,400,HKD,HK electric bill,anchor,2026-08-31
水电燃气,zh,商业用电电费800元,800,CNY,商业用电,anchor,2026-08-31
水电燃气,en,Commercial electric bill 800 yuan,800,CNY,Commercial electric,anchor,2026-08-31
水电燃气,zh,燃气报警器安装费150块,150,CNY,报警器,anchor,2026-08-31
水电燃气,en,Gas alarm install fee 150 bucks,150,CNY,Gas alarm install,anchor,2026-08-31
水电燃气,zh,插卡电表充值300元,300,CNY,电表充值,anchor,2026-08-31
水电燃气,en,Prepaid meter top-up 300 yuan,300,CNY,Meter top-up,anchor,2026-08-31
水电燃气,zh,自来水开户费200块,200,CNY,开户费,anchor,2026-08-31
水电燃气,en,Tap water account opening fee 200 bucks,200,CNY,Account opening fee,anchor,2026-08-31
水电燃气,zh,瓶装水配送每月80HKD,80,HKD,瓶装水,anchor,2026-08-31
水电燃气,en,Bottled water delivery 80 HKD a month,80,HKD,Bottled water delivery,anchor,2026-08-31
水电燃气,zh,峰谷电费合计250元,250,CNY,峰谷电价,anchor,2026-08-31
水电燃气,en,Peak-off-peak electric total 250 yuan,250,CNY,Peak-off-peak electric,anchor,2026-08-31
水电燃气,zh,燃气灶具维修费80块,80,CNY,维修,anchor,2026-08-31
水电燃气,en,Gas stove repair 80 bucks,80,CNY,Stove repair,anchor,2026-08-31
水电燃气,zh,水电费代缴手续费5元,5,CNY,代缴费,anchor,2026-08-31
水电燃气,en,Utility payment service fee 5 yuan,5,CNY,Payment service fee,anchor,2026-08-31
水电燃气,zh,工业用电电费1500块,1500,CNY,工业用电,anchor,2026-08-31
水电燃气,en,Industrial electric bill 1500 bucks,1500,CNY,Industrial electric,anchor,2026-08-31
水电燃气,zh,香港水费每月80HKD,80,HKD,香港水费,anchor,2026-08-31
水电燃气,en,HK water bill 80 HKD a month,80,HKD,HK water bill,anchor,2026-08-31
水电燃气,zh,家里电费欠费补交220元,220,CNY,欠费补交,anchor,2026-08-31
水电燃气,en,"Paid overdue electric bill, 220 yuan",220,CNY,Arrears payment,anchor,2026-08-31
水电燃气,zh,燃气胶管更换花了30块,30,CNY,胶管更换,anchor,2026-08-31
水电燃气,en,Gas hose replacement 30 bucks,30,CNY,Gas hose replacement,anchor,2026-08-31
水电燃气,zh,饮水机换水花了25元,25,CNY,换水,anchor,2026-08-31
水电燃气,en,Water dispenser refill 25 yuan,25,CNY,Water dispenser refill,anchor,2026-08-31
水电燃气,zh,电费违约金10块,10,CNY,违约金,anchor,2026-08-31
水电燃气,en,Electric late payment penalty 10 bucks,10,CNY,Late payment penalty,anchor,2026-08-31
水电燃气,zh,管道燃气初装费2500元,2500,CNY,初装费,anchor,2026-08-31
水电燃气,en,Piped gas hookup fee 2500 yuan,2500,CNY,Gas hookup fee,anchor,2026-08-31
水电燃气,zh,水电过户费50块,50,CNY,过户费,anchor,2026-08-31
水电燃气,en,Utility account transfer fee 50 bucks,50,CNY,Transfer fee,anchor,2026-08-31
水电燃气,zh,香港燃气费每月300HKD,300,HKD,香港燃气,anchor,2026-08-31
水电燃气,en,HK gas bill 300 HKD a month,300,HKD,HK gas bill,anchor,2026-08-31
水电燃气,zh,出租屋水电费每月200元,200,CNY,出租屋,anchor,2026-08-31
水电燃气,en,Rental unit utilities 200 yuan a month,200,CNY,Rental unit utilities,anchor,2026-08-31
水电燃气,zh,电热水器清洗费80块,80,CNY,清洗,anchor,2026-08-31
水电燃气,en,Water heater cleaning 80 bucks,80,CNY,Water heater cleaning,anchor,2026-08-31
水电燃气,zh,水表更换花了150元,150,CNY,换水表,anchor,2026-08-31
水电燃气,en,Water meter replacement 150 yuan,150,CNY,Water meter replacement,anchor,2026-08-31
水电燃气,zh,电表校准费50块,50,CNY,电表校准,anchor,2026-08-31
水电燃气,en,Electric meter calibration 50 bucks,50,CNY,Meter calibration,anchor,2026-08-31
水电燃气,zh,商业水费每吨5元合计120元,120,CNY,商业水费,anchor,2026-08-31
水电燃气,en,"Commercial water 5 yuan per ton, total 120 yuan",120,CNY,Commercial water,anchor,2026-08-31
水电燃气,zh,燃气保险费20元每年,20,CNY,燃气保险,anchor,2026-08-31
水电燃气,en,Gas insurance 20 yuan a year,20,CNY,Gas insurance,anchor,2026-08-31
水电燃气,zh,桶装水买十送二花了200块,200,CNY,桶装水,anchor,2026-08-31
水电燃气,en,"Bottled water buy-10-get-2 deal, 200 bucks",200,CNY,Bottled water,anchor,2026-08-31
水电燃气,zh,香港电费补贴后每月350HKD,350,HKD,补贴后,anchor,2026-08-31
水电燃气,en,"HK electric bill after subsidy, 350 HKD a month",350,HKD,After subsidy,anchor,2026-08-31
水电燃气,zh,民用电费每度0.5元合计180元,180,CNY,民用电,anchor,2026-08-31
水电燃气,en,"Residential electric 0.5 yuan per kWh, total 180 yuan",180,CNY,Residential electric,anchor,2026-08-31
水电燃气,zh,燃气表更换花了280块,280,CNY,换燃气表,anchor,2026-08-31
水电燃气,en,Gas meter replacement 280 bucks,280,CNY,Gas meter replacement,anchor,2026-08-31
水电燃气,zh,楼道灯公摊电费每月10元,10,CNY,公摊电费,anchor,2026-08-31
水电燃气,en,Shared hallway electric 10 yuan a month,10,CNY,Shared hallway electric,anchor,2026-08-31
水电燃气,zh,二次供水费每月20块,20,CNY,二次供水,anchor,2026-08-31
水电燃气,en,Secondary water supply fee 20 bucks a month,20,CNY,Secondary water supply,anchor,2026-08-31
水电燃气,zh,大功率用电增容费500元,500,CNY,增容费,anchor,2026-08-31
水电燃气,en,High-power electric upgrade fee 500 yuan,500,CNY,Power upgrade fee,anchor,2026-08-31
水电燃气,zh,水电维修上门费60块,60,CNY,上门费,anchor,2026-08-31
水电燃气,en,Utility repair service call 60 bucks,60,CNY,Service call fee,anchor,2026-08-31
水电燃气,zh,瓶装液化气一罐130元,130,CNY,液化气,anchor,2026-08-31
水电燃气,en,One LPG cylinder 130 yuan,130,CNY,LPG cylinder,anchor,2026-08-31
通讯话费,zh,昨天手机话费充值100元,100,CNY,话费充值,rel:-1,2026-08-30
通讯话费,en,"Topped up phone credit yesterday, 100 yuan",100,CNY,Phone top-up,rel:-1,2026-08-30
通讯话费,zh,交电话费花了58块,58,CNY,话费,anchor,2026-08-31
通讯话费,en,Phone bill came to 58 bucks,58,CNY,Phone bill,anchor,2026-08-31
通讯话费,zh,香港电话卡充值200HKD,200,HKD,电话卡充值,anchor,2026-08-31
通讯话费,en,"Topped up HK phone card, 200 HKD",200,HKD,SIM top-up,anchor,2026-08-31
通讯话费,zh,这一周每天流量包续费花了30元,30,CNY,流量包,week:0,2026-08-31|2026-09-01|2026-09-02|2026-09-03|2026-09-04|2026-09-05|2026-09-06
通讯话费,en,"Data package renewal every day this week, 30 yuan",30,CNY,Data package,week:0,2026-08-31|2026-09-01|2026-09-02|2026-09-03|2026-09-04|2026-09-05|2026-09-06
通讯话费,zh,国际长途话费花了120块,120,CNY,国际长途,anchor,2026-08-31
通讯话费,en,International call charges 120 bucks,120,CNY,International calls,anchor,2026-08-31
通讯话费,zh,手机号套餐扣费99元,99,CNY,套餐扣费,anchor,2026-08-31
通讯话费,en,Phone plan charge 99 yuan,99,CNY,Plan charge,anchor,2026-08-31
通讯话费,zh,电话卡月费68HKD,68,HKD,月费,anchor,2026-08-31
通讯话费,en,Phone card monthly fee 68 HKD,68,HKD,Monthly fee,anchor,2026-08-31
通讯话费,zh,漫游话费扣了45元,45,CNY,漫游,anchor,2026-08-31
通讯话费,en,Roaming charges 45 yuan,45,CNY,Roaming,anchor,2026-08-31
通讯话费,zh,今天明天海外电话卡都充值50USD,50,USD,海外电话卡,"rel:0,1",2026-08-31|2026-09-01
通讯话费,en,"Overseas SIM top-up today and tomorrow, 50 USD each",50,USD,Overseas SIM,"rel:0,1",2026-08-31|2026-09-01
通讯话费,zh,宽带绑定话费扣了129块,129,CNY,宽带绑定,anchor,2026-08-31
通讯话费,en,Broadband bundle phone charge 129 bucks,129,CNY,Broadband bundle,anchor,2026-08-31
通讯话费,zh,手机号停机保号费每月5元,5,CNY,保号费,anchor,2026-08-31
通讯话费,en,Number retention fee 5 yuan a month,5,CNY,Number retention fee,anchor,2026-08-31
通讯话费,zh,话费余额不足充值200块,200,CNY,充值,anchor,2026-08-31
通讯话费,en,"Topped up low balance, 200 bucks",200,CNY,Top-up,anchor,2026-08-31
通讯话费,zh,香港上台套餐每月128HKD,128,HKD,上台套餐,anchor,2026-08-31
通讯话费,en,HK contract plan 128 HKD a month,128,HKD,Contract plan,anchor,2026-08-31
通讯话费,zh,短信包10元100条,10,CNY,短信包,anchor,2026-08-31
通讯话费,en,SMS package 10 yuan for 100 texts,10,CNY,SMS package,anchor,2026-08-31
通讯话费,zh,本周四来电显示费每月6块,6,CNY,来电显示,weekday:4,2026-09-03
通讯话费,en,"Caller ID fee this Thursday, 6 bucks a month",6,CNY,Caller ID fee,weekday:4,2026-09-03
通讯话费,zh,异地通话费25元,25,CNY,异地通话,anchor,2026-08-31
通讯话费,en,Out-of-area call charges 25 yuan,25,CNY,Out-of-area calls,anchor,2026-08-31
通讯话费,zh,手机卡补办费20元,20,CNY,补卡,anchor,2026-08-31
通讯话费,en,SIM replacement fee 20 bucks,20,CNY,SIM replacement,anchor,2026-08-31
通讯话费,zh,香港储值卡充值100HKD,100,HKD,储值卡,anchor,2026-08-31
通讯话费,en,HK prepaid card top-up 100 HKD,100,HKD,Prepaid card,anchor,2026-08-31
通讯话费,zh,集团短号费每月10元,10,CNY,短号费,anchor,2026-08-31
通讯话费,en,Corporate short code fee 10 yuan a month,10,CNY,Short code fee,anchor,2026-08-31
通讯话费,zh,话费欠费补交80块,80,CNY,欠费补交,anchor,2026-08-31
通讯话费,en,"Paid overdue phone bill, 80 bucks",80,CNY,Arrears payment,anchor,2026-08-31
通讯话费,zh,8月9日增值业务费15元每月,15,CNY,增值业务,ymd:2026-08-09,2026-08-09
通讯话费,en,"Value-added service fee on Aug 9, 15 yuan a month",15,CNY,Value-added service,ymd:2026-08-09,2026-08-09
通讯话费,zh,国际漫游包天30元,30,CNY,国际漫游,anchor,2026-08-31
通讯话费,en,International roaming day pass 30 yuan,30,CNY,International roaming,anchor,2026-08-31
通讯话费,zh,和记电讯月费98HKD,98,HKD,月费,anchor,2026-08-31
通讯话费,en,Hutchison monthly fee 98 HKD,98,HKD,Monthly fee,anchor,2026-08-31
通讯话费,zh,亲情号业务费每月5元,5,CNY,亲情号,anchor,2026-08-31
通讯话费,en,Family number plan 5 yuan a month,5,CNY,Family number plan,anchor,2026-08-31
通讯话费,zh,话费发票打印费2块,2,CNY,打印费,anchor,2026-08-31
通讯话费,en,Phone bill receipt printing fee 2 bucks,2,CNY,Receipt printing fee,anchor,2026-08-31
通讯话费,zh,4G升级5G套餐费129元每月,129,CNY,升级套餐,anchor,2026-08-31
通讯话费,en,4G to 5G plan upgrade 129 yuan a month,129,CNY,Plan upgrade,anchor,2026-08-31
通讯话费,zh,香港手机号过户费50HKD,50,HKD,过户费,anchor,2026-08-31
通讯话费,en,HK number transfer fee 50 HKD,50,HKD,Number transfer fee,anchor,2026-08-31
通讯话费,zh,彩铃业务费每月8元,8,CNY,彩铃,anchor,2026-08-31
通讯话费,en,Ringtone service 8 yuan a month,8,CNY,Ringtone service,anchor,2026-08-31
通讯话费,zh,通话时长超出扣费30块,30,CNY,超时扣费,anchor,2026-08-31
通讯话费,en,Overtime call charge 30 bucks,30,CNY,Overtime charge,anchor,2026-08-31
通讯话费,zh,手机副卡费每月10元,10,CNY,副卡,anchor,2026-08-31
通讯话费,en,Secondary SIM fee 10 yuan a month,10,CNY,Secondary SIM,anchor,2026-08-31
通讯话费,zh,上周每天香港漫游到内地每日28HKD,28,HKD,漫游,week:-1,2026-08-24|2026-08-25|2026-08-26|2026-08-27|2026-08-28|2026-08-29|2026-08-30
通讯话费,en,"HK roaming to mainland every day last week, 28 HKD daily",28,HKD,Roaming,week:-1,2026-08-24|2026-08-25|2026-08-26|2026-08-27|2026-08-28|2026-08-29|2026-08-30
通讯话费,zh,话费积分兑换抵扣50元,50,CNY,积分抵扣,anchor,2026-08-31
通讯话费,en,Points redeemed for 50 yuan off bill,50,CNY,Points redemption,anchor,2026-08-31
通讯话费,zh,骚扰电话拦截费每月3元,3,CNY,拦截费,anchor,2026-08-31
通讯话费,en,Spam call blocker 3 yuan a month,3,CNY,Spam call blocker,anchor,2026-08-31
通讯话费,zh,号码靓号预存500元,500,CNY,靓号预存,anchor,2026-08-31
通讯话费,en,Vanity number deposit 500 yuan,500,CNY,Vanity number deposit,anchor,2026-08-31
通讯话费,zh,香港电话卡上台押金200HKD,200,HKD,上台押金,anchor,2026-08-31
通讯话费,en,HK contract deposit 200 HKD,200,HKD,Contract deposit,anchor,2026-08-31
通讯话费,zh,夜间通话包每月10元,10,CNY,夜间包,anchor,2026-08-31
通讯话费,en,Night call package 10 yuan a month,10,CNY,Night call package,anchor,2026-08-31
通讯话费,zh,国内通话套餐68元每月,68,CNY,通话套餐,anchor,2026-08-31
通讯话费,en,Domestic call plan 68 yuan a month,68,CNY,Call plan,anchor,2026-08-31
通讯话费,zh,香港本地通话无限量套餐88HKD,88,HKD,无限量,anchor,2026-08-31
通讯话费,en,HK unlimited local calls plan 88 HKD,88,HKD,Unlimited local calls,anchor,2026-08-31
通讯话费,zh,话费查询余额剩52元,52,CNY,查余额,anchor,2026-08-31
通讯话费,en,"Checked balance, 52 yuan left",52,CNY,Balance check,anchor,2026-08-31
通讯话费,zh,多收话费退还30块,30,CNY,退费,anchor,2026-08-31
通讯话费,en,Overcharged phone bill refund 30 bucks,30,CNY,Refund,anchor,2026-08-31
通讯话费,zh,手机卡注销结清话费45元,45,CNY,注销结清,anchor,2026-08-31
通讯话费,en,Final phone bill on account closure 45 yuan,45,CNY,Account closure,anchor,2026-08-31
通讯话费,zh,香港一卡两号月费50HKD,50,HKD,一卡两号,anchor,2026-08-31
通讯话费,en,HK dual-number plan 50 HKD a month,50,HKD,Dual-number plan,anchor,2026-08-31
通讯话费,zh,定向流量包19元每月,19,CNY,定向流量,anchor,2026-08-31
通讯话费,en,App-specific data plan 19 yuan a month,19,CNY,App-specific data,anchor,2026-08-31
通讯话费,zh,通用流量包50元20G,50,CNY,通用流量,anchor,2026-08-31
通讯话费,en,General data package 50 yuan for 20GB,50,CNY,General data package,anchor,2026-08-31
通讯话费,zh,香港数据套餐每日20HKD,20,HKD,数据套餐,anchor,2026-08-31
通讯话费,en,HK daily data plan 20 HKD,20,HKD,Data plan,anchor,2026-08-31
通讯话费,zh,话费自动扣款99元,99,CNY,自动扣款,anchor,2026-08-31
通讯话费,en,Auto phone bill payment 99 yuan,99,CNY,Auto payment,anchor,2026-08-31
通讯话费,zh,异地补卡费30块,30,CNY,异地补卡,anchor,2026-08-31
通讯话费,en,Remote SIM replacement fee 30 bucks,30,CNY,Remote SIM replacement,anchor,2026-08-31
通讯话费,zh,香港电话卡充值优惠充200送50HKD,200,HKD,充值优惠,anchor,2026-08-31
通讯话费,en,"HK phone card top-up promo, paid 200 HKD",200,HKD,Top-up promo,anchor,2026-08-31
通讯话费,zh,香港5G套餐月费168HKD,168,HKD,5G套餐,anchor,2026-08-31
通讯话费,en,HK 5G plan 168 HKD a month,168,HKD,5G plan,anchor,2026-08-31
通讯话费,zh,话费余额充值50元,50,CNY,充值,anchor,2026-08-31
通讯话费,en,"Topped up phone balance, 50 yuan",50,CNY,Top-up,anchor,2026-08-31
宽带网络,zh,宽带年费交了600元,600,CNY,年费,anchor,2026-08-31
宽带网络,en,"Paid annual broadband fee, 600 yuan",600,CNY,Annual fee,anchor,2026-08-31
宽带网络,zh,昨天月网费扣了50块,50,CNY,月费,rel:-1,2026-08-30
宽带网络,en,"Monthly internet fee deducted yesterday, 50 bucks",50,CNY,Monthly fee,rel:-1,2026-08-30
宽带网络,zh,香港光纤宽带月费128HKD,128,HKD,光纤月费,anchor,2026-08-31
宽带网络,en,HK fiber broadband monthly fee 128 HKD,128,HKD,Fiber monthly fee,anchor,2026-08-31
宽带网络,zh,宽带升级提速花了200元,200,CNY,提速,anchor,2026-08-31
宽带网络,en,Broadband speed upgrade 200 yuan,200,CNY,Speed upgrade,anchor,2026-08-31
宽带网络,zh,安装宽带初装费100块,100,CNY,初装费,anchor,2026-08-31
宽带网络,en,Broadband installation fee 100 bucks,100,CNY,Installation fee,anchor,2026-08-31
宽带网络,zh,本周一家庭千兆宽带年费960元,960,CNY,千兆年费,weekday:1,2026-08-31
宽带网络,en,"Home gigabit broadband annual fee this Monday, 960 yuan",960,CNY,Gigabit annual fee,weekday:1,2026-08-31
宽带网络,zh,商业宽带月费380HKD,380,HKD,商业宽带,anchor,2026-08-31
宽带网络,en,Business broadband monthly fee 380 HKD,380,HKD,Business broadband,anchor,2026-08-31
宽带网络,zh,路由器租赁费每月20元,20,CNY,路由器租赁,anchor,2026-08-31
宽带网络,en,Router rental 20 yuan a month,20,CNY,Router rental,anchor,2026-08-31
宽带网络,zh,海外网络费80USD,80,USD,海外网络,anchor,2026-08-31
宽带网络,en,Overseas internet fee 80 USD,80,USD,Overseas internet,anchor,2026-08-31
宽带网络,zh,宽带续约优惠后500块,500,CNY,续约,anchor,2026-08-31
宽带网络,en,"Broadband renewal after discount, 500 bucks",500,CNY,Renewal,anchor,2026-08-31
宽带网络,zh,8月3日宽带移机费80元,80,CNY,移机,ymd:2026-08-03,2026-08-03
宽带网络,en,"Broadband relocation fee on Aug 3, 80 yuan",80,CNY,Relocation,ymd:2026-08-03,2026-08-03
宽带网络,zh,光猫押金100块,100,CNY,光猫押金,anchor,2026-08-31
宽带网络,en,Modem deposit 100 bucks,100,CNY,Modem deposit,anchor,2026-08-31
宽带网络,zh,香港1000M宽带月费198HKD,198,HKD,千兆月费,anchor,2026-08-31
宽带网络,en,HK 1000M broadband monthly fee 198 HKD,198,HKD,Gigabit monthly fee,anchor,2026-08-31
宽带网络,zh,宽带测速不达标退费50元,50,CNY,退费,anchor,2026-08-31
宽带网络,en,Speed test refund 50 yuan,50,CNY,Refund,anchor,2026-08-31
宽带网络,zh,宽带安装人工费150块,150,CNY,安装费,anchor,2026-08-31
宽带网络,en,Broadband install labor fee 150 bucks,150,CNY,Installation labor,anchor,2026-08-31
宽带网络,zh,校园宽带半年280元,280,CNY,校园宽带,anchor,2026-08-31
宽带网络,en,Campus broadband half-year fee 280 yuan,280,CNY,Campus broadband,anchor,2026-08-31
宽带网络,zh,香港住宅宽带月费99HKD,99,HKD,住宅宽带,anchor,2026-08-31
宽带网络,en,HK residential broadband monthly fee 99 HKD,99,HKD,Residential broadband,anchor,2026-08-31
宽带网络,zh,宽带故障上门维修费50元,50,CNY,维修,anchor,2026-08-31
宽带网络,en,Broadband repair visit 50 yuan,50,CNY,Repair visit,anchor,2026-08-31
宽带网络,zh,宽带叠加IPTV每月30块,30,CNY,IPTV,anchor,2026-08-31
宽带网络,en,Broadband plus IPTV add-on 30 bucks a month,30,CNY,IPTV add-on,anchor,2026-08-31
宽带网络,zh,企业宽带年费5000元,5000,CNY,企业宽带,anchor,2026-08-31
宽带网络,en,Enterprise broadband annual fee 5000 yuan,5000,CNY,Enterprise broadband,anchor,2026-08-31
宽带网络,zh,宽带销户违约金80块,80,CNY,销户,anchor,2026-08-31
宽带网络,en,Broadband cancellation penalty 80 bucks,80,CNY,Cancellation fee,anchor,2026-08-31
宽带网络,zh,香港商用宽带月费480HKD,480,HKD,商用宽带,anchor,2026-08-31
宽带网络,en,HK commercial broadband monthly fee 480 HKD,480,HKD,Commercial broadband,anchor,2026-08-31
宽带网络,zh,无线宽带每月60元,60,CNY,无线宽带,anchor,2026-08-31
宽带网络,en,Wireless broadband 60 yuan a month,60,CNY,Wireless broadband,anchor,2026-08-31
宽带网络,zh,宽带套餐含话费每月129块,129,CNY,含话费,anchor,2026-08-31
宽带网络,en,Broadband plan with phone bundle 129 bucks a month,129,CNY,Phone bundle,anchor,2026-08-31
宽带网络,zh,光纤入户施工费200元,200,CNY,施工费,anchor,2026-08-31
宽带网络,en,Fiber install labor fee 200 yuan,200,CNY,Fiber install labor,anchor,2026-08-31
宽带网络,zh,宽带猫更换花了150块,150,CNY,换猫,anchor,2026-08-31
宽带网络,en,Modem replacement 150 bucks,150,CNY,Modem replacement,anchor,2026-08-31
宽带网络,zh,香港宽带续约优惠200HKD,200,HKD,续约优惠,anchor,2026-08-31
宽带网络,en,HK broadband renewal discount 200 HKD,200,HKD,Renewal discount,anchor,2026-08-31
宽带网络,zh,小区宽带包月80元,80,CNY,小区宽带,anchor,2026-08-31
宽带网络,en,Community broadband monthly fee 80 yuan,80,CNY,Community broadband,anchor,2026-08-31
宽带网络,zh,宽带流量超出扣费50块,50,CNY,超额扣费,anchor,2026-08-31
宽带网络,en,Broadband overage charge 50 bucks,50,CNY,Overage charge,anchor,2026-08-31
宽带网络,zh,专线宽带每月1000元,1000,CNY,专线,anchor,2026-08-31
宽带网络,en,Dedicated line broadband 1000 yuan a month,1000,CNY,Dedicated line,anchor,2026-08-31
宽带网络,zh,香港宽频100M月费88HKD,88,HKD,百兆月费,anchor,2026-08-31
宽带网络,en,HK 100M broadband monthly fee 88 HKD,88,HKD,100M monthly fee,anchor,2026-08-31
宽带网络,zh,宽带暂停保号费每月10元,10,CNY,保号,anchor,2026-08-31
宽带网络,en,Broadband suspension fee 10 yuan a month,10,CNY,Service suspension fee,anchor,2026-08-31
宽带网络,zh,宽带过户费30块,30,CNY,过户,anchor,2026-08-31
宽带网络,en,Broadband account transfer fee 30 bucks,30,CNY,Account transfer,anchor,2026-08-31
宽带网络,zh,家庭宽带捆绑手机号每月99元,99,CNY,捆绑套餐,anchor,2026-08-31
宽带网络,en,Home broadband phone bundle 99 yuan a month,99,CNY,Phone bundle plan,anchor,2026-08-31
宽带网络,zh,香港宽带安装费300HKD,300,HKD,安装费,anchor,2026-08-31
宽带网络,en,HK broadband installation fee 300 HKD,300,HKD,Installation fee,anchor,2026-08-31
宽带网络,zh,宽带提速到500M每月加30元,30,CNY,提速加价,anchor,2026-08-31
宽带网络,en,500M speed upgrade add-on 30 yuan a month,30,CNY,Speed upgrade add-on,anchor,2026-08-31
宽带网络,zh,宽带欠费停机补交120块,120,CNY,欠费补交,anchor,2026-08-31
宽带网络,en,"Paid overdue broadband bill, 120 bucks",120,CNY,Arrears payment,anchor,2026-08-31
宽带网络,zh,香港网上行宽带月费158HKD,158,HKD,网上行,anchor,2026-08-31
宽带网络,en,HK Netvigator broadband monthly fee 158 HKD,158,HKD,Netvigator plan,anchor,2026-08-31
宽带网络,zh,农村宽带每年480元,480,CNY,农村宽带,anchor,2026-08-31
宽带网络,en,Rural broadband annual fee 480 yuan,480,CNY,Rural broadband,anchor,2026-08-31
宽带网络,zh,宽带路由器调试费50块,50,CNY,调试费,anchor,2026-08-31
宽带网络,en,Router setup fee 50 bucks,50,CNY,Router setup fee,anchor,2026-08-31
宽带网络,zh,公寓宽带每月50元,50,CNY,公寓宽带,anchor,2026-08-31
宽带网络,en,Apartment broadband 50 yuan a month,50,CNY,Apartment broadband,anchor,2026-08-31
宽带网络,zh,香港有线宽带月费78HKD,78,HKD,有线宽带,anchor,2026-08-31
宽带网络,en,HK cable broadband monthly fee 78 HKD,78,HKD,Cable broadband,anchor,2026-08-31
宽带网络,zh,宽带年付送两个月共600元,600,CNY,年付优惠,anchor,2026-08-31
宽带网络,en,"Annual prepay with 2 free months, 600 yuan",600,CNY,Annual prepay deal,anchor,2026-08-31
宽带网络,zh,宽带光模块更换80块,80,CNY,光模块,anchor,2026-08-31
宽带网络,en,Optical module replacement 80 bucks,80,CNY,Optical module,anchor,2026-08-31
宽带网络,zh,商铺宽带每月150元,150,CNY,商铺宽带,anchor,2026-08-31
宽带网络,en,Shop broadband 150 yuan a month,150,CNY,Shop broadband,anchor,2026-08-31
宽带网络,zh,香港宽带公共天线费每月30HKD,30,HKD,公共天线,anchor,2026-08-31
宽带网络,en,HK shared antenna fee 30 HKD a month,30,HKD,Shared antenna fee,anchor,2026-08-31
宽带网络,zh,宽带客服投诉返还话费50元,50,CNY,投诉返还,anchor,2026-08-31
宽带网络,en,Broadband complaint refund 50 yuan,50,CNY,Complaint refund,anchor,2026-08-31
宽带网络,zh,宽带网线更换材料费20块,20,CNY,网线,anchor,2026-08-31
宽带网络,en,Ethernet cable replacement 20 bucks,20,CNY,Ethernet cable,anchor,2026-08-31
宽带网络,zh,千兆宽带每月120元,120,CNY,千兆月费,anchor,2026-08-31
宽带网络,en,Gigabit broadband 120 yuan a month,120,CNY,Gigabit monthly fee,anchor,2026-08-31
宽带网络,zh,香港宽带合约到期续约优惠100HKD,100,HKD,续约优惠,anchor,2026-08-31
宽带网络,en,"HK broadband renewal discount after contract, 100 HKD",100,HKD,Renewal discount,anchor,2026-08-31
医疗诊疗,zh,昨天去医院挂号看病花了300元,300,CNY,门诊,rel:-1,2026-08-30
医疗诊疗,en,"Hospital registration and visit yesterday, 300 yuan",300,CNY,Outpatient visit,rel:-1,2026-08-30
医疗诊疗,zh,看牙医付了800块,800,CNY,看牙,anchor,2026-08-31
医疗诊疗,en,Paid dentist 800 bucks,800,CNY,Dental visit,anchor,2026-08-31
医疗诊疗,zh,私立医院问诊花了500HKD,500,HKD,私立问诊,anchor,2026-08-31
医疗诊疗,en,Private hospital consultation 500 HKD,500,HKD,Private clinic visit,anchor,2026-08-31
医疗诊疗,zh,体检套餐花了1200元,1200,CNY,体检,anchor,2026-08-31
医疗诊疗,en,Health checkup package 1200 yuan,1200,CNY,Health checkup,anchor,2026-08-31
医疗诊疗,zh,打针输液花了280块,280,CNY,输液,anchor,2026-08-31
医疗诊疗,en,Injection and IV treatment 280 bucks,280,CNY,IV treatment,anchor,2026-08-31
医疗诊疗,zh,眼科检查花了150元,150,CNY,眼科,anchor,2026-08-31
医疗诊疗,en,Eye exam 150 yuan,150,CNY,Eye exam,anchor,2026-08-31
医疗诊疗,zh,中医理疗花了380HKD,380,HKD,中医理疗,anchor,2026-08-31
医疗诊疗,en,TCM therapy 380 HKD,380,HKD,TCM therapy,anchor,2026-08-31
医疗诊疗,zh,产检费用花了600元,600,CNY,产检,anchor,2026-08-31
医疗诊疗,en,Prenatal checkup 600 yuan,600,CNY,Prenatal checkup,anchor,2026-08-31
医疗诊疗,zh,海外看病挂号200USD,200,USD,海外挂号,anchor,2026-08-31
医疗诊疗,en,Overseas doctor registration 200 USD,200,USD,Overseas registration,anchor,2026-08-31
医疗诊疗,zh,皮肤科就诊花了450块,450,CNY,皮肤科,anchor,2026-08-31
医疗诊疗,en,Dermatology visit 450 bucks,450,CNY,Dermatology visit,anchor,2026-08-31
医疗诊疗,zh,骨科拍X光片花了180元,180,CNY,拍片,anchor,2026-08-31
医疗诊疗,en,Orthopedic X-ray 180 yuan,180,CNY,X-ray,anchor,2026-08-31
医疗诊疗,zh,今天明天牙科洗牙都花200块,200,CNY,洗牙,"rel:0,1",2026-08-31|2026-09-01
医疗诊疗,en,"Dental cleaning today and tomorrow, 200 bucks each",200,CNY,Teeth cleaning,"rel:0,1",2026-08-31|2026-09-01
医疗诊疗,zh,香港私家医院诊金800HKD,800,HKD,私家诊金,anchor,2026-08-31
医疗诊疗,en,HK private hospital consultation fee 800 HKD,800,HKD,Private hospital fee,anchor,2026-08-31
医疗诊疗,zh,血常规检查花了50元,50,CNY,血常规,anchor,2026-08-31
医疗诊疗,en,Blood routine test 50 yuan,50,CNY,Blood test,anchor,2026-08-31
医疗诊疗,zh,心电图检查花了80块,80,CNY,心电图,anchor,2026-08-31
医疗诊疗,en,ECG test 80 bucks,80,CNY,ECG,anchor,2026-08-31
医疗诊疗,zh,妇科检查花了300元,300,CNY,妇科,anchor,2026-08-31
医疗诊疗,en,Gynecology visit 300 yuan,300,CNY,Gynecology visit,anchor,2026-08-31
医疗诊疗,zh,今天到后天针灸推拿都花120块,120,CNY,针灸推拿,span:0:2,2026-08-31|2026-09-01|2026-09-02
医疗诊疗,en,"Acupuncture and massage today through the day after tomorrow, 120 bucks each",120,CNY,Acupuncture and massage,span:0:2,2026-08-31|2026-09-01|2026-09-02
医疗诊疗,zh,香港公立医院挂号费50HKD,50,HKD,公立挂号,anchor,2026-08-31
医疗诊疗,en,HK public hospital registration fee 50 HKD,50,HKD,Public hospital fee,anchor,2026-08-31
医疗诊疗,zh,CT检查花了800元,800,CNY,CT检查,anchor,2026-08-31
医疗诊疗,en,CT scan 800 yuan,800,CNY,CT scan,anchor,2026-08-31
医疗诊疗,zh,打破伤风针花了150块,150,CNY,破伤风针,anchor,2026-08-31
医疗诊疗,en,Tetanus shot 150 bucks,150,CNY,Tetanus shot,anchor,2026-08-31
医疗诊疗,zh,耳鼻喉科检查花了200元,200,CNY,耳鼻喉,anchor,2026-08-31
医疗诊疗,en,ENT exam 200 yuan,200,CNY,ENT exam,anchor,2026-08-31
医疗诊疗,zh,拔罐刮痧花了80块,80,CNY,拔罐刮痧,anchor,2026-08-31
医疗诊疗,en,Cupping and scraping 80 bucks,80,CNY,Cupping and scraping,anchor,2026-08-31
医疗诊疗,zh,香港体检套餐1500HKD,1500,HKD,体检,anchor,2026-08-31
医疗诊疗,en,HK health checkup package 1500 HKD,1500,HKD,Health checkup,anchor,2026-08-31
医疗诊疗,zh,B超检查花了120元,120,CNY,B超,anchor,2026-08-31
医疗诊疗,en,Ultrasound 120 yuan,120,CNY,Ultrasound,anchor,2026-08-31
医疗诊疗,zh,外科缝合花了300块,300,CNY,缝合,anchor,2026-08-31
医疗诊疗,en,Surgical sutures 300 bucks,300,CNY,Sutures,anchor,2026-08-31
医疗诊疗,zh,本周三内科专家挂号费100元,100,CNY,专家号,weekday:3,2026-09-02
医疗诊疗,en,"Internal medicine specialist fee this Wednesday, 100 yuan",100,CNY,Specialist registration,weekday:3,2026-09-02
医疗诊疗,zh,艾灸调理一次90块,90,CNY,艾灸,anchor,2026-08-31
医疗诊疗,en,Moxibustion session 90 bucks,90,CNY,Moxibustion session,anchor,2026-08-31
医疗诊疗,zh,香港牙科补牙500HKD一颗,500,HKD,补牙,anchor,2026-08-31
医疗诊疗,en,HK dental filling 500 HKD per tooth,500,HKD,Dental filling,anchor,2026-08-31
医疗诊疗,zh,核磁共振检查花了1200元,1200,CNY,核磁共振,anchor,2026-08-31
医疗诊疗,en,MRI scan 1200 yuan,1200,CNY,MRI scan,anchor,2026-08-31
医疗诊疗,zh,狂犬疫苗五针400块,400,CNY,疫苗,anchor,2026-08-31
医疗诊疗,en,"Rabies vaccine course, 5 shots 400 bucks",400,CNY,Rabies vaccine,anchor,2026-08-31
医疗诊疗,zh,儿科门诊看病花了180元,180,CNY,儿科,anchor,2026-08-31
医疗诊疗,en,Pediatrics visit 180 yuan,180,CNY,Pediatrics visit,anchor,2026-08-31
医疗诊疗,zh,中药熏蒸花了150块,150,CNY,中药熏蒸,anchor,2026-08-31
医疗诊疗,en,Herbal steam therapy 150 bucks,150,CNY,Herbal steam therapy,anchor,2026-08-31
医疗诊疗,zh,8月22日香港急症室就诊180HKD,180,HKD,急症室,ymd:2026-08-22,2026-08-22
医疗诊疗,en,"HK emergency room visit on Aug 22, 180 HKD",180,HKD,Emergency room,ymd:2026-08-22,2026-08-22
医疗诊疗,zh,尿常规检查花了30元,30,CNY,尿常规,anchor,2026-08-31
医疗诊疗,en,Urinalysis 30 yuan,30,CNY,Urinalysis,anchor,2026-08-31
医疗诊疗,zh,上周每天康复治疗一次200块,200,CNY,康复,week:-1,2026-08-24|2026-08-25|2026-08-26|2026-08-27|2026-08-28|2026-08-29|2026-08-30
医疗诊疗,en,"Rehabilitation every day last week, 200 bucks per session",200,CNY,Rehabilitation,week:-1,2026-08-24|2026-08-25|2026-08-26|2026-08-27|2026-08-28|2026-08-29|2026-08-30
医疗诊疗,zh,呼吸科挂号花了25元,25,CNY,呼吸科,anchor,2026-08-31
医疗诊疗,en,Respiratory clinic registration 25 yuan,25,CNY,Respiratory clinic,anchor,2026-08-31
医疗诊疗,zh,小手术清创缝合花了500块,500,CNY,小手术,anchor,2026-08-31
医疗诊疗,en,Minor wound debridement and sutures 500 bucks,500,CNY,Minor surgery,anchor,2026-08-31
医疗诊疗,zh,香港专科门诊诊金600HKD,600,HKD,专科门诊,anchor,2026-08-31
医疗诊疗,en,HK specialist clinic fee 600 HKD,600,HKD,Specialist clinic,anchor,2026-08-31
医疗诊疗,zh,肝功能检查花了120元,120,CNY,肝功能,anchor,2026-08-31
医疗诊疗,en,Liver function test 120 yuan,120,CNY,Liver function test,anchor,2026-08-31
医疗诊疗,zh,腰椎牵引治疗一次80块,80,CNY,腰椎牵引,anchor,2026-08-31
医疗诊疗,en,Lumbar traction session 80 bucks,80,CNY,Lumbar traction,anchor,2026-08-31
医疗诊疗,zh,皮肤科激光治疗花了800元,800,CNY,激光治疗,anchor,2026-08-31
医疗诊疗,en,Dermatology laser treatment 800 yuan,800,CNY,Laser treatment,anchor,2026-08-31
医疗诊疗,zh,视力验光花了50块,50,CNY,验光,anchor,2026-08-31
医疗诊疗,en,Vision exam 50 bucks,50,CNY,Eye exam,anchor,2026-08-31
医疗诊疗,zh,香港中医诊症300HKD,300,HKD,中医诊症,anchor,2026-08-31
医疗诊疗,en,HK TCM consultation 300 HKD,300,HKD,TCM consultation,anchor,2026-08-31
医疗诊疗,zh,胃镜检查花了400元,400,CNY,胃镜,anchor,2026-08-31
医疗诊疗,en,Gastroscopy 400 yuan,400,CNY,Gastroscopy,anchor,2026-08-31
医疗诊疗,zh,伤口换药花了30块,30,CNY,换药,anchor,2026-08-31
医疗诊疗,en,Wound dressing change 30 bucks,30,CNY,Wound dressing,anchor,2026-08-31
医疗诊疗,zh,过敏原检测花了600元,600,CNY,过敏检测,anchor,2026-08-31
医疗诊疗,en,Allergy test 600 yuan,600,CNY,Allergy test,anchor,2026-08-31
医疗诊疗,zh,推拿按摩一小时100块,100,CNY,推拿,anchor,2026-08-31
医疗诊疗,en,Massage therapy one hour 100 bucks,100,CNY,Massage therapy,anchor,2026-08-31
医疗诊疗,zh,香港健康检查2000HKD,2000,HKD,健康检查,anchor,2026-08-31
医疗诊疗,en,HK health screening 2000 HKD,2000,HKD,Health screening,anchor,2026-08-31
医疗诊疗,zh,牙齿矫正检查花了200元,200,CNY,矫正检查,anchor,2026-08-31
医疗诊疗,en,Orthodontic checkup 200 yuan,200,CNY,Orthodontic exam,anchor,2026-08-31
医疗诊疗,zh,口腔科拍牙片花了80元,80,CNY,牙片,anchor,2026-08-31
医疗诊疗,en,Dental X-ray 80 yuan,80,CNY,Dental X-ray,anchor,2026-08-31
药品保健,zh,昨天买感冒药花了45元,45,CNY,感冒药,rel:-1,2026-08-30
药品保健,en,Bought cold medicine yesterday for 45 yuan,45,CNY,cold medicine,rel:-1,2026-08-30
药品保健,zh,囤退烧药花了120块,120,CNY,退烧药,anchor,2026-08-31
药品保健,en,Stocked up on fever reducers for 120 bucks,120,CNY,fever medicine,anchor,2026-08-31
药品保健,zh,买维生素片花了180HKD,180,HKD,维生素,anchor,2026-08-31
药品保健,en,Vitamin pills cost 180 HKD,180,HKD,vitamins,anchor,2026-08-31
药品保健,zh,买创可贴碘伏花了25元,25,CNY,外伤用品,anchor,2026-08-31
药品保健,en,Band-aids and iodine cost 25 yuan,25,CNY,wound supplies,anchor,2026-08-31
药品保健,zh,蛋白粉花了320块,320,CNY,蛋白粉,anchor,2026-08-31
药品保健,en,Protein powder was 320 bucks,320,CNY,protein powder,anchor,2026-08-31
药品保健,zh,这一周每天降压药按150元记,150,CNY,降压药,week:0,2026-08-31|2026-09-01|2026-09-02|2026-09-03|2026-09-04|2026-09-05|2026-09-06
药品保健,en,Log 150 yuan daily this week for blood pressure meds,150,CNY,blood pressure meds,week:0,2026-08-31|2026-09-01|2026-09-02|2026-09-03|2026-09-04|2026-09-05|2026-09-06
药品保健,zh,买益生菌花了260HKD,260,HKD,益生菌,anchor,2026-08-31
药品保健,en,Probiotics cost 260 HKD,260,HKD,probiotics,anchor,2026-08-31
药品保健,zh,眼药水花了68元,68,CNY,眼药水,anchor,2026-08-31
药品保健,en,Eye drops were 68 yuan,68,CNY,eye drops,anchor,2026-08-31
药品保健,zh,今天明天海外保健品都按80USD记,80,USD,保健品,"rel:0,1",2026-08-31|2026-09-01
药品保健,en,Log 80 USD today and tomorrow for overseas supplements,80,USD,supplements,"rel:0,1",2026-08-31|2026-09-01
药品保健,zh,钙片花了110块,110,CNY,钙片,anchor,2026-08-31
药品保健,en,Calcium tablets cost 110 bucks,110,CNY,calcium tablets,anchor,2026-08-31
药品保健,zh,买布洛芬花了30元,30,CNY,止痛药,anchor,2026-08-31
药品保健,en,Ibuprofen cost 30 yuan,30,CNY,pain reliever,anchor,2026-08-31
药品保健,zh,健胃消食片花了15块,15,CNY,消食片,anchor,2026-08-31
药品保健,en,Digestive tablets were 15 bucks,15,CNY,digestive tablets,anchor,2026-08-31
药品保健,zh,本周六香港买鱼肝油150HKD,150,HKD,鱼肝油,weekday:6,2026-09-05
药品保健,en,"Cod liver oil in HK this Saturday, 150 HKD",150,HKD,cod liver oil,weekday:6,2026-09-05
药品保健,zh,碘伏棉签花了10元,10,CNY,外伤用品,anchor,2026-08-31
药品保健,en,Iodine swabs cost 10 yuan,10,CNY,wound supplies,anchor,2026-08-31
药品保健,zh,氨糖软骨素花了198块,198,CNY,软骨素,anchor,2026-08-31
药品保健,en,Glucosamine supplement was 198 bucks,198,CNY,glucosamine,anchor,2026-08-31
药品保健,zh,避孕药花了45元,45,CNY,避孕药,anchor,2026-08-31
药品保健,en,Birth control pills cost 45 yuan,45,CNY,birth control,anchor,2026-08-31
药品保健,zh,褪黑素花了89块,89,CNY,褪黑素,anchor,2026-08-31
药品保健,en,Melatonin was 89 bucks,89,CNY,melatonin,anchor,2026-08-31
药品保健,zh,香港买整肠丸80HKD,80,HKD,肠胃药,anchor,2026-08-31
药品保健,en,Stomach pills in HK cost 80 HKD,80,HKD,stomach medicine,anchor,2026-08-31
药品保健,zh,8月11日感冒药口服液花了58元,58,CNY,感冒药,ymd:2026-08-11,2026-08-11
药品保健,en,Cold syrup on Aug 11 cost 58 yuan,58,CNY,cold medicine,ymd:2026-08-11,2026-08-11
药品保健,zh,护肝片花了128块,128,CNY,护肝片,anchor,2026-08-31
药品保健,en,Liver support pills were 128 bucks,128,CNY,liver supplement,anchor,2026-08-31
药品保健,zh,医用口罩一盒25元,25,CNY,口罩,anchor,2026-08-31
药品保健,en,Medical masks box cost 25 yuan,25,CNY,face masks,anchor,2026-08-31
药品保健,zh,血糖仪花了299块,299,CNY,血糖仪,anchor,2026-08-31
药品保健,en,Blood glucose meter was 299 bucks,299,CNY,glucose meter,anchor,2026-08-31
药品保健,zh,香港买维生素C100HKD,100,HKD,维生素,anchor,2026-08-31
药品保健,en,Vitamin C in HK cost 100 HKD,100,HKD,vitamins,anchor,2026-08-31
药品保健,zh,体温计花了15元,15,CNY,体温计,anchor,2026-08-31
药品保健,en,Thermometer cost 15 yuan,15,CNY,thermometer,anchor,2026-08-31
药品保健,zh,鱼油软胶囊花了168块,168,CNY,鱼油,anchor,2026-08-31
药品保健,en,Fish oil capsules were 168 bucks,168,CNY,fish oil,anchor,2026-08-31
药品保健,zh,皮炎平药膏花了22元,22,CNY,药膏,anchor,2026-08-31
药品保健,en,Skin cream cost 22 yuan,22,CNY,ointment,anchor,2026-08-31
药品保健,zh,香港买活络油68HKD,68,HKD,活络油,anchor,2026-08-31
药品保健,en,Pain relief oil in HK cost 68 HKD,68,HKD,pain relief oil,anchor,2026-08-31
药品保健,zh,止咳糖浆花了35元,35,CNY,止咳药,anchor,2026-08-31
药品保健,en,Cough syrup was 35 yuan,35,CNY,cough medicine,anchor,2026-08-31
药品保健,zh,六味地黄丸花了48块,48,CNY,中成药,anchor,2026-08-31
药品保健,en,Traditional Chinese pills cost 48 bucks,48,CNY,TCM pills,anchor,2026-08-31
药品保健,zh,血压计花了259元,259,CNY,血压计,anchor,2026-08-31
药品保健,en,Blood pressure monitor was 259 yuan,259,CNY,blood pressure monitor,anchor,2026-08-31
药品保健,zh,香港买保健品礼盒380HKD,380,HKD,礼盒,anchor,2026-08-31
药品保健,en,Health gift set in HK cost 380 HKD,380,HKD,gift set,anchor,2026-08-31
药品保健,zh,口腔溃疡散花了12元,12,CNY,口腔药,anchor,2026-08-31
药品保健,en,Mouth ulcer powder cost 12 yuan,12,CNY,mouth medicine,anchor,2026-08-31
药品保健,zh,阿胶糕花了298块,298,CNY,阿胶,anchor,2026-08-31
药品保健,en,Ejiao cake was 298 bucks,298,CNY,ejiao,anchor,2026-08-31
药品保健,zh,红霉素软膏花了8元,8,CNY,软膏,anchor,2026-08-31
药品保健,en,Erythromycin ointment cost 8 yuan,8,CNY,ointment,anchor,2026-08-31
药品保健,zh,香港买感冒灵50HKD,50,HKD,感冒药,anchor,2026-08-31
药品保健,en,Cold medicine in HK cost 50 HKD,50,HKD,cold medicine,anchor,2026-08-31
药品保健,zh,胃药奥美拉唑花了45元,45,CNY,胃药,anchor,2026-08-31
药品保健,en,Omeprazole stomach pills cost 45 yuan,45,CNY,stomach medicine,anchor,2026-08-31
药品保健,zh,叶黄素片花了79块,79,CNY,叶黄素,anchor,2026-08-31
药品保健,en,Lutein tablets were 79 bucks,79,CNY,lutein,anchor,2026-08-31
药品保健,zh,医用酒精花了10元,10,CNY,消毒,anchor,2026-08-31
药品保健,en,Medical alcohol cost 10 yuan,10,CNY,disinfectant,anchor,2026-08-31
药品保健,zh,香港买双飞人药水45HKD,45,HKD,药水,anchor,2026-08-31
药品保健,en,Double Prawn oil in HK cost 45 HKD,45,HKD,medicinal oil,anchor,2026-08-31
药品保健,zh,咽炎片花了28元,28,CNY,咽炎药,anchor,2026-08-31
药品保健,en,Sore throat tablets cost 28 yuan,28,CNY,sore throat medicine,anchor,2026-08-31
药品保健,zh,丹参滴丸花了65块,65,CNY,中成药,anchor,2026-08-31
药品保健,en,Danshen pills were 65 bucks,65,CNY,TCM pills,anchor,2026-08-31
药品保健,zh,创可贴防水型15元,15,CNY,创可贴,anchor,2026-08-31
药品保健,en,Waterproof band-aids cost 15 yuan,15,CNY,band-aids,anchor,2026-08-31
药品保健,zh,香港买补钙奶粉200HKD,200,HKD,补钙,anchor,2026-08-31
药品保健,en,Calcium milk powder in HK cost 200 HKD,200,HKD,calcium supplement,anchor,2026-08-31
药品保健,zh,抗过敏药氯雷他定花了30元,30,CNY,抗过敏,anchor,2026-08-31
药品保健,en,Loratadine allergy pills cost 30 yuan,30,CNY,allergy medicine,anchor,2026-08-31
药品保健,zh,三七粉花了128块,128,CNY,三七粉,anchor,2026-08-31
药品保健,en,Panax notoginseng powder was 128 bucks,128,CNY,notoginseng powder,anchor,2026-08-31
药品保健,zh,纱布绷带花了18元,18,CNY,纱布,anchor,2026-08-31
药品保健,en,Gauze bandages cost 18 yuan,18,CNY,gauze,anchor,2026-08-31
药品保健,zh,香港买必理痛60HKD,60,HKD,止痛药,anchor,2026-08-31
药品保健,en,Panadol in HK cost 60 HKD,60,HKD,pain reliever,anchor,2026-08-31
药品保健,zh,开塞露花了5元,5,CNY,开塞露,anchor,2026-08-31
药品保健,en,Laxative suppository cost 5 yuan,5,CNY,laxative,anchor,2026-08-31
药品保健,zh,灵芝孢子粉花了398块,398,CNY,灵芝粉,anchor,2026-08-31
药品保健,en,Reishi spore powder was 398 bucks,398,CNY,reishi powder,anchor,2026-08-31
药品保健,zh,香港买退烧药100HKD,100,HKD,退烧药,anchor,2026-08-31
药品保健,en,Fever reducers in HK cost 100 HKD,100,HKD,fever medicine,anchor,2026-08-31
教育学习,zh,昨天报英语培训班花了3000元,3000,CNY,英语班,rel:-1,2026-08-30
教育学习,en,"Signed up for English class yesterday, 3000 yuan",3000,CNY,English class,rel:-1,2026-08-30
教育学习,zh,网课报名费花了1200块,1200,CNY,网课,anchor,2026-08-31
教育学习,en,Online course enrollment was 1200 bucks,1200,CNY,online course,anchor,2026-08-31
教育学习,zh,雅思考试费花了2170HKD,2170,HKD,雅思,anchor,2026-08-31
教育学习,en,IELTS exam fee cost 2170 HKD,2170,HKD,IELTS,anchor,2026-08-31
教育学习,zh,驾照报名费花了4500元,4500,CNY,考驾照,anchor,2026-08-31
教育学习,en,Driving license registration cost 4500 yuan,4500,CNY,driving license,anchor,2026-08-31
教育学习,zh,技能培训课花了800块,800,CNY,技能培训,anchor,2026-08-31
教育学习,en,Skills training course was 800 bucks,800,CNY,skills training,anchor,2026-08-31
教育学习,zh,考研辅导班花了6800元,6800,CNY,考研班,anchor,2026-08-31
教育学习,en,Grad school prep class cost 6800 yuan,6800,CNY,grad school prep,anchor,2026-08-31
教育学习,zh,本周六编程课学费3500HKD,3500,HKD,编程课,weekday:6,2026-09-05
教育学习,en,"Coding class tuition this Saturday, 3500 HKD",3500,HKD,coding class,weekday:6,2026-09-05
教育学习,zh,钢琴课一节200元,200,CNY,钢琴课,anchor,2026-08-31
教育学习,en,Piano lesson one session cost 200 yuan,200,CNY,piano lesson,anchor,2026-08-31
教育学习,zh,海外留学申请费500USD,500,USD,留学申请,anchor,2026-08-31
教育学习,en,Study abroad application fee 500 USD,500,USD,study abroad app,anchor,2026-08-31
教育学习,zh,职业资格考试报名花了300块,300,CNY,考证,anchor,2026-08-31
教育学习,en,Professional exam registration was 300 bucks,300,CNY,certification exam,anchor,2026-08-31
教育学习,zh,公务员考试培训费2500元,2500,CNY,考公,anchor,2026-08-31
教育学习,en,Civil service exam training cost 2500 yuan,2500,CNY,civil service prep,anchor,2026-08-31
教育学习,zh,日语入门班1200块,1200,CNY,日语班,anchor,2026-08-31
教育学习,en,Japanese beginner class was 1200 bucks,1200,CNY,Japanese class,anchor,2026-08-31
教育学习,zh,8月8日香港DSE补习费3000HKD,3000,HKD,DSE补习,ymd:2026-08-08,2026-08-08
教育学习,en,HK DSE tutoring on Aug 8 cost 3000 HKD,3000,HKD,DSE tutoring,ymd:2026-08-08,2026-08-08
教育学习,zh,会计实操培训1500元,1500,CNY,会计培训,anchor,2026-08-31
教育学习,en,Accounting hands-on training cost 1500 yuan,1500,CNY,accounting training,anchor,2026-08-31
教育学习,zh,舞蹈培训班年费3600块,3600,CNY,舞蹈班,anchor,2026-08-31
教育学习,en,Dance class annual fee was 3600 bucks,3600,CNY,dance class,anchor,2026-08-31
教育学习,zh,托福考试费2100元,2100,CNY,托福,anchor,2026-08-31
教育学习,en,TOEFL exam fee cost 2100 yuan,2100,CNY,TOEFL,anchor,2026-08-31
教育学习,zh,设计软件课程2800HKD,2800,HKD,设计课,anchor,2026-08-31
教育学习,en,Design software course 2800 HKD,2800,HKD,design course,anchor,2026-08-31
教育学习,zh,书法班一期800元,800,CNY,书法班,anchor,2026-08-31
教育学习,en,Calligraphy class one term cost 800 yuan,800,CNY,calligraphy class,anchor,2026-08-31
教育学习,zh,健身教练证培训2000块,2000,CNY,教练证,anchor,2026-08-31
教育学习,en,Fitness trainer cert training was 2000 bucks,2000,CNY,trainer cert,anchor,2026-08-31
教育学习,zh,GRE考试费1600元,1600,CNY,GRE,anchor,2026-08-31
教育学习,en,GRE exam fee cost 1600 yuan,1600,CNY,GRE,anchor,2026-08-31
教育学习,zh,今天明天香港普通话培训都按1500HKD记,1500,HKD,普通话,"rel:0,1",2026-08-31|2026-09-01
教育学习,en,Log 1500 HKD today and tomorrow for HK Mandarin training,1500,HKD,Mandarin training,"rel:0,1",2026-08-31|2026-09-01
教育学习,zh,教师资格证面试班1200元,1200,CNY,教资,anchor,2026-08-31
教育学习,en,Teacher cert interview class cost 1200 yuan,1200,CNY,teacher cert,anchor,2026-08-31
教育学习,zh,西点烘焙培训2800块,2800,CNY,烘焙课,anchor,2026-08-31
教育学习,en,Pastry baking training was 2800 bucks,2800,CNY,baking class,anchor,2026-08-31
教育学习,zh,粤语学习班600元,600,CNY,粤语班,anchor,2026-08-31
教育学习,en,Cantonese class cost 600 yuan,600,CNY,Cantonese class,anchor,2026-08-31
教育学习,zh,法律职业资格考试报名费200块,200,CNY,法考,anchor,2026-08-31
教育学习,en,Bar exam registration fee was 200 bucks,200,CNY,bar exam,anchor,2026-08-31
教育学习,zh,香港进修移民咨询费5000HKD,5000,HKD,进修咨询,anchor,2026-08-31
教育学习,en,HK further study consulting fee 5000 HKD,5000,HKD,study consulting,anchor,2026-08-31
教育学习,zh,PS软件教程399元,399,CNY,PS教程,anchor,2026-08-31
教育学习,en,Photoshop tutorial cost 399 yuan,399,CNY,PS tutorial,anchor,2026-08-31
教育学习,zh,演讲与口才培训1500块,1500,CNY,口才培训,anchor,2026-08-31
教育学习,en,Public speaking training was 1500 bucks,1500,CNY,public speaking,anchor,2026-08-31
教育学习,zh,专升本学费每年3000元,3000,CNY,专升本,anchor,2026-08-31
教育学习,en,Associate degree tuition yearly cost 3000 yuan,3000,CNY,associate degree,anchor,2026-08-31
教育学习,zh,保育员证培训800块,800,CNY,保育员证,anchor,2026-08-31
教育学习,en,Childcare worker cert training was 800 bucks,800,CNY,childcare cert,anchor,2026-08-31
教育学习,zh,香港MBA申请费10000HKD,10000,HKD,MBA申请,anchor,2026-08-31
教育学习,en,HK MBA application fee 10000 HKD,10000,HKD,MBA application,anchor,2026-08-31
教育学习,zh,原画设计网课4500元,4500,CNY,原画课,anchor,2026-08-31
教育学习,en,Concept art online course cost 4500 yuan,4500,CNY,concept art class,anchor,2026-08-31
教育学习,zh,叉车证考试报名600块,600,CNY,叉车证,anchor,2026-08-31
教育学习,en,Forklift license exam registration was 600 bucks,600,CNY,forklift license,anchor,2026-08-31
教育学习,zh,一级建造师培训5000元,5000,CNY,建造师,anchor,2026-08-31
教育学习,en,Level 1 constructor training cost 5000 yuan,5000,CNY,constructor cert,anchor,2026-08-31
教育学习,zh,心理咨询师培训2800块,2800,CNY,心理师,anchor,2026-08-31
教育学习,en,Counselor training was 2800 bucks,2800,CNY,counselor training,anchor,2026-08-31
教育学习,zh,香港雅思一对一500HKD每小时,500,HKD,雅思一对一,anchor,2026-08-31
教育学习,en,HK IELTS one-on-one 500 HKD per hour,500,HKD,IELTS tutoring,anchor,2026-08-31
教育学习,zh,证券从业资格考试报名61元,61,CNY,证券考试,anchor,2026-08-31
教育学习,en,Securities exam registration cost 61 yuan,61,CNY,securities exam,anchor,2026-08-31
教育学习,zh,主持人培训1800块,1800,CNY,主持人,anchor,2026-08-31
教育学习,en,Host training was 1800 bucks,1800,CNY,host training,anchor,2026-08-31
教育学习,zh,注册会计师网课3200元,3200,CNY,注会网课,anchor,2026-08-31
教育学习,en,CPA online course cost 3200 yuan,3200,CNY,CPA course,anchor,2026-08-31
教育学习,zh,化妆师培训3500块,3500,CNY,化妆培训,anchor,2026-08-31
教育学习,en,Makeup artist training was 3500 bucks,3500,CNY,makeup training,anchor,2026-08-31
教育学习,zh,香港升学规划咨询2000HKD,2000,HKD,升学咨询,anchor,2026-08-31
教育学习,en,HK school planning consulting 2000 HKD,2000,HKD,school consulting,anchor,2026-08-31
教育学习,zh,Python编程入门课99元,99,CNY,Python课,anchor,2026-08-31
教育学习,en,Python intro course cost 99 yuan,99,CNY,Python course,anchor,2026-08-31
教育学习,zh,人力资源管理师培训1200块,1200,CNY,人力证,anchor,2026-08-31
教育学习,en,HR manager training was 1200 bucks,1200,CNY,HR cert,anchor,2026-08-31
教育学习,zh,执业药师考试报名150元,150,CNY,药师考试,anchor,2026-08-31
教育学习,en,Licensed pharmacist exam registration cost 150 yuan,150,CNY,pharmacist exam,anchor,2026-08-31
教育学习,zh,电商运营培训2000块,2000,CNY,电商培训,anchor,2026-08-31
教育学习,en,E-commerce operations training was 2000 bucks,2000,CNY,e-commerce training,anchor,2026-08-31
教育学习,zh,香港粤语一对一300HKD每小时,300,HKD,粤语一对一,anchor,2026-08-31
教育学习,en,HK Cantonese one-on-one 300 HKD per hour,300,HKD,Cantonese tutoring,anchor,2026-08-31
教育学习,zh,新媒体运营课899元,899,CNY,新媒体课,anchor,2026-08-31
教育学习,en,New media operations course cost 899 yuan,899,CNY,new media course,anchor,2026-08-31
教育学习,zh,塔吊司机证培训1500块,1500,CNY,塔吊证,anchor,2026-08-31
教育学习,en,Tower crane license training was 1500 bucks,1500,CNY,crane license,anchor,2026-08-31
教育学习,zh,考研资料费200元,200,CNY,考研资料,anchor,2026-08-31
教育学习,en,Grad school study materials cost 200 yuan,200,CNY,grad school materials,anchor,2026-08-31
教育学习,zh,香港补习社补习每小时200HKD,200,HKD,补习,anchor,2026-08-31
教育学习,en,HK tutoring center 200 HKD per hour,200,HKD,tutoring,anchor,2026-08-31
书籍文具,zh,买专业书花了120元,120,CNY,专业书,anchor,2026-08-31
书籍文具,en,Professional books cost 120 yuan,120,CNY,professional books,anchor,2026-08-31
书籍文具,zh,昨天买笔记本笔花了35块,35,CNY,文具,rel:-1,2026-08-30
书籍文具,en,Bought notebooks and pens yesterday for 35 bucks,35,CNY,stationery,rel:-1,2026-08-30
书籍文具,zh,买英文原版书花了180HKD,180,HKD,原版书,anchor,2026-08-31
书籍文具,en,English original edition book cost 180 HKD,180,HKD,original edition,anchor,2026-08-31
书籍文具,zh,打印资料花了50元,50,CNY,打印,anchor,2026-08-31
书籍文具,en,Printing materials cost 50 yuan,50,CNY,printing,anchor,2026-08-31
书籍文具,zh,本周三买文具套装花了88块,88,CNY,文具,weekday:3,2026-09-02
书籍文具,en,Stationery set this Wednesday cost 88 bucks,88,CNY,stationery,weekday:3,2026-09-02
书籍文具,zh,小说实体书花了49元,49,CNY,小说,anchor,2026-08-31
书籍文具,en,Novel paperback cost 49 yuan,49,CNY,novel,anchor,2026-08-31
书籍文具,zh,买画笔纸花了150HKD,150,HKD,画材,anchor,2026-08-31
书籍文具,en,Art brushes and paper cost 150 HKD,150,HKD,art supplies,anchor,2026-08-31
书籍文具,zh,订书器文件夹花了60元,60,CNY,办公用品,anchor,2026-08-31
书籍文具,en,Stapler and folders cost 60 yuan,60,CNY,office supplies,anchor,2026-08-31
书籍文具,zh,海外买教材120USD,120,USD,海外教材,anchor,2026-08-31
书籍文具,en,Overseas textbook purchase 120 USD,120,USD,overseas textbook,anchor,2026-08-31
书籍文具,zh,买字帖花了28块,28,CNY,字帖,anchor,2026-08-31
书籍文具,en,Calligraphy copybook was 28 bucks,28,CNY,copybook,anchor,2026-08-31
书籍文具,zh,考研参考书花了200元,200,CNY,参考书,anchor,2026-08-31
书籍文具,en,Grad school reference books cost 200 yuan,200,CNY,reference books,anchor,2026-08-31
书籍文具,zh,这一周每天中性笔按盒15块,15,CNY,文具,week:0,2026-08-31|2026-09-01|2026-09-02|2026-09-03|2026-09-04|2026-09-05|2026-09-06
书籍文具,en,Log 15 bucks daily this week for gel pens per box,15,CNY,stationery,week:0,2026-08-31|2026-09-01|2026-09-02|2026-09-03|2026-09-04|2026-09-05|2026-09-06
书籍文具,zh,香港诚品书店买书250HKD,250,HKD,书店,anchor,2026-08-31
书籍文具,en,Books at HK Eslite cost 250 HKD,250,HKD,bookstore,anchor,2026-08-31
书籍文具,zh,8月16日复印身份证花了2元,2,CNY,复印,ymd:2026-08-16,2026-08-16
书籍文具,en,ID photocopy on Aug 16 cost 2 yuan,2,CNY,photocopy,ymd:2026-08-16,2026-08-16
书籍文具,zh,装订论文花了30块,30,CNY,装订,anchor,2026-08-31
书籍文具,en,Thesis binding was 30 bucks,30,CNY,binding,anchor,2026-08-31
书籍文具,zh,精装版图书花了98元,98,CNY,精装书,anchor,2026-08-31
书籍文具,en,Hardcover book cost 98 yuan,98,CNY,hardcover book,anchor,2026-08-31
书籍文具,zh,彩铅套装花了128块,128,CNY,画材,anchor,2026-08-31
书籍文具,en,Colored pencil set was 128 bucks,128,CNY,art supplies,anchor,2026-08-31
书籍文具,zh,香港教材书300HKD,300,HKD,教材,anchor,2026-08-31
书籍文具,en,HK textbook cost 300 HKD,300,HKD,textbook,anchor,2026-08-31
书籍文具,zh,今天明天便利贴都花了8元,8,CNY,文具,"rel:0,1",2026-08-31|2026-09-01
书籍文具,en,Sticky notes today and tomorrow cost 8 yuan each,8,CNY,stationery,"rel:0,1",2026-08-31|2026-09-01
书籍文具,zh,胶棒剪刀花了15块,15,CNY,文具,anchor,2026-08-31
书籍文具,en,Glue stick and scissors cost 15 bucks,15,CNY,stationery,anchor,2026-08-31
书籍文具,zh,技术开发文档书籍158元,158,CNY,技术书,anchor,2026-08-31
书籍文具,en,Tech development book cost 158 yuan,158,CNY,tech book,anchor,2026-08-31
书籍文具,zh,素描本花了25块,25,CNY,素描本,anchor,2026-08-31
书籍文具,en,Sketchbook was 25 bucks,25,CNY,sketchbook,anchor,2026-08-31
书籍文具,zh,香港漫画书100HKD,100,HKD,漫画,anchor,2026-08-31
书籍文具,en,HK comic book cost 100 HKD,100,HKD,comic,anchor,2026-08-31
书籍文具,zh,文件袋十个10元,10,CNY,办公用品,anchor,2026-08-31
书籍文具,en,Ten file folders cost 10 yuan,10,CNY,office supplies,anchor,2026-08-31
书籍文具,zh,钢笔墨水花了45块,45,CNY,钢笔,anchor,2026-08-31
书籍文具,en,Fountain pen and ink cost 45 bucks,45,CNY,fountain pen,anchor,2026-08-31
书籍文具,zh,畅销书排行榜书籍59元,59,CNY,畅销书,anchor,2026-08-31
书籍文具,en,Bestseller book cost 59 yuan,59,CNY,bestseller,anchor,2026-08-31
书籍文具,zh,马克笔套装88块,88,CNY,画材,anchor,2026-08-31
书籍文具,en,Marker pen set was 88 bucks,88,CNY,art supplies,anchor,2026-08-31
书籍文具,zh,香港考试用书350HKD,350,HKD,考试书,anchor,2026-08-31
书籍文具,en,HK exam prep book cost 350 HKD,350,HKD,exam book,anchor,2026-08-31
书籍文具,zh,回形针长尾夹花了12元,12,CNY,办公用品,anchor,2026-08-31
书籍文具,en,Paper clips and binder clips cost 12 yuan,12,CNY,office supplies,anchor,2026-08-31
书籍文具,zh,笔记本电脑支架89块,89,CNY,电脑配件,anchor,2026-08-31
书籍文具,en,Laptop stand was 89 bucks,89,CNY,laptop accessory,anchor,2026-08-31
书籍文具,zh,诗集散文集花了68元,68,CNY,文学书,anchor,2026-08-31
书籍文具,en,Poetry and essay collection cost 68 yuan,68,CNY,literature book,anchor,2026-08-31
书籍文具,zh,水彩颜料套装128块,128,CNY,画材,anchor,2026-08-31
书籍文具,en,Watercolor paint set was 128 bucks,128,CNY,art supplies,anchor,2026-08-31
书籍文具,zh,香港字典词典180HKD,180,HKD,词典,anchor,2026-08-31
书籍文具,en,HK dictionary cost 180 HKD,180,HKD,dictionary,anchor,2026-08-31
书籍文具,zh,书签套装花了20元,20,CNY,文具,anchor,2026-08-31
书籍文具,en,Bookmark set cost 20 yuan,20,CNY,stationery,anchor,2026-08-31
书籍文具,zh,计算器花了50块,50,CNY,文具,anchor,2026-08-31
书籍文具,en,Calculator was 50 bucks,50,CNY,stationery,anchor,2026-08-31
书籍文具,zh,历史类书籍78元,78,CNY,历史书,anchor,2026-08-31
书籍文具,en,History book cost 78 yuan,78,CNY,history book,anchor,2026-08-31
书籍文具,zh,画架画板花了150块,150,CNY,画材,anchor,2026-08-31
书籍文具,en,Easel and drawing board cost 150 bucks,150,CNY,art supplies,anchor,2026-08-31
书籍文具,zh,香港儿童绘本120HKD,120,HKD,绘本,anchor,2026-08-31
书籍文具,en,HK children's picture book 120 HKD,120,HKD,picture book,anchor,2026-08-31
书籍文具,zh,橡皮尺子套装8元,8,CNY,文具,anchor,2026-08-31
书籍文具,en,Eraser and ruler set cost 8 yuan,8,CNY,stationery,anchor,2026-08-31
书籍文具,zh,文件夹收纳盒35块,35,CNY,办公用品,anchor,2026-08-31
书籍文具,en,Folder storage box was 35 bucks,35,CNY,office supplies,anchor,2026-08-31
书籍文具,zh,心理学书籍128元,128,CNY,心理书,anchor,2026-08-31
书籍文具,en,Psychology book cost 128 yuan,128,CNY,psychology book,anchor,2026-08-31
书籍文具,zh,宣纸毛边纸50块,50,CNY,文房,anchor,2026-08-31
书籍文具,en,Rice paper bundle was 50 bucks,50,CNY,calligraphy supplies,anchor,2026-08-31
书籍文具,zh,香港商业书籍280HKD,280,HKD,商业书,anchor,2026-08-31
书籍文具,en,HK business book cost 280 HKD,280,HKD,business book,anchor,2026-08-31
书籍文具,zh,便签本花了10元,10,CNY,文具,anchor,2026-08-31
书籍文具,en,Memo pad cost 10 yuan,10,CNY,stationery,anchor,2026-08-31
书籍文具,zh,订书钉回形针5块,5,CNY,办公用品,anchor,2026-08-31
书籍文具,en,Staples and paper clips cost 5 bucks,5,CNY,office supplies,anchor,2026-08-31
书籍文具,zh,编程技术书籍199元,199,CNY,技术书,anchor,2026-08-31
书籍文具,en,Programming tech book cost 199 yuan,199,CNY,tech book,anchor,2026-08-31
书籍文具,zh,毛笔砚台套装200块,200,CNY,文房,anchor,2026-08-31
书籍文具,en,Brush and inkstone set was 200 bucks,200,CNY,calligraphy supplies,anchor,2026-08-31
书籍文具,zh,香港旅游攻略书88HKD,88,HKD,旅游书,anchor,2026-08-31
书籍文具,en,HK travel guide book cost 88 HKD,88,HKD,travel book,anchor,2026-08-31
书籍文具,zh,错题本花了12元,12,CNY,文具,anchor,2026-08-31
书籍文具,en,Error notebook cost 12 yuan,12,CNY,stationery,anchor,2026-08-31
书籍文具,zh,精装笔记本68块,68,CNY,笔记本,anchor,2026-08-31
书籍文具,en,Hardcover notebook was 68 bucks,68,CNY,notebook,anchor,2026-08-31
休闲娱乐,zh,昨天去KTV唱歌花了380元,380,CNY,KTV,rel:-1,2026-08-30
休闲娱乐,en,KTV karaoke yesterday cost 380 yuan,380,CNY,KTV,rel:-1,2026-08-30
休闲娱乐,zh,剧本杀人均花了128块,128,CNY,剧本杀,anchor,2026-08-31
休闲娱乐,en,Murder mystery game per person was 128 bucks,128,CNY,murder mystery,anchor,2026-08-31
休闲娱乐,zh,密室逃脱门票花了298HKD,298,HKD,密室,anchor,2026-08-31
休闲娱乐,en,Escape room ticket cost 298 HKD,298,HKD,escape room,anchor,2026-08-31
休闲娱乐,zh,这一周每天桌游吧消费花了80元,80,CNY,桌游,week:0,2026-08-31|2026-09-01|2026-09-02|2026-09-03|2026-09-04|2026-09-05|2026-09-06
休闲娱乐,en,Log 80 yuan daily this week at board game cafe,80,CNY,board games,week:0,2026-08-31|2026-09-01|2026-09-02|2026-09-03|2026-09-04|2026-09-05|2026-09-06
休闲娱乐,zh,抓娃娃花了50块,50,CNY,抓娃娃,anchor,2026-08-31
休闲娱乐,en,Claw machine cost 50 bucks,50,CNY,claw machine,anchor,2026-08-31
休闲娱乐,zh,酒吧喝酒花了600元,600,CNY,酒吧,anchor,2026-08-31
休闲娱乐,en,Bar drinks cost 600 yuan,600,CNY,bar,anchor,2026-08-31
休闲娱乐,zh,轰趴馆团建花了800HKD,800,HKD,轰趴,anchor,2026-08-31
休闲娱乐,en,Party house team building cost 800 HKD,800,HKD,party house,anchor,2026-08-31
休闲娱乐,zh,射箭馆体验花了150元,150,CNY,射箭,anchor,2026-08-31
休闲娱乐,en,Archery range experience cost 150 yuan,150,CNY,archery,anchor,2026-08-31
休闲娱乐,zh,海外赌场小费100USD,100,USD,赌场小费,anchor,2026-08-31
休闲娱乐,en,Overseas casino tip 100 USD,100,USD,casino tip,anchor,2026-08-31
休闲娱乐,zh,今天明天网吧上网都花40块,40,CNY,网吧,"rel:0,1",2026-08-31|2026-09-01
休闲娱乐,en,Log 40 bucks today and tomorrow for internet cafe,40,CNY,internet cafe,"rel:0,1",2026-08-31|2026-09-01
休闲娱乐,zh,今天到后天台球厅打球都花80元,80,CNY,台球,span:0:2,2026-08-31|2026-09-01|2026-09-02
休闲娱乐,en,Log 80 yuan today through day after tomorrow for pool hall,80,CNY,pool,span:0:2,2026-08-31|2026-09-01|2026-09-02
休闲娱乐,zh,棋牌室麻将一下午120块,120,CNY,棋牌,anchor,2026-08-31
休闲娱乐,en,Mahjong afternoon at card room cost 120 bucks,120,CNY,card room,anchor,2026-08-31
休闲娱乐,zh,香港桌游吧每人150HKD,150,HKD,桌游,anchor,2026-08-31
休闲娱乐,en,HK board game cafe 150 HKD per person,150,HKD,board games,anchor,2026-08-31
休闲娱乐,zh,电玩城买游戏币花了100元,100,CNY,电玩城,anchor,2026-08-31
休闲娱乐,en,Arcade game tokens cost 100 yuan,100,CNY,arcade,anchor,2026-08-31
休闲娱乐,zh,DIY手工坊做陶艺128块,128,CNY,DIY,anchor,2026-08-31
休闲娱乐,en,DIY pottery workshop was 128 bucks,128,CNY,DIY,anchor,2026-08-31
休闲娱乐,zh,本周五舞厅跳舞门票50元,50,CNY,舞厅,weekday:5,2026-09-04
休闲娱乐,en,Dance hall ticket this Friday cost 50 yuan,50,CNY,dance hall,weekday:5,2026-09-04
休闲娱乐,zh,轰趴别墅一天1500块,1500,CNY,轰趴别墅,anchor,2026-08-31
休闲娱乐,en,Party villa for one day cost 1500 bucks,1500,CNY,party villa,anchor,2026-08-31
休闲娱乐,zh,香港卡丁车体验200HKD,200,HKD,卡丁车,anchor,2026-08-31
休闲娱乐,en,HK go-kart experience cost 200 HKD,200,HKD,go-kart,anchor,2026-08-31
休闲娱乐,zh,VR体验馆一小时80元,80,CNY,VR体验,anchor,2026-08-31
休闲娱乐,en,VR experience one hour cost 80 yuan,80,CNY,VR experience,anchor,2026-08-31
休闲娱乐,zh,狼人杀桌游吧50块每人,50,CNY,狼人杀,anchor,2026-08-31
休闲娱乐,en,Werewolf board game cafe 50 bucks per person,50,CNY,werewolf game,anchor,2026-08-31
休闲娱乐,zh,茶棋牌室喝茶打牌100元,100,CNY,茶棋牌,anchor,2026-08-31
休闲娱乐,en,Tea and card room cost 100 yuan,100,CNY,tea and cards,anchor,2026-08-31
休闲娱乐,zh,蹦床公园门票98块,98,CNY,蹦床,anchor,2026-08-31
休闲娱乐,en,Trampoline park ticket was 98 bucks,98,CNY,trampoline park,anchor,2026-08-31
休闲娱乐,zh,香港室内跳伞500HKD,500,HKD,室内跳伞,anchor,2026-08-31
休闲娱乐,en,HK indoor skydiving cost 500 HKD,500,HKD,indoor skydiving,anchor,2026-08-31
休闲娱乐,zh,溜冰场门票40元,40,CNY,溜冰,anchor,2026-08-31
休闲娱乐,en,Ice rink ticket cost 40 yuan,40,CNY,ice skating,anchor,2026-08-31
休闲娱乐,zh,真人CS野战150块,150,CNY,真人CS,anchor,2026-08-31
休闲娱乐,en,Paintball field was 150 bucks,150,CNY,paintball,anchor,2026-08-31
休闲娱乐,zh,插花体验课88元,88,CNY,插花课,anchor,2026-08-31
休闲娱乐,en,Flower arranging class cost 88 yuan,88,CNY,flower class,anchor,2026-08-31
休闲娱乐,zh,朋友局再开一局剧本杀花了138元,138,CNY,剧本杀,anchor,2026-08-31
休闲娱乐,en,Another murder mystery with friends cost 138 yuan,138,CNY,murder mystery,anchor,2026-08-31
休闲娱乐,zh,攀岩馆体验120元,120,CNY,攀岩,anchor,2026-08-31
休闲娱乐,en,Rock climbing gym experience cost 120 yuan,120,CNY,rock climbing,anchor,2026-08-31
休闲娱乐,zh,桌游卡牌购买80块,80,CNY,桌游卡,anchor,2026-08-31
休闲娱乐,en,Board game cards purchase was 80 bucks,80,CNY,board game cards,anchor,2026-08-31
休闲娱乐,zh,密室逃脱恐怖主题198元,198,CNY,密室,anchor,2026-08-31
休闲娱乐,en,Horror escape room cost 198 yuan,198,CNY,escape room,anchor,2026-08-31
休闲娱乐,zh,酒吧台费最低消费200块,200,CNY,酒吧,anchor,2026-08-31
休闲娱乐,en,Bar table minimum spend was 200 bucks,200,CNY,bar,anchor,2026-08-31
休闲娱乐,zh,香港杜莎夫人蜡像馆门票290HKD,290,HKD,蜡像馆,anchor,2026-08-31
休闲娱乐,en,HK Madame Tussauds ticket cost 290 HKD,290,HKD,wax museum,anchor,2026-08-31
休闲娱乐,zh,电竞酒店开黑一晚300元,300,CNY,电竞酒店,anchor,2026-08-31
休闲娱乐,en,Esports hotel one night cost 300 yuan,300,CNY,esports hotel,anchor,2026-08-31
休闲娱乐,zh,DIY蛋糕烘焙168块,168,CNY,烘焙DIY,anchor,2026-08-31
休闲娱乐,en,DIY cake baking was 168 bucks,168,CNY,baking DIY,anchor,2026-08-31
休闲娱乐,zh,8月21日脱口秀开放麦门票50元,50,CNY,脱口秀,ymd:2026-08-21,2026-08-21
休闲娱乐,en,Open mic comedy ticket on Aug 21 cost 50 yuan,50,CNY,stand-up comedy,ymd:2026-08-21,2026-08-21
休闲娱乐,zh,室内滑雪场三小时300块,300,CNY,室内滑雪,anchor,2026-08-31
休闲娱乐,en,Indoor ski slope three hours cost 300 bucks,300,CNY,indoor skiing,anchor,2026-08-31
休闲娱乐,zh,香港天际100观景台门票188HKD,188,HKD,观景台,anchor,2026-08-31
休闲娱乐,en,HK Sky100 observation deck ticket 188 HKD,188,HKD,observation deck,anchor,2026-08-31
休闲娱乐,zh,射箭馆办卡500元,500,CNY,射箭办卡,anchor,2026-08-31
休闲娱乐,en,Archery range membership card cost 500 yuan,500,CNY,archery membership,anchor,2026-08-31
休闲娱乐,zh,剧本杀城限本198块,198,CNY,城限本,anchor,2026-08-31
休闲娱乐,en,City-limited murder mystery script was 198 bucks,198,CNY,limited script,anchor,2026-08-31
休闲娱乐,zh,温泉会馆门票128元,128,CNY,温泉,anchor,2026-08-31
休闲娱乐,en,Hot spring spa ticket cost 128 yuan,128,CNY,hot spring,anchor,2026-08-31
休闲娱乐,zh,轰趴馆包场1200块,1200,CNY,轰趴包场,anchor,2026-08-31
休闲娱乐,en,Party house private booking cost 1200 bucks,1200,CNY,party booking,anchor,2026-08-31
休闲娱乐,zh,香港挪亚方舟门票168HKD,168,HKD,景点门票,anchor,2026-08-31
休闲娱乐,en,HK Noah's Ark ticket cost 168 HKD,168,HKD,attraction ticket,anchor,2026-08-31
休闲娱乐,zh,上周每天网吧包夜30元,30,CNY,网吧包夜,week:-1,2026-08-24|2026-08-25|2026-08-26|2026-08-27|2026-08-28|2026-08-29|2026-08-30
休闲娱乐,en,Log 30 yuan daily last week for internet cafe overnight,30,CNY,overnight cafe,week:-1,2026-08-24|2026-08-25|2026-08-26|2026-08-27|2026-08-28|2026-08-29|2026-08-30
休闲娱乐,zh,抓娃娃充值100块,100,CNY,抓娃娃,anchor,2026-08-31
休闲娱乐,en,Claw machine top-up was 100 bucks,100,CNY,claw machine,anchor,2026-08-31
休闲娱乐,zh,棋牌室包房200元,200,CNY,棋牌包房,anchor,2026-08-31
休闲娱乐,en,Card room private room cost 200 yuan,200,CNY,private card room,anchor,2026-08-31
休闲娱乐,zh,真人密室逃脱88块每人,88,CNY,密室,anchor,2026-08-31
休闲娱乐,en,Live escape room 88 bucks per person,88,CNY,escape room,anchor,2026-08-31
休闲娱乐,zh,香港坪洲岛一日游套票300HKD,300,HKD,一日游,anchor,2026-08-31
休闲娱乐,en,HK Peng Chau day trip package 300 HKD,300,HKD,day trip,anchor,2026-08-31
休闲娱乐,zh,桌游吧通宵场100元,100,CNY,桌游通宵,anchor,2026-08-31
休闲娱乐,en,Board game cafe overnight session cost 100 yuan,100,CNY,overnight board games,anchor,2026-08-31
休闲娱乐,zh,KTV包厢费580块,580,CNY,KTV包厢,anchor,2026-08-31
休闲娱乐,en,KTV private room fee was 580 bucks,580,CNY,KTV room,anchor,2026-08-31
休闲娱乐,zh,香港保龄球馆50HKD一局,50,HKD,保龄球,anchor,2026-08-31
休闲娱乐,en,HK bowling alley 50 HKD per game,50,HKD,bowling,anchor,2026-08-31
影视演出,zh,昨天电影票两张花了80元,80,CNY,电影,rel:-1,2026-08-30
影视演出,en,Two movie tickets yesterday cost 80 yuan,80,CNY,movie,rel:-1,2026-08-30
影视演出,zh,演唱会门票花了1280块,1280,CNY,演唱会,anchor,2026-08-31
影视演出,en,Concert ticket was 1280 bucks,1280,CNY,concert,anchor,2026-08-31
影视演出,zh,话剧票花了380HKD,380,HKD,话剧,anchor,2026-08-31
影视演出,en,Stage play ticket cost 380 HKD,380,HKD,stage play,anchor,2026-08-31
影视演出,zh,视频会员年卡花了198元,198,CNY,视频会员,anchor,2026-08-31
影视演出,en,Streaming annual membership cost 198 yuan,198,CNY,streaming membership,anchor,2026-08-31
影视演出,zh,音乐节门票花了580块,580,CNY,音乐节,anchor,2026-08-31
影视演出,en,Music festival ticket was 580 bucks,580,CNY,music festival,anchor,2026-08-31
影视演出,zh,本周六相声演出票花了299元,299,CNY,相声,weekday:6,2026-09-05
影视演出,en,Crosstalk show ticket this Saturday cost 299 yuan,299,CNY,crosstalk,weekday:6,2026-09-05
影视演出,zh,迪士尼门票花了650HKD,650,HKD,迪士尼,anchor,2026-08-31
影视演出,en,Disneyland ticket cost 650 HKD,650,HKD,Disneyland,anchor,2026-08-31
影视演出,zh,爱奇艺会员月费25元,25,CNY,视频会员,anchor,2026-08-31
影视演出,en,iQiyi monthly membership cost 25 yuan,25,CNY,streaming membership,anchor,2026-08-31
影视演出,zh,百老汇门票150USD,150,USD,百老汇,anchor,2026-08-31
影视演出,en,Broadway ticket 150 USD,150,USD,Broadway,anchor,2026-08-31
影视演出,zh,脱口秀演出花了180块,180,CNY,脱口秀,anchor,2026-08-31
影视演出,en,Stand-up comedy show was 180 bucks,180,CNY,stand-up comedy,anchor,2026-08-31
影视演出,zh,8月19日IMAX电影票一张65元,65,CNY,IMAX,ymd:2026-08-19,2026-08-19
影视演出,en,One IMAX ticket on Aug 19 cost 65 yuan,65,CNY,IMAX,ymd:2026-08-19,2026-08-19
影视演出,zh,林俊杰演唱会内场1880块,1880,CNY,演唱会,anchor,2026-08-31
影视演出,en,JJ Lin concert floor seats 1880 bucks,1880,CNY,concert,anchor,2026-08-31
影视演出,zh,香港话剧团演出280HKD,280,HKD,话剧,anchor,2026-08-31
影视演出,en,HK drama troupe show cost 280 HKD,280,HKD,stage play,anchor,2026-08-31
影视演出,zh,腾讯视频季卡58元,58,CNY,视频会员,anchor,2026-08-31
影视演出,en,Tencent Video quarterly pass cost 58 yuan,58,CNY,streaming membership,anchor,2026-08-31
影视演出,zh,草莓音乐节门票380块,380,CNY,音乐节,anchor,2026-08-31
影视演出,en,Strawberry Music Festival ticket was 380 bucks,380,CNY,music festival,anchor,2026-08-31
影视演出,zh,京剧演出票180元,180,CNY,京剧,anchor,2026-08-31
影视演出,en,Peking opera ticket cost 180 yuan,180,CNY,Peking opera,anchor,2026-08-31
影视演出,zh,香港迪士尼乐园一日票639HKD,639,HKD,迪士尼,anchor,2026-08-31
影视演出,en,HK Disneyland one-day ticket 639 HKD,639,HKD,Disneyland,anchor,2026-08-31
影视演出,zh,优酷会员月卡20元,20,CNY,视频会员,anchor,2026-08-31
影视演出,en,Youku monthly pass cost 20 yuan,20,CNY,streaming membership,anchor,2026-08-31
影视演出,zh,音乐剧门票480块,480,CNY,音乐剧,anchor,2026-08-31
影视演出,en,Musical ticket was 480 bucks,480,CNY,musical,anchor,2026-08-31
影视演出,zh,舞剧演出票380元,380,CNY,舞剧,anchor,2026-08-31
影视演出,en,Dance performance ticket cost 380 yuan,380,CNY,dance show,anchor,2026-08-31
影视演出,zh,8月31日跨年演唱会门票880块,880,CNY,跨年演唱会,ymd:2026-08-31,2026-08-31
影视演出,en,New Year concert ticket on Aug 31 cost 880 bucks,880,CNY,New Year concert,ymd:2026-08-31,2026-08-31
影视演出,zh,香港电影节开幕影片120HKD,120,HKD,电影节,anchor,2026-08-31
影视演出,en,HK Film Festival opening film 120 HKD,120,HKD,film festival,anchor,2026-08-31
影视演出,zh,B站大会员年卡148元,148,CNY,视频会员,anchor,2026-08-31
影视演出,en,Bilibili annual membership cost 148 yuan,148,CNY,streaming membership,anchor,2026-08-31
影视演出,zh,Livehouse演出票150块,150,CNY,Livehouse,anchor,2026-08-31
影视演出,en,Livehouse show ticket was 150 bucks,150,CNY,Livehouse,anchor,2026-08-31
影视演出,zh,杂技表演门票80元,80,CNY,杂技,anchor,2026-08-31
影视演出,en,Acrobatics show ticket cost 80 yuan,80,CNY,acrobatics,anchor,2026-08-31
影视演出,zh,看了场话剧门票花了180元,180,CNY,话剧,anchor,2026-08-31
影视演出,en,Stage play ticket cost 180 yuan,180,CNY,stage play,anchor,2026-08-31
影视演出,zh,芒果TV会员月卡19元,19,CNY,视频会员,anchor,2026-08-31
影视演出,en,Mango TV monthly pass cost 19 yuan,19,CNY,streaming membership,anchor,2026-08-31
影视演出,zh,德云社相声票280块,280,CNY,相声,anchor,2026-08-31
影视演出,en,Deyun Club crosstalk ticket was 280 bucks,280,CNY,crosstalk,anchor,2026-08-31
影视演出,zh,儿童剧门票120元,120,CNY,儿童剧,anchor,2026-08-31
影视演出,en,Children's theater ticket cost 120 yuan,120,CNY,children's theater,anchor,2026-08-31
影视演出,zh,电音节门票680块,680,CNY,电音节,anchor,2026-08-31
影视演出,en,EDM festival ticket was 680 bucks,680,CNY,EDM festival,anchor,2026-08-31
影视演出,zh,香港文化中心演出200HKD,200,HKD,演出,anchor,2026-08-31
影视演出,en,HK Cultural Centre show cost 200 HKD,200,HKD,performance,anchor,2026-08-31
影视演出,zh,私人影院两小时100元,100,CNY,私人影院,anchor,2026-08-31
影视演出,en,Private cinema two hours cost 100 yuan,100,CNY,private cinema,anchor,2026-08-31
影视演出,zh,摇滚乐队巡演280块,280,CNY,巡演,anchor,2026-08-31
影视演出,en,Rock band tour ticket was 280 bucks,280,CNY,tour concert,anchor,2026-08-31
影视演出,zh,戏曲表演门票50元,50,CNY,戏曲,anchor,2026-08-31
影视演出,en,Chinese opera ticket cost 50 yuan,50,CNY,Chinese opera,anchor,2026-08-31
影视演出,zh,香港昂坪360缆车门票235HKD,235,HKD,缆车,anchor,2026-08-31
影视演出,en,HK Ngong Ping 360 cable car ticket 235 HKD,235,HKD,cable car,anchor,2026-08-31
影视演出,zh,网易云音乐黑胶年卡128元,128,CNY,音乐会员,anchor,2026-08-31
影视演出,en,NetEase Music annual pass cost 128 yuan,128,CNY,music membership,anchor,2026-08-31
影视演出,zh,脱口秀专场128块,128,CNY,脱口秀,anchor,2026-08-31
影视演出,en,Stand-up comedy special was 128 bucks,128,CNY,stand-up comedy,anchor,2026-08-31
影视演出,zh,芭蕾舞剧门票580元,580,CNY,芭蕾舞剧,anchor,2026-08-31
影视演出,en,Ballet ticket cost 580 yuan,580,CNY,ballet,anchor,2026-08-31
影视演出,zh,音乐节VIP票980块,980,CNY,音乐节VIP,anchor,2026-08-31
影视演出,en,Music festival VIP ticket was 980 bucks,980,CNY,festival VIP,anchor,2026-08-31
影视演出,zh,香港太空馆天象厅30HKD,30,HKD,太空馆,anchor,2026-08-31
影视演出,en,HK Space Museum planetarium 30 HKD,30,HKD,space museum,anchor,2026-08-31
影视演出,zh,腾讯体育会员月卡30元,30,CNY,体育会员,anchor,2026-08-31
影视演出,en,Tencent Sports monthly pass cost 30 yuan,30,CNY,sports membership,anchor,2026-08-31
影视演出,zh,话剧暗恋桃花源380块,380,CNY,话剧,anchor,2026-08-31
影视演出,en,Stage play Peach Blossom Land was 380 bucks,380,CNY,stage play,anchor,2026-08-31
影视演出,zh,木偶剧演出60元,60,CNY,木偶剧,anchor,2026-08-31
影视演出,en,Puppet show ticket cost 60 yuan,60,CNY,puppet show,anchor,2026-08-31
影视演出,zh,香港科学馆门票30HKD,30,HKD,科学馆,anchor,2026-08-31
影视演出,en,HK Science Museum ticket 30 HKD,30,HKD,science museum,anchor,2026-08-31
影视演出,zh,爱奇艺奇异果会员年卡298元,298,CNY,视频会员,anchor,2026-08-31
影视演出,en,iQiyi TV annual membership cost 298 yuan,298,CNY,streaming membership,anchor,2026-08-31
影视演出,zh,相声专场演出199块,199,CNY,相声,anchor,2026-08-31
影视演出,en,Crosstalk special show was 199 bucks,199,CNY,crosstalk,anchor,2026-08-31
影视演出,zh,经典电影重映票40元,40,CNY,电影,anchor,2026-08-31
影视演出,en,Classic film re-release ticket cost 40 yuan,40,CNY,movie,anchor,2026-08-31
影视演出,zh,香港红馆演唱会门票880HKD,880,HKD,红馆演唱会,anchor,2026-08-31
影视演出,en,HK Coliseum concert ticket 880 HKD,880,HKD,Coliseum concert,anchor,2026-08-31
影视演出,zh,优酷酷喵会员年卡248元,248,CNY,视频会员,anchor,2026-08-31
影视演出,en,Youku TV annual pass cost 248 yuan,248,CNY,streaming membership,anchor,2026-08-31
影视演出,zh,漫展门票80块,80,CNY,漫展,anchor,2026-08-31
影视演出,en,Comic convention ticket was 80 bucks,80,CNY,comic con,anchor,2026-08-31
运动健身,zh,昨天健身卡年卡花了2400元,2400,CNY,健身年卡,rel:-1,2026-08-30
运动健身,en,Spent 2400 yuan on gym annual pass yesterday,2400,CNY,Gym annual pass,rel:-1,2026-08-30
运动健身,zh,私教课一节花了300块,300,CNY,私教,anchor,2026-08-31
运动健身,en,Private training session cost 300 bucks,300,CNY,Private training,anchor,2026-08-31
运动健身,zh,这一周每天羽毛球场地费花了120HKD,120,HKD,羽毛球,week:0,2026-08-31|2026-09-01|2026-09-02|2026-09-03|2026-09-04|2026-09-05|2026-09-06
运动健身,en,Badminton court fee 120 HKD every day this week,120,HKD,Badminton,week:0,2026-08-31|2026-09-01|2026-09-02|2026-09-03|2026-09-04|2026-09-05|2026-09-06
运动健身,zh,游泳票花了50元,50,CNY,游泳,anchor,2026-08-31
运动健身,en,Swimming ticket 50 yuan,50,CNY,Swimming,anchor,2026-08-31
运动健身,zh,瑜伽课月卡花了800块,800,CNY,瑜伽,anchor,2026-08-31
运动健身,en,Yoga monthly pass 800 bucks,800,CNY,Yoga,anchor,2026-08-31
运动健身,zh,篮球馆包场花了400元,400,CNY,篮球,anchor,2026-08-31
运动健身,en,Basketball court rental 400 yuan,400,CNY,Basketball,anchor,2026-08-31
运动健身,zh,高尔夫练习场花了500HKD,500,HKD,高尔夫,anchor,2026-08-31
运动健身,en,Golf driving range 500 HKD,500,HKD,Golf,anchor,2026-08-31
运动健身,zh,跑步装备花了350元,350,CNY,跑步装备,anchor,2026-08-31
运动健身,en,Running gear 350 yuan,350,CNY,Running gear,anchor,2026-08-31
运动健身,zh,8月16日海外滑雪票200USD,200,USD,滑雪,ymd:2026-08-16,2026-08-16
运动健身,en,Overseas ski ticket 200 USD on August 16,200,USD,Skiing,ymd:2026-08-16,2026-08-16
运动健身,zh,乒乓球台租赁花了60块,60,CNY,乒乓球,anchor,2026-08-31
运动健身,en,Table tennis table rental 60 bucks,60,CNY,Table tennis,anchor,2026-08-31
运动健身,zh,健身房季卡800元,800,CNY,健身季卡,anchor,2026-08-31
运动健身,en,Gym quarterly pass 800 yuan,800,CNY,Gym quarterly pass,anchor,2026-08-31
运动健身,zh,拳击课一节180块,180,CNY,拳击,anchor,2026-08-31
运动健身,en,Boxing class 180 bucks per session,180,CNY,Boxing,anchor,2026-08-31
运动健身,zh,今天到后天香港网球场一小时都150HKD,150,HKD,网球,span:0:2,2026-08-31|2026-09-01|2026-09-02
运动健身,en,HK tennis court 150 HKD per hour today through day after tomorrow,150,HKD,Tennis,span:0:2,2026-08-31|2026-09-01|2026-09-02
运动健身,zh,保龄球三局80元,80,CNY,保龄球,anchor,2026-08-31
运动健身,en,Bowling three games 80 yuan,80,CNY,Bowling,anchor,2026-08-31
运动健身,zh,舞蹈班月卡600块,600,CNY,舞蹈班,anchor,2026-08-31
运动健身,en,Dance class monthly pass 600 bucks,600,CNY,Dance class,anchor,2026-08-31
运动健身,zh,击剑体验课198元,198,CNY,击剑,anchor,2026-08-31
运动健身,en,Fencing trial class 198 yuan,198,CNY,Fencing,anchor,2026-08-31
运动健身,zh,香港健身中心月卡800HKD,800,HKD,健身月卡,anchor,2026-08-31
运动健身,en,HK gym monthly pass 800 HKD,800,HKD,Gym monthly pass,anchor,2026-08-31
运动健身,zh,轮滑场地费30元,30,CNY,轮滑,anchor,2026-08-31
运动健身,en,Roller skating rink fee 30 yuan,30,CNY,Roller skating,anchor,2026-08-31
运动健身,zh,本周日散打课一节150块,150,CNY,散打,weekday:7,2026-09-06
运动健身,en,Sanda class 150 bucks this Sunday,150,CNY,Sanda,weekday:7,2026-09-06
运动健身,zh,壁球馆一小时100元,100,CNY,壁球,anchor,2026-08-31
运动健身,en,Squash court one hour 100 yuan,100,CNY,Squash,anchor,2026-08-31
运动健身,zh,香港保龄球城50HKD一局,50,HKD,保龄球,anchor,2026-08-31
运动健身,en,HK bowling alley 50 HKD per game,50,HKD,Bowling,anchor,2026-08-31
运动健身,zh,动感单车月卡300元,300,CNY,动感单车,anchor,2026-08-31
运动健身,en,Spin class monthly pass 300 yuan,300,CNY,Spin class,anchor,2026-08-31
运动健身,zh,普拉提一节280块,280,CNY,普拉提,anchor,2026-08-31
运动健身,en,Pilates session 280 bucks,280,CNY,Pilates,anchor,2026-08-31
运动健身,zh,射箭馆一小时80元,80,CNY,射箭,anchor,2026-08-31
运动健身,en,Archery range one hour 80 yuan,80,CNY,Archery,anchor,2026-08-31
运动健身,zh,香港攀石场180HKD,180,HKD,攀石,anchor,2026-08-31
运动健身,en,HK rock climbing gym 180 HKD,180,HKD,Rock climbing,anchor,2026-08-31
运动健身,zh,8月14日健身房次卡20次500元,500,CNY,次卡,ymd:2026-08-14,2026-08-14
运动健身,en,Gym 20-visit pass 500 yuan on August 14,500,CNY,Visit pass,ymd:2026-08-14,2026-08-14
运动健身,zh,跆拳道月卡400块,400,CNY,跆拳道,anchor,2026-08-31
运动健身,en,Taekwondo monthly pass 400 bucks,400,CNY,Taekwondo,anchor,2026-08-31
运动健身,zh,潜水体验课380元,380,CNY,潜水,anchor,2026-08-31
运动健身,en,Diving trial class 380 yuan,380,CNY,Diving,anchor,2026-08-31
运动健身,zh,香港冲浪教学500HKD,500,HKD,冲浪,anchor,2026-08-31
运动健身,en,HK surf lesson 500 HKD,500,HKD,Surfing,anchor,2026-08-31
运动健身,zh,乒乓球培训一期1200元,1200,CNY,乒乓球培训,anchor,2026-08-31
运动健身,en,Table tennis training course 1200 yuan,1200,CNY,Table tennis training,anchor,2026-08-31
运动健身,zh,上周六买了羽毛球拍一支800块,800,CNY,球拍,weekday:-1:6,2026-08-29
运动健身,en,Bought badminton racket 800 bucks last Saturday,800,CNY,Racket,weekday:-1:6,2026-08-29
运动健身,zh,瑜伽垫一张128元,128,CNY,瑜伽垫,anchor,2026-08-31
运动健身,en,Yoga mat 128 yuan,128,CNY,Yoga mat,anchor,2026-08-31
运动健身,zh,香港健身私教400HKD一节,400,HKD,私教,anchor,2026-08-31
运动健身,en,HK gym private training 400 HKD per session,400,HKD,Private training,anchor,2026-08-31
运动健身,zh,篮球一双600元,600,CNY,篮球鞋,anchor,2026-08-31
运动健身,en,Basketball shoes 600 yuan,600,CNY,Basketball shoes,anchor,2026-08-31
运动健身,zh,游泳培训10节课1500块,1500,CNY,游泳培训,anchor,2026-08-31
运动健身,en,Swimming lessons 10 sessions 1500 bucks,1500,CNY,Swimming lessons,anchor,2026-08-31
运动健身,zh,跑步机一台2999元,2999,CNY,跑步机,anchor,2026-08-31
运动健身,en,Treadmill 2999 yuan,2999,CNY,Treadmill,anchor,2026-08-31
运动健身,zh,香港瑜伽中心月卡900HKD,900,HKD,瑜伽月卡,anchor,2026-08-31
运动健身,en,HK yoga center monthly pass 900 HKD,900,HKD,Yoga monthly pass,anchor,2026-08-31
运动健身,zh,哑铃套装500元,500,CNY,哑铃,anchor,2026-08-31
运动健身,en,Dumbbell set 500 yuan,500,CNY,Dumbbells,anchor,2026-08-31
运动健身,zh,羽毛球线更换30块,30,CNY,换线,anchor,2026-08-31
运动健身,en,Badminton string restring 30 bucks,30,CNY,String restring,anchor,2026-08-31
运动健身,zh,护膝护腕套装88元,88,CNY,护具,anchor,2026-08-31
运动健身,en,Knee and wrist guard set 88 yuan,88,CNY,Protective gear,anchor,2026-08-31
运动健身,zh,香港运动用品店买鞋800HKD,800,HKD,运动鞋,anchor,2026-08-31
运动健身,en,Sports shoes at HK sports store 800 HKD,800,HKD,Sports shoes,anchor,2026-08-31
运动健身,zh,健身蛋白粉320元,320,CNY,蛋白粉,anchor,2026-08-31
运动健身,en,Protein powder 320 yuan,320,CNY,Protein powder,anchor,2026-08-31
运动健身,zh,乒乓球拍一副200块,200,CNY,球拍,anchor,2026-08-31
运动健身,en,Table tennis paddle set 200 bucks,200,CNY,Racket,anchor,2026-08-31
运动健身,zh,速干运动衣150元,150,CNY,运动衣,anchor,2026-08-31
运动健身,en,Quick-dry sport shirt 150 yuan,150,CNY,Sport shirt,anchor,2026-08-31
运动健身,zh,香港健身手套150HKD,150,HKD,健身手套,anchor,2026-08-31
运动健身,en,HK gym gloves 150 HKD,150,HKD,Gym gloves,anchor,2026-08-31
运动健身,zh,游泳镜一副128元,128,CNY,泳镜,anchor,2026-08-31
运动健身,en,Swimming goggles 128 yuan,128,CNY,Swim goggles,anchor,2026-08-31
运动健身,zh,篮球比赛报名费100块,100,CNY,报名费,anchor,2026-08-31
运动健身,en,Basketball tournament entry fee 100 bucks,100,CNY,Entry fee,anchor,2026-08-31
运动健身,zh,运动背包299元,299,CNY,运动包,anchor,2026-08-31
运动健身,en,Sports backpack 299 yuan,299,CNY,Sports bag,anchor,2026-08-31
运动健身,zh,香港羽毛球馆80HKD每小时,80,HKD,羽毛球,anchor,2026-08-31
运动健身,en,HK badminton court 80 HKD per hour,80,HKD,Badminton,anchor,2026-08-31
运动健身,zh,香港健身月卡1000HKD,1000,HKD,健身月卡,anchor,2026-08-31
运动健身,en,HK gym monthly pass 1000 HKD,1000,HKD,Gym monthly pass,anchor,2026-08-31
旅游度假,zh,昨天三亚旅游花了5000元,5000,CNY,三亚游,rel:-1,2026-08-30
旅游度假,en,Sanya trip cost 5000 yuan yesterday,5000,CNY,Sanya trip,rel:-1,2026-08-30
旅游度假,zh,省内游跟团花了1200块,1200,CNY,跟团游,anchor,2026-08-31
旅游度假,en,Provincial group tour 1200 bucks,1200,CNY,Group tour,anchor,2026-08-31
旅游度假,zh,日本旅行花了8000HKD,8000,HKD,日本游,anchor,2026-08-31
旅游度假,en,Japan trip 8000 HKD,8000,HKD,Japan trip,anchor,2026-08-31
旅游度假,zh,景区门票花了180元,180,CNY,景区门票,anchor,2026-08-31
旅游度假,en,Scenic spot ticket 180 yuan,180,CNY,Scenic ticket,anchor,2026-08-31
旅游度假,zh,跟团游团费3500块,3500,CNY,跟团游,anchor,2026-08-31
旅游度假,en,Group tour fee 3500 bucks,3500,CNY,Group tour,anchor,2026-08-31
旅游度假,zh,本周五云南自由行花了6000元,6000,CNY,自由行,weekday:5,2026-09-04
旅游度假,en,Yunnan self-drive trip 6000 yuan this Friday,6000,CNY,Self-drive trip,weekday:5,2026-09-04
旅游度假,zh,泰国旅游花了12000HKD,12000,HKD,泰国游,anchor,2026-08-31
旅游度假,en,Thailand trip 12000 HKD,12000,HKD,Thailand trip,anchor,2026-08-31
旅游度假,zh,导游小费花了200元,200,CNY,导游小费,anchor,2026-08-31
旅游度假,en,Tour guide tip 200 yuan,200,CNY,Guide tip,anchor,2026-08-31
旅游度假,zh,欧洲游花费2000USD,2000,USD,欧洲游,anchor,2026-08-31
旅游度假,en,Europe trip 2000 USD,2000,USD,Europe trip,anchor,2026-08-31
旅游度假,zh,周边自驾游花了800块,800,CNY,自驾游,anchor,2026-08-31
旅游度假,en,Nearby road trip 800 bucks,800,CNY,Road trip,anchor,2026-08-31
旅游度假,zh,8月7日成都重庆旅游4000元,4000,CNY,川渝游,ymd:2026-08-07,2026-08-07
旅游度假,en,Chengdu Chongqing trip 4000 yuan on August 7,4000,CNY,Sichuan Chongqing trip,ymd:2026-08-07,2026-08-07
旅游度假,zh,海岛游跟团3800块,3800,CNY,海岛游,anchor,2026-08-31
旅游度假,en,Island group tour 3800 bucks,3800,CNY,Island trip,anchor,2026-08-31
旅游度假,zh,韩国济州岛5000HKD,5000,HKD,济州岛,anchor,2026-08-31
旅游度假,en,Jeju Island trip 5000 HKD,5000,HKD,Jeju Island,anchor,2026-08-31
旅游度假,zh,古镇一日游199元,199,CNY,古镇游,anchor,2026-08-31
旅游度假,en,Ancient town day trip 199 yuan,199,CNY,Ancient town trip,anchor,2026-08-31
旅游度假,zh,亲子游乐园行1500块,1500,CNY,亲子游,anchor,2026-08-31
旅游度假,en,Family theme park trip 1500 bucks,1500,CNY,Family trip,anchor,2026-08-31
旅游度假,zh,新疆自驾游10000元,10000,CNY,新疆自驾,anchor,2026-08-31
旅游度假,en,Xinjiang road trip 10000 yuan,10000,CNY,Xinjiang road trip,anchor,2026-08-31
旅游度假,zh,新加坡旅游8000HKD,8000,HKD,新加坡游,anchor,2026-08-31
旅游度假,en,Singapore trip 8000 HKD,8000,HKD,Singapore trip,anchor,2026-08-31
旅游度假,zh,漂流门票180元,180,CNY,漂流,anchor,2026-08-31
旅游度假,en,Rafting ticket 180 yuan,180,CNY,Rafting,anchor,2026-08-31
旅游度假,zh,登山徒步团300块,300,CNY,徒步,anchor,2026-08-31
旅游度假,en,Hiking group tour 300 bucks,300,CNY,Hiking,anchor,2026-08-31
旅游度假,zh,马尔代夫蜜月游20000元,20000,CNY,蜜月游,anchor,2026-08-31
旅游度假,en,Maldives honeymoon trip 20000 yuan,20000,CNY,Honeymoon trip,anchor,2026-08-31
旅游度假,zh,今天明天香港本地一日游都300HKD,300,HKD,香港一日游,"rel:0,1",2026-08-31|2026-09-01
旅游度假,en,HK local day trip 300 HKD today and tomorrow,300,HKD,HK day trip,"rel:0,1",2026-08-31|2026-09-01
旅游度假,zh,张家界旅游2500元,2500,CNY,张家界,anchor,2026-08-31
旅游度假,en,Zhangjiajie trip 2500 yuan,2500,CNY,Zhangjiajie,anchor,2026-08-31
旅游度假,zh,游轮游三天两晚1800块,1800,CNY,游轮游,anchor,2026-08-31
旅游度假,en,Cruise trip three days two nights 1800 bucks,1800,CNY,Cruise trip,anchor,2026-08-31
旅游度假,zh,台湾环岛游12000HKD,12000,HKD,环岛游,anchor,2026-08-31
旅游度假,en,Taiwan island tour 12000 HKD,12000,HKD,Island tour,anchor,2026-08-31
旅游度假,zh,草原五日游3000元,3000,CNY,草原游,anchor,2026-08-31
旅游度假,en,Grassland five-day tour 3000 yuan,3000,CNY,Grassland trip,anchor,2026-08-31
旅游度假,zh,温泉度假村两日游880块,880,CNY,温泉度假,anchor,2026-08-31
旅游度假,en,Hot spring resort two-day trip 880 bucks,880,CNY,Hot spring resort,anchor,2026-08-31
旅游度假,zh,香港离岛游200HKD,200,HKD,离岛游,anchor,2026-08-31
旅游度假,en,HK outlying island trip 200 HKD,200,HKD,Outlying island trip,anchor,2026-08-31
旅游度假,zh,西藏旅行8000元,8000,CNY,西藏游,anchor,2026-08-31
旅游度假,en,Tibet trip 8000 yuan,8000,CNY,Tibet trip,anchor,2026-08-31
旅游度假,zh,摄影团采风1500块,1500,CNY,摄影团,anchor,2026-08-31
旅游度假,en,Photo tour group 1500 bucks,1500,CNY,Photo tour,anchor,2026-08-31
旅游度假,zh,美国东西海岸游20000HKD,20000,HKD,美国游,anchor,2026-08-31
旅游度假,en,US coast-to-coast trip 20000 HKD,20000,HKD,US trip,anchor,2026-08-31
旅游度假,zh,黄山旅游1200元,1200,CNY,黄山,anchor,2026-08-31
旅游度假,en,Huangshan trip 1200 yuan,1200,CNY,Huangshan,anchor,2026-08-31
旅游度假,zh,农家乐两日游600块,600,CNY,农家乐,anchor,2026-08-31
旅游度假,en,Farm stay two-day trip 600 bucks,600,CNY,Farm stay,anchor,2026-08-31
旅游度假,zh,港澳五日游3000HKD,3000,HKD,港澳游,anchor,2026-08-31
旅游度假,en,Hong Kong Macau five-day tour 3000 HKD,3000,HKD,HK Macau trip,anchor,2026-08-31
旅游度假,zh,桂林山水游1800元,1800,CNY,桂林游,anchor,2026-08-31
旅游度假,en,Guilin landscape trip 1800 yuan,1800,CNY,Guilin trip,anchor,2026-08-31
旅游度假,zh,沙漠穿越团2500块,2500,CNY,沙漠穿越,anchor,2026-08-31
旅游度假,en,Desert crossing tour 2500 bucks,2500,CNY,Desert crossing,anchor,2026-08-31
旅游度假,zh,香港长洲岛一日游150HKD,150,HKD,长洲岛,anchor,2026-08-31
旅游度假,en,HK Cheung Chau day trip 150 HKD,150,HKD,Cheung Chau,anchor,2026-08-31
旅游度假,zh,西安古都游2000元,2000,CNY,西安游,anchor,2026-08-31
旅游度假,en,Xi'an ancient capital trip 2000 yuan,2000,CNY,Xi'an trip,anchor,2026-08-31
旅游度假,zh,滑雪度假三日游1500块,1500,CNY,滑雪度假,anchor,2026-08-31
旅游度假,en,Ski resort three-day trip 1500 bucks,1500,CNY,Ski resort trip,anchor,2026-08-31
旅游度假,zh,澳大利亚游15000HKD,15000,HKD,澳洲游,anchor,2026-08-31
旅游度假,en,Australia trip 15000 HKD,15000,HKD,Australia trip,anchor,2026-08-31
旅游度假,zh,武夷山旅游800元,800,CNY,武夷山,anchor,2026-08-31
旅游度假,en,Wuyi Mountain trip 800 yuan,800,CNY,Wuyi Mountain,anchor,2026-08-31
旅游度假,zh,海滨度假一周5000块,5000,CNY,海滨度假,anchor,2026-08-31
旅游度假,en,Beach resort one week 5000 bucks,5000,CNY,Beach resort,anchor,2026-08-31
旅游度假,zh,香港南丫岛一日游180HKD,180,HKD,南丫岛,anchor,2026-08-31
旅游度假,en,HK Lamma Island day trip 180 HKD,180,HKD,Lamma Island,anchor,2026-08-31
旅游度假,zh,九寨沟旅游2200元,2200,CNY,九寨沟,anchor,2026-08-31
旅游度假,en,Jiuzhaigou trip 2200 yuan,2200,CNY,Jiuzhaigou,anchor,2026-08-31
旅游度假,zh,美食团逛吃800块,800,CNY,美食团,anchor,2026-08-31
旅游度假,en,Food tour eating trip 800 bucks,800,CNY,Food tour,anchor,2026-08-31
旅游度假,zh,欧洲十国游25000HKD,25000,HKD,欧洲多国游,anchor,2026-08-31
旅游度假,en,Ten-country Europe tour 25000 HKD,25000,HKD,Multi-country Europe trip,anchor,2026-08-31
旅游度假,zh,长白山旅游1800元,1800,CNY,长白山,anchor,2026-08-31
旅游度假,en,Changbai Mountain trip 1800 yuan,1800,CNY,Changbai Mountain,anchor,2026-08-31
旅游度假,zh,露营装备租赁300块,300,CNY,露营,anchor,2026-08-31
旅游度假,en,Camping gear rental 300 bucks,300,CNY,Camping,anchor,2026-08-31
旅游度假,zh,香港大屿山一日游250HKD,250,HKD,大屿山,anchor,2026-08-31
旅游度假,en,HK Lantau day trip 250 HKD,250,HKD,Lantau,anchor,2026-08-31
旅游度假,zh,丽江大理游3000元,3000,CNY,丽江大理,anchor,2026-08-31
旅游度假,en,Lijiang Dali trip 3000 yuan,3000,CNY,Lijiang Dali,anchor,2026-08-31
旅游度假,zh,签证办理费500块,500,CNY,签证费,anchor,2026-08-31
旅游度假,en,Visa application fee 500 bucks,500,CNY,Visa fee,anchor,2026-08-31
酒店住宿,zh,昨天酒店住一晚花了380元,380,CNY,酒店,rel:-1,2026-08-30
酒店住宿,en,Hotel one night 380 yuan yesterday,380,CNY,Hotel,rel:-1,2026-08-30
酒店住宿,zh,民宿两晚花了600块,600,CNY,民宿,anchor,2026-08-31
酒店住宿,en,Homestay two nights 600 bucks,600,CNY,Homestay,anchor,2026-08-31
酒店住宿,zh,香港酒店一晚1200HKD,1200,HKD,香港酒店,anchor,2026-08-31
酒店住宿,en,HK hotel one night 1200 HKD,1200,HKD,HK hotel,anchor,2026-08-31
酒店住宿,zh,出差住宿报销前花了450元,450,CNY,出差住宿,anchor,2026-08-31
酒店住宿,en,Business trip lodging 450 yuan before reimbursement,450,CNY,Business lodging,anchor,2026-08-31
酒店住宿,zh,本周四五星级酒店一晚1800块,1800,CNY,五星级,weekday:4,2026-09-03
酒店住宿,en,Five-star hotel one night 1800 bucks this Thursday,1800,CNY,Five-star hotel,weekday:4,2026-09-03
酒店住宿,zh,快捷酒店住三晚花了750元,750,CNY,快捷酒店,anchor,2026-08-31
酒店住宿,en,Budget hotel three nights 750 yuan,750,CNY,Budget hotel,anchor,2026-08-31
酒店住宿,zh,海景酒店一晚2500HKD,2500,HKD,海景酒店,anchor,2026-08-31
酒店住宿,en,Sea-view hotel one night 2500 HKD,2500,HKD,Sea-view hotel,anchor,2026-08-31
酒店住宿,zh,青旅床位花了80元,80,CNY,青旅,anchor,2026-08-31
酒店住宿,en,Hostel bunk 80 yuan,80,CNY,Hostel,anchor,2026-08-31
酒店住宿,zh,海外酒店一晚300USD,300,USD,海外酒店,anchor,2026-08-31
酒店住宿,en,Overseas hotel one night 300 USD,300,USD,Overseas hotel,anchor,2026-08-31
酒店住宿,zh,钟点房花了120块,120,CNY,钟点房,anchor,2026-08-31
酒店住宿,en,Hourly room 120 bucks,120,CNY,Hourly room,anchor,2026-08-31
酒店住宿,zh,8月6日连锁酒店标间一晚280元,280,CNY,连锁酒店,ymd:2026-08-06,2026-08-06
酒店住宿,en,Chain hotel standard room 280 yuan on August 6,280,CNY,Chain hotel,ymd:2026-08-06,2026-08-06
酒店住宿,zh,度假别墅一晚3000块,3000,CNY,度假别墅,anchor,2026-08-31
酒店住宿,en,Vacation villa one night 3000 bucks,3000,CNY,Vacation villa,anchor,2026-08-31
酒店住宿,zh,香港铜锣湾酒店一晚1800HKD,1800,HKD,铜锣湾,anchor,2026-08-31
酒店住宿,en,HK Causeway Bay hotel one night 1800 HKD,1800,HKD,Causeway Bay,anchor,2026-08-31
酒店住宿,zh,商务酒店一晚320元,320,CNY,商务酒店,anchor,2026-08-31
酒店住宿,en,Business hotel one night 320 yuan,320,CNY,Business hotel,anchor,2026-08-31
酒店住宿,zh,主题酒店一晚480块,480,CNY,主题酒店,anchor,2026-08-31
酒店住宿,en,Theme hotel one night 480 bucks,480,CNY,Theme hotel,anchor,2026-08-31
酒店住宿,zh,机场附近酒店一晚350元,350,CNY,机场酒店,anchor,2026-08-31
酒店住宿,en,Airport hotel one night 350 yuan,350,CNY,Airport hotel,anchor,2026-08-31
酒店住宿,zh,香港尖沙咀酒店一晚2000HKD,2000,HKD,尖沙咀,anchor,2026-08-31
酒店住宿,en,HK Tsim Sha Tsui hotel one night 2000 HKD,2000,HKD,Tsim Sha Tsui,anchor,2026-08-31
酒店住宿,zh,民宿包院一天1500元,1500,CNY,包院,anchor,2026-08-31
酒店住宿,en,Homestay whole courtyard one day 1500 yuan,1500,CNY,Whole courtyard,anchor,2026-08-31
酒店住宿,zh,电竞酒店双人间一晚260块,260,CNY,电竞酒店,anchor,2026-08-31
酒店住宿,en,Esports hotel double room one night 260 bucks,260,CNY,Esports hotel,anchor,2026-08-31
酒店住宿,zh,温泉酒店一晚680元,680,CNY,温泉酒店,anchor,2026-08-31
酒店住宿,en,Hot spring hotel one night 680 yuan,680,CNY,Hot spring hotel,anchor,2026-08-31
酒店住宿,zh,8月27日香港迪士尼酒店一晚3000HKD,3000,HKD,迪士尼酒店,ymd:2026-08-27,2026-08-27
酒店住宿,en,HK Disneyland hotel one night 3000 HKD on August 27,3000,HKD,Disneyland hotel,ymd:2026-08-27,2026-08-27
酒店住宿,zh,招待所一晚80元,80,CNY,招待所,anchor,2026-08-31
酒店住宿,en,Guesthouse one night 80 yuan,80,CNY,Guesthouse,anchor,2026-08-31
酒店住宿,zh,公寓式酒店两晚800块,800,CNY,公寓酒店,anchor,2026-08-31
酒店住宿,en,Serviced apartment two nights 800 bucks,800,CNY,Serviced apartment,anchor,2026-08-31
酒店住宿,zh,海景民宿一晚580元,580,CNY,海景民宿,anchor,2026-08-31
酒店住宿,en,Sea-view homestay one night 580 yuan,580,CNY,Sea-view homestay,anchor,2026-08-31
酒店住宿,zh,香港旺角酒店一晚800HKD,800,HKD,旺角,anchor,2026-08-31
酒店住宿,en,HK Mong Kok hotel one night 800 HKD,800,HKD,Mong Kok,anchor,2026-08-31
酒店住宿,zh,全季酒店一晚350元,350,CNY,全季,anchor,2026-08-31
酒店住宿,en,Ji Hotel one night 350 yuan,350,CNY,Ji Hotel,anchor,2026-08-31
酒店住宿,zh,四合院民宿一晚1200块,1200,CNY,四合院,anchor,2026-08-31
酒店住宿,en,Courtyard homestay one night 1200 bucks,1200,CNY,Courtyard homestay,anchor,2026-08-31
酒店住宿,zh,香港中环酒店一晚2500HKD,2500,HKD,中环,anchor,2026-08-31
酒店住宿,en,HK Central hotel one night 2500 HKD,2500,HKD,Central,anchor,2026-08-31
酒店住宿,zh,如家酒店一晚220元,220,CNY,如家,anchor,2026-08-31
酒店住宿,en,Home Inn one night 220 yuan,220,CNY,Home Inn,anchor,2026-08-31
酒店住宿,zh,度假酒店三晚2400块,2400,CNY,度假酒店,anchor,2026-08-31
酒店住宿,en,Resort hotel three nights 2400 bucks,2400,CNY,Resort hotel,anchor,2026-08-31
酒店住宿,zh,江景酒店一晚420元,420,CNY,江景酒店,anchor,2026-08-31
酒店住宿,en,River-view hotel one night 420 yuan,420,CNY,River-view hotel,anchor,2026-08-31
酒店住宿,zh,香港油麻地酒店一晚600HKD,600,HKD,油麻地,anchor,2026-08-31
酒店住宿,en,HK Yau Ma Tei hotel one night 600 HKD,600,HKD,Yau Ma Tei,anchor,2026-08-31
酒店住宿,zh,汉庭酒店一晚199元,199,CNY,汉庭,anchor,2026-08-31
酒店住宿,en,Hanting hotel one night 199 yuan,199,CNY,Hanting,anchor,2026-08-31
酒店住宿,zh,网红民宿一晚520块,520,CNY,网红民宿,anchor,2026-08-31
酒店住宿,en,Trendy homestay one night 520 bucks,520,CNY,Trendy homestay,anchor,2026-08-31
酒店住宿,zh,香港机场酒店一晚1000HKD,1000,HKD,机场酒店,anchor,2026-08-31
酒店住宿,en,HK airport hotel one night 1000 HKD,1000,HKD,Airport hotel,anchor,2026-08-31
酒店住宿,zh,七天酒店一晚150元,150,CNY,七天,anchor,2026-08-31
酒店住宿,en,7 Days Inn one night 150 yuan,150,CNY,7 Days Inn,anchor,2026-08-31
酒店住宿,zh,精品酒店一晚380块,380,CNY,精品酒店,anchor,2026-08-31
酒店住宿,en,Boutique hotel one night 380 bucks,380,CNY,Boutique hotel,anchor,2026-08-31
酒店住宿,zh,山景民宿一晚280元,280,CNY,山景民宿,anchor,2026-08-31
酒店住宿,en,Mountain-view homestay one night 280 yuan,280,CNY,Mountain-view homestay,anchor,2026-08-31
酒店住宿,zh,香港北角酒店一晚700HKD,700,HKD,北角,anchor,2026-08-31
酒店住宿,en,HK North Point hotel one night 700 HKD,700,HKD,North Point,anchor,2026-08-31
酒店住宿,zh,维也纳酒店一晚260元,260,CNY,维也纳,anchor,2026-08-31
酒店住宿,en,Vienna hotel one night 260 yuan,260,CNY,Vienna hotel,anchor,2026-08-31
酒店住宿,zh,loft酒店一晚450块,450,CNY,loft酒店,anchor,2026-08-31
酒店住宿,en,Loft hotel one night 450 bucks,450,CNY,Loft hotel,anchor,2026-08-31
酒店住宿,zh,香港红磡酒店一晚900HKD,900,HKD,红磡,anchor,2026-08-31
酒店住宿,en,HK Hung Hom hotel one night 900 HKD,900,HKD,Hung Hom,anchor,2026-08-31
酒店住宿,zh,亚朵酒店一晚360元,360,CNY,亚朵,anchor,2026-08-31
酒店住宿,en,Atour hotel one night 360 yuan,360,CNY,Atour,anchor,2026-08-31
酒店住宿,zh,家庭套房一晚680块,680,CNY,家庭套房,anchor,2026-08-31
酒店住宿,en,Family suite one night 680 bucks,680,CNY,Family suite,anchor,2026-08-31
酒店住宿,zh,香港铜锣湾迷你酒店一晚500HKD,500,HKD,迷你酒店,anchor,2026-08-31
酒店住宿,en,HK Causeway Bay mini hotel one night 500 HKD,500,HKD,Mini hotel,anchor,2026-08-31
酒店住宿,zh,格林豪泰一晚200元,200,CNY,格林豪泰,anchor,2026-08-31
酒店住宿,en,GreenTree Inn one night 200 yuan,200,CNY,GreenTree Inn,anchor,2026-08-31
酒店住宿,zh,海边木屋一晚380块,380,CNY,海边木屋,anchor,2026-08-31
酒店住宿,en,Beach cabin one night 380 bucks,380,CNY,Beach cabin,anchor,2026-08-31
酒店住宿,zh,香港佐敦酒店一晚650HKD,650,HKD,佐敦,anchor,2026-08-31
酒店住宿,en,HK Jordan hotel one night 650 HKD,650,HKD,Jordan,anchor,2026-08-31
酒店住宿,zh,酒店押金500元,500,CNY,押金,anchor,2026-08-31
酒店住宿,en,Hotel deposit 500 yuan,500,CNY,Deposit,anchor,2026-08-31
酒店住宿,zh,加早餐每人50块,50,CNY,早餐,anchor,2026-08-31
酒店住宿,en,Added breakfast 50 bucks per person,50,CNY,Breakfast,anchor,2026-08-31
人情送礼,zh,昨天给朋友买生日礼物花了300元,300,CNY,生日礼物,rel:-1,2026-08-30
人情送礼,en,Bought friend birthday gift 300 yuan yesterday,300,CNY,Birthday gift,rel:-1,2026-08-30
人情送礼,zh,探望病人买果篮花了150块,150,CNY,探病,anchor,2026-08-31
人情送礼,en,Fruit basket for hospital visit 150 bucks,150,CNY,Hospital visit,anchor,2026-08-31
人情送礼,zh,给客户送伴手礼花了500HKD,500,HKD,客户伴手礼,anchor,2026-08-31
人情送礼,en,Client souvenir gift 500 HKD,500,HKD,Client souvenir,anchor,2026-08-31
人情送礼,zh,本周三教师节买花送老师花了200元,200,CNY,教师节,weekday:3,2026-09-02
人情送礼,en,Teachers Day flowers for teacher 200 yuan this Wednesday,200,CNY,Teachers Day,weekday:3,2026-09-02
人情送礼,zh,给长辈买营养品花了400块,400,CNY,长辈礼品,anchor,2026-08-31
人情送礼,en,Health supplements for elders 400 bucks,400,CNY,Elder gift,anchor,2026-08-31
人情送礼,zh,乔迁礼物花了888元,888,CNY,乔迁礼,anchor,2026-08-31
人情送礼,en,Housewarming gift 888 yuan,888,CNY,Housewarming gift,anchor,2026-08-31
人情送礼,zh,结婚礼物买首饰花了2000HKD,2000,HKD,结婚礼,anchor,2026-08-31
人情送礼,en,Wedding gift jewelry 2000 HKD,2000,HKD,Wedding gift,anchor,2026-08-31
人情送礼,zh,给同事买离职礼物花了150元,150,CNY,离职礼,anchor,2026-08-31
人情送礼,en,Coworker farewell gift 150 yuan,150,CNY,Farewell gift,anchor,2026-08-31
人情送礼,zh,给外国客户送礼100USD,100,USD,客户礼品,anchor,2026-08-31
人情送礼,en,Gift for foreign client 100 USD,100,USD,Client gift,anchor,2026-08-31
人情送礼,zh,满月礼物花了300块,300,CNY,满月礼,anchor,2026-08-31
人情送礼,en,Full moon gift 300 bucks,300,CNY,Full moon gift,anchor,2026-08-31
人情送礼,zh,春节给长辈买礼品500元,500,CNY,春节礼,anchor,2026-08-31
人情送礼,en,Spring Festival gift for elders 500 yuan,500,CNY,Spring Festival gift,anchor,2026-08-31
人情送礼,zh,端午节送粽子礼盒128块,128,CNY,端午礼,anchor,2026-08-31
人情送礼,en,Dragon Boat Festival zongzi gift box 128 bucks,128,CNY,Dragon Boat gift,anchor,2026-08-31
人情送礼,zh,香港客户送茶叶礼盒800HKD,800,HKD,茶叶礼盒,anchor,2026-08-31
人情送礼,en,Tea gift box for HK client 800 HKD,800,HKD,Tea gift box,anchor,2026-08-31
人情送礼,zh,中秋节送月饼礼盒200元,200,CNY,中秋礼,anchor,2026-08-31
人情送礼,en,Mid-Autumn mooncake gift box 200 yuan,200,CNY,Mid-Autumn gift,anchor,2026-08-31
人情送礼,zh,给领导买烟酒600块,600,CNY,领导礼品,anchor,2026-08-31
人情送礼,en,Cigarettes and liquor for boss 600 bucks,600,CNY,Boss gift,anchor,2026-08-31
人情送礼,zh,新生儿礼物套装399元,399,CNY,新生儿礼,anchor,2026-08-31
人情送礼,en,Newborn gift set 399 yuan,399,CNY,Newborn gift,anchor,2026-08-31
人情送礼,zh,香港朋友搬家送摆件1000HKD,1000,HKD,搬家礼,anchor,2026-08-31
人情送礼,en,Decor for HK friend moving 1000 HKD,1000,HKD,Moving gift,anchor,2026-08-31
人情送礼,zh,感恩节送老师鲜花180元,180,CNY,感恩礼,anchor,2026-08-31
人情送礼,en,Thanksgiving flowers for teacher 180 yuan,180,CNY,Thanksgiving gift,anchor,2026-08-31
人情送礼,zh,给客户定制礼品500块,500,CNY,定制礼品,anchor,2026-08-31
人情送礼,en,Custom gift for client 500 bucks,500,CNY,Custom gift,anchor,2026-08-31
人情送礼,zh,今天明天生日鲜花蛋糕都按288元记,288,CNY,生日礼,"rel:0,1",2026-08-31|2026-09-01
人情送礼,en,Birthday flowers and cake 288 yuan today and tomorrow,288,CNY,Birthday gift,"rel:0,1",2026-08-31|2026-09-01
人情送礼,zh,香港亲戚送礼金饰3000HKD,3000,HKD,金饰礼,anchor,2026-08-31
人情送礼,en,Gold jewelry gift for HK relative 3000 HKD,3000,HKD,Gold jewelry gift,anchor,2026-08-31
人情送礼,zh,毕业礼物送钢笔200元,200,CNY,毕业礼,anchor,2026-08-31
人情送礼,en,Graduation gift fountain pen 200 yuan,200,CNY,Graduation gift,anchor,2026-08-31
人情送礼,zh,探望长辈买牛奶水果150块,150,CNY,探长辈,anchor,2026-08-31
人情送礼,en,Milk and fruit visiting elders 150 bucks,150,CNY,Visiting elders,anchor,2026-08-31
人情送礼,zh,商务伴手礼每人80元,80,CNY,商务伴手礼,anchor,2026-08-31
人情送礼,en,Business souvenir 80 yuan per person,80,CNY,Business souvenir,anchor,2026-08-31
人情送礼,zh,香港客户送保健品500HKD,500,HKD,保健品礼,anchor,2026-08-31
人情送礼,en,Health supplements for HK client 500 HKD,500,HKD,Health supplement gift,anchor,2026-08-31
人情送礼,zh,8月14日情人节送女朋友礼物520元,520,CNY,情人节礼,ymd:2026-08-14,2026-08-14
人情送礼,en,Valentine gift for girlfriend 520 yuan on August 14,520,CNY,Valentine gift,ymd:2026-08-14,2026-08-14
人情送礼,zh,六一给孩子买玩具300块,300,CNY,六一礼物,anchor,2026-08-31
人情送礼,en,Children's Day toy for kid 300 bucks,300,CNY,Children's Day gift,anchor,2026-08-31
人情送礼,zh,重阳节送老人补品280元,280,CNY,重阳礼,anchor,2026-08-31
人情送礼,en,Double Ninth Festival tonic for elders 280 yuan,280,CNY,Double Ninth gift,anchor,2026-08-31
人情送礼,zh,香港朋友结婚送餐具套装800HKD,800,HKD,结婚餐具礼,anchor,2026-08-31
人情送礼,en,Tableware set for HK friend wedding 800 HKD,800,HKD,Wedding tableware gift,anchor,2026-08-31
人情送礼,zh,跨年礼物送朋友199元,199,CNY,跨年礼,anchor,2026-08-31
人情送礼,en,New Year gift for friend 199 yuan,199,CNY,New Year gift,anchor,2026-08-31
人情送礼,zh,给师傅买烟酒茶400块,400,CNY,师傅礼品,anchor,2026-08-31
人情送礼,en,Cigarettes tea liquor for mentor 400 bucks,400,CNY,Mentor gift,anchor,2026-08-31
人情送礼,zh,开业礼物送招财摆件666元,666,CNY,开业礼,anchor,2026-08-31
人情送礼,en,Grand opening lucky cat gift 666 yuan,666,CNY,Grand opening gift,anchor,2026-08-31
人情送礼,zh,香港客户送本地特产300HKD,300,HKD,本地特产,anchor,2026-08-31
人情送礼,en,Local specialty for HK client 300 HKD,300,HKD,Local specialty,anchor,2026-08-31
人情送礼,zh,母亲节送妈妈项链888元,888,CNY,母亲节礼,anchor,2026-08-31
人情送礼,en,Mother's Day necklace for mom 888 yuan,888,CNY,Mother's Day gift,anchor,2026-08-31
人情送礼,zh,父亲节送爸爸手表1200块,1200,CNY,父亲节礼,anchor,2026-08-31
人情送礼,en,Father's Day watch for dad 1200 bucks,1200,CNY,Father's Day gift,anchor,2026-08-31
人情送礼,zh,七夕送男朋友礼物500元,500,CNY,七夕礼,anchor,2026-08-31
人情送礼,en,Qixi gift for boyfriend 500 yuan,500,CNY,Qixi gift,anchor,2026-08-31
人情送礼,zh,香港闺蜜生日送香水600HKD,600,HKD,生日香水礼,anchor,2026-08-31
人情送礼,en,Perfume for HK best friend birthday 600 HKD,600,HKD,Birthday perfume gift,anchor,2026-08-31
人情送礼,zh,元宵节送花灯礼品100元,100,CNY,元宵礼,anchor,2026-08-31
人情送礼,en,Lantern Festival lantern gift 100 yuan,100,CNY,Lantern Festival gift,anchor,2026-08-31
人情送礼,zh,给客户送日历台历50块,50,CNY,日历礼,anchor,2026-08-31
人情送礼,en,Desk calendar for client 50 bucks,50,CNY,Calendar gift,anchor,2026-08-31
人情送礼,zh,升职礼物送钢笔礼盒280元,280,CNY,升职礼,anchor,2026-08-31
人情送礼,en,Promotion gift pen set 280 yuan,280,CNY,Promotion gift,anchor,2026-08-31
人情送礼,zh,香港同事离职送定制水杯200HKD,200,HKD,离职礼,anchor,2026-08-31
人情送礼,en,Custom mug for HK coworker leaving 200 HKD,200,HKD,Farewell gift,anchor,2026-08-31
人情送礼,zh,冬至送长辈保暖内衣300元,300,CNY,冬至礼,anchor,2026-08-31
人情送礼,en,Winter solstice thermal underwear for elders 300 yuan,300,CNY,Winter solstice gift,anchor,2026-08-31
人情送礼,zh,给孩子买升学礼物400块,400,CNY,升学礼,anchor,2026-08-31
人情送礼,en,School admission gift for child 400 bucks,400,CNY,School admission gift,anchor,2026-08-31
人情送礼,zh,圣诞节送苹果礼盒88元,88,CNY,圣诞礼,anchor,2026-08-31
人情送礼,en,Christmas apple gift box 88 yuan,88,CNY,Christmas gift,anchor,2026-08-31
人情送礼,zh,香港客户送定制钢笔500HKD,500,HKD,定制钢笔礼,anchor,2026-08-31
人情送礼,en,Custom pen for HK client 500 HKD,500,HKD,Custom pen gift,anchor,2026-08-31
人情送礼,zh,闺蜜礼物送香水300元,300,CNY,闺蜜礼,anchor,2026-08-31
人情送礼,en,Perfume gift for best friend 300 yuan,300,CNY,Best friend gift,anchor,2026-08-31
人情送礼,zh,战友聚会纪念品150块,150,CNY,纪念品,anchor,2026-08-31
人情送礼,en,Veteran reunion souvenir 150 bucks,150,CNY,Souvenir,anchor,2026-08-31
人情送礼,zh,老师退休礼物200元,200,CNY,退休礼,anchor,2026-08-31
人情送礼,en,Retirement gift for teacher 200 yuan,200,CNY,Retirement gift,anchor,2026-08-31
人情送礼,zh,香港朋友乔迁送绿植盆栽300HKD,300,HKD,乔迁绿植礼,anchor,2026-08-31
人情送礼,en,Houseplant for HK friend moving 300 HKD,300,HKD,Moving plant gift,anchor,2026-08-31
人情送礼,zh,香港同事生日送礼物300HKD,300,HKD,生日礼,anchor,2026-08-31
人情送礼,en,Birthday gift for HK coworker 300 HKD,300,HKD,Birthday gift,anchor,2026-08-31
红包礼金,zh,昨天给侄子发压岁钱红包2000块,2000,CNY,压岁钱,rel:-1,2026-08-30
红包礼金,en,Gave nephew New Year red packet 2000 bucks yesterday,2000,CNY,New Year money,rel:-1,2026-08-30
红包礼金,zh,朋友结婚随份子888元,888,CNY,结婚随礼,anchor,2026-08-31
红包礼金,en,Friend wedding gift money 888 yuan,888,CNY,Wedding gift money,anchor,2026-08-31
红包礼金,zh,微信群里发红包200HKD,200,HKD,群红包,anchor,2026-08-31
红包礼金,en,WeChat group red packet 200 HKD,200,HKD,Group red packet,anchor,2026-08-31
红包礼金,zh,生孩子随礼666元,666,CNY,满月随礼,anchor,2026-08-31
红包礼金,en,Baby birth gift money 666 yuan,666,CNY,Full moon gift money,anchor,2026-08-31
红包礼金,zh,过年给长辈包红包5000块,5000,CNY,过年红包,anchor,2026-08-31
红包礼金,en,New Year red packet for elders 5000 bucks,5000,CNY,New Year red packet,anchor,2026-08-31
红包礼金,zh,本周六乔迁之喜发红包1888元,1888,CNY,乔迁红包,weekday:6,2026-09-05
红包礼金,en,Housewarming red packet 1888 yuan this Saturday,1888,CNY,Housewarming red packet,weekday:6,2026-09-05
红包礼金,zh,生日红包发了520HKD,520,HKD,生日红包,anchor,2026-08-31
红包礼金,en,Birthday red packet 520 HKD,520,HKD,Birthday red packet,anchor,2026-08-31
红包礼金,zh,开工利是发了100元,100,CNY,开工利是,anchor,2026-08-31
红包礼金,en,Work resumption lai see 100 yuan,100,CNY,Work resumption lai see,anchor,2026-08-31
红包礼金,zh,海外朋友结婚随礼200USD,200,USD,海外随礼,anchor,2026-08-31
红包礼金,en,Overseas friend wedding gift 200 USD,200,USD,Overseas wedding gift,anchor,2026-08-31
红包礼金,zh,升学红包发了1000块,1000,CNY,升学红包,anchor,2026-08-31
红包礼金,en,School admission red packet 1000 bucks,1000,CNY,School admission red packet,anchor,2026-08-31
红包礼金,zh,8月13日满月酒随礼500元,500,CNY,满月酒,ymd:2026-08-13,2026-08-13
红包礼金,en,Full moon banquet gift 500 yuan on August 13,500,CNY,Full moon banquet,ymd:2026-08-13,2026-08-13
红包礼金,zh,公司年会抽奖红包888块,888,CNY,年会红包,anchor,2026-08-31
红包礼金,en,Company annual party lucky draw red packet 888 bucks,888,CNY,Annual party red packet,anchor,2026-08-31
红包礼金,zh,香港新年派利是500HKD,500,HKD,新年利是,anchor,2026-08-31
红包礼金,en,HK New Year lai see 500 HKD,500,HKD,New Year lai see,anchor,2026-08-31
红包礼金,zh,订婚红包1001元,1001,CNY,订婚红包,anchor,2026-08-31
红包礼金,en,Engagement red packet 1001 yuan,1001,CNY,Engagement red packet,anchor,2026-08-31
红包礼金,zh,搬新家随礼666块,666,CNY,搬家随礼,anchor,2026-08-31
红包礼金,en,Moving gift money 666 bucks,666,CNY,Moving gift money,anchor,2026-08-31
红包礼金,zh,老人过寿红包2000元,2000,CNY,寿礼红包,anchor,2026-08-31
红包礼金,en,Elder birthday red packet 2000 yuan,2000,CNY,Birthday red packet,anchor,2026-08-31
红包礼金,zh,香港结婚礼金10000HKD,10000,HKD,结婚礼金,anchor,2026-08-31
红包礼金,en,HK wedding gift money 10000 HKD,10000,HKD,Wedding gift money,anchor,2026-08-31
红包礼金,zh,六一给孩子发红包200元,200,CNY,儿童节红包,anchor,2026-08-31
红包礼金,en,Children's Day red packet for kid 200 yuan,200,CNY,Children's Day red packet,anchor,2026-08-31
红包礼金,zh,开业大吉红包888块,888,CNY,开业红包,anchor,2026-08-31
红包礼金,en,Grand opening red packet 888 bucks,888,CNY,Grand opening red packet,anchor,2026-08-31
红包礼金,zh,金榜题名红包1666元,1666,CNY,升学红包,anchor,2026-08-31
红包礼金,en,College admission red packet 1666 yuan,1666,CNY,College admission red packet,anchor,2026-08-31
红包礼金,zh,今天明天香港满月酒礼金都3000HKD,3000,HKD,满月礼金,"rel:0,1",2026-08-31|2026-09-01
红包礼金,en,HK full moon gift money 3000 HKD today and tomorrow,3000,HKD,Full moon gift money,"rel:0,1",2026-08-31|2026-09-01
红包礼金,zh,除夕压岁钱1000元,1000,CNY,除夕红包,anchor,2026-08-31
红包礼金,en,New Year's Eve red packet 1000 yuan,1000,CNY,New Year's Eve red packet,anchor,2026-08-31
红包礼金,zh,朋友新店开张随礼1288块,1288,CNY,开张随礼,anchor,2026-08-31
红包礼金,en,Friend shop opening gift 1288 bucks,1288,CNY,Shop opening gift,anchor,2026-08-31
红包礼金,zh,生日红包66.66元,66.66,CNY,生日红包,anchor,2026-08-31
红包礼金,en,Birthday red packet 66.66 yuan,66.66,CNY,Birthday red packet,anchor,2026-08-31
红包礼金,zh,香港乔迁礼金5000HKD,5000,HKD,乔迁礼金,anchor,2026-08-31
红包礼金,en,HK housewarming gift money 5000 HKD,5000,HKD,Housewarming gift money,anchor,2026-08-31
红包礼金,zh,元宵节红包88元,88,CNY,元宵红包,anchor,2026-08-31
红包礼金,en,Lantern Festival red packet 88 yuan,88,CNY,Lantern Festival red packet,anchor,2026-08-31
红包礼金,zh,订婚随礼3180块,3180,CNY,订婚随礼,anchor,2026-08-31
红包礼金,en,Engagement gift money 3180 bucks,3180,CNY,Engagement gift money,anchor,2026-08-31
红包礼金,zh,重阳节给老人红包500元,500,CNY,重阳红包,anchor,2026-08-31
红包礼金,en,Double Ninth red packet for elders 500 yuan,500,CNY,Double Ninth red packet,anchor,2026-08-31
红包礼金,zh,香港百日宴礼金2000HKD,2000,HKD,百日宴礼金,anchor,2026-08-31
红包礼金,en,HK hundred-day banquet gift 2000 HKD,2000,HKD,Hundred-day banquet gift,anchor,2026-08-31
红包礼金,zh,情人节红包520元,520,CNY,情人节红包,anchor,2026-08-31
红包礼金,en,Valentine red packet 520 yuan,520,CNY,Valentine red packet,anchor,2026-08-31
红包礼金,zh,结婚改口费9999块,9999,CNY,改口费,anchor,2026-08-31
红包礼金,en,Wedding tea ceremony gift 9999 bucks,9999,CNY,Tea ceremony gift,anchor,2026-08-31
红包礼金,zh,七夕红包1314元,1314,CNY,七夕红包,anchor,2026-08-31
红包礼金,en,Qixi red packet 1314 yuan,1314,CNY,Qixi red packet,anchor,2026-08-31
红包礼金,zh,香港春节利是每人50HKD,50,HKD,春节利是,anchor,2026-08-31
红包礼金,en,HK Spring Festival lai see 50 HKD per person,50,HKD,Spring Festival lai see,anchor,2026-08-31
红包礼金,zh,冬至红包188元,188,CNY,冬至红包,anchor,2026-08-31
红包礼金,en,Winter solstice red packet 188 yuan,188,CNY,Winter solstice red packet,anchor,2026-08-31
红包礼金,zh,宝宝周岁红包1000块,1000,CNY,周岁红包,anchor,2026-08-31
红包礼金,en,Baby first birthday red packet 1000 bucks,1000,CNY,First birthday red packet,anchor,2026-08-31
红包礼金,zh,毕业红包666元,666,CNY,毕业红包,anchor,2026-08-31
红包礼金,en,Graduation red packet 666 yuan,666,CNY,Graduation red packet,anchor,2026-08-31
红包礼金,zh,香港寿礼金8000HKD,8000,HKD,寿礼金,anchor,2026-08-31
红包礼金,en,HK birthday banquet gift money 8000 HKD,8000,HKD,Birthday banquet gift,anchor,2026-08-31
红包礼金,zh,小年红包200元,200,CNY,小年红包,anchor,2026-08-31
红包礼金,en,Little New Year red packet 200 yuan,200,CNY,Little New Year red packet,anchor,2026-08-31
红包礼金,zh,同事结婚随礼300块,300,CNY,结婚随礼,anchor,2026-08-31
红包礼金,en,Coworker wedding gift money 300 bucks,300,CNY,Wedding gift money,anchor,2026-08-31
红包礼金,zh,搬家红包888元,888,CNY,搬家红包,anchor,2026-08-31
红包礼金,en,Moving red packet 888 yuan,888,CNY,Moving red packet,anchor,2026-08-31
红包礼金,zh,香港订婚礼金18888HKD,18888,HKD,订婚礼金,anchor,2026-08-31
红包礼金,en,HK engagement gift money 18888 HKD,18888,HKD,Engagement gift money,anchor,2026-08-31
红包礼金,zh,520红包520元,520,CNY,520红包,anchor,2026-08-31
红包礼金,en,520 red packet 520 yuan,520,CNY,520 red packet,anchor,2026-08-31
红包礼金,zh,朋友生二胎随礼800块,800,CNY,二胎随礼,anchor,2026-08-31
红包礼金,en,Second baby gift money 800 bucks,800,CNY,Second baby gift,anchor,2026-08-31
红包礼金,zh,正月十五红包88元,88,CNY,元宵红包,anchor,2026-08-31
红包礼金,en,Lantern Festival red packet 88 yuan,88,CNY,Lantern Festival red packet,anchor,2026-08-31
红包礼金,zh,香港新居入伙礼金10000HKD,10000,HKD,入伙礼金,anchor,2026-08-31
红包礼金,en,HK new home gift money 10000 HKD,10000,HKD,New home gift money,anchor,2026-08-31
红包礼金,zh,跨年红包188元,188,CNY,跨年红包,anchor,2026-08-31
红包礼金,en,New Year red packet 188 yuan,188,CNY,New Year red packet,anchor,2026-08-31
红包礼金,zh,亲戚孩子升学随礼500块,500,CNY,升学随礼,anchor,2026-08-31
红包礼金,en,Relative kid school admission gift 500 bucks,500,CNY,School admission gift,anchor,2026-08-31
红包礼金,zh,母亲节红包888元,888,CNY,母亲节红包,anchor,2026-08-31
红包礼金,en,Mother's Day red packet 888 yuan,888,CNY,Mother's Day red packet,anchor,2026-08-31
红包礼金,zh,香港开工利是每人100HKD,100,HKD,开工利是,anchor,2026-08-31
红包礼金,en,HK work resumption lai see 100 HKD per person,100,HKD,Work resumption lai see,anchor,2026-08-31
红包礼金,zh,香港元宵派利是200HKD,200,HKD,元宵利是,anchor,2026-08-31
红包礼金,en,HK Lantern Festival lai see 200 HKD,200,HKD,Lantern Festival lai see,anchor,2026-08-31
宠物养护,zh,昨天给猫买猫粮花了180元,180,CNY,猫粮,rel:-1,2026-08-30
宠物养护,en,Yesterday spent 180 yuan on cat food,180,CNY,Cat food,rel:-1,2026-08-30
宠物养护,zh,狗狗洗澡美容花了150块,150,CNY,洗澡美容,anchor,2026-08-31
宠物养护,en,Dog grooming and bath cost 150 bucks,150,CNY,Grooming bath,anchor,2026-08-31
宠物养护,zh,宠物医院看病花了800HKD,800,HKD,宠物看病,anchor,2026-08-31
宠物养护,en,Pet hospital visit cost 800 HKD,800,HKD,Pet vet visit,anchor,2026-08-31
宠物养护,zh,买猫砂猫玩具花了80元,80,CNY,猫砂玩具,anchor,2026-08-31
宠物养护,en,Cat litter and toys cost 80 yuan,80,CNY,Litter and toys,anchor,2026-08-31
宠物养护,zh,宠物驱虫花了120块,120,CNY,驱虫,anchor,2026-08-31
宠物养护,en,Pet deworming cost 120 bucks,120,CNY,Deworming,anchor,2026-08-31
宠物养护,zh,这一周每天狗粮按袋摊下来记320元,320,CNY,狗粮,week:0,2026-08-31|2026-09-01|2026-09-02|2026-09-03|2026-09-04|2026-09-05|2026-09-06
宠物养护,en,This week log 320 yuan daily for dog food bags,320,CNY,Dog food,week:0,2026-08-31|2026-09-01|2026-09-02|2026-09-03|2026-09-04|2026-09-05|2026-09-06
宠物养护,zh,宠物寄养三天花了600HKD,600,HKD,寄养,anchor,2026-08-31
宠物养护,en,Pet boarding three days cost 600 HKD,600,HKD,Boarding,anchor,2026-08-31
宠物养护,zh,给狗打疫苗花了280元,280,CNY,疫苗,anchor,2026-08-31
宠物养护,en,Dog vaccination cost 280 yuan,280,CNY,Vaccine,anchor,2026-08-31
宠物养护,zh,海外宠物用品50USD,50,USD,海外用品,anchor,2026-08-31
宠物养护,en,Overseas pet supplies 50 USD,50,USD,Overseas supplies,anchor,2026-08-31
宠物养护,zh,宠物零食花了68块,68,CNY,零食,anchor,2026-08-31
宠物养护,en,Pet treats cost 68 bucks,68,CNY,Treats,anchor,2026-08-31
宠物养护,zh,今天明天猫罐头都按200元记,200,CNY,猫罐头,"rel:0,1",2026-08-31|2026-09-01
宠物养护,en,Log 200 yuan today and tomorrow for cat cans,200,CNY,Cat food cans,"rel:0,1",2026-08-31|2026-09-01
宠物养护,zh,狗狗剃毛花了100块,100,CNY,剃毛,anchor,2026-08-31
宠物养护,en,Dog haircut cost 100 bucks,100,CNY,Hair trim,anchor,2026-08-31
宠物养护,zh,香港宠物医院诊金500HKD,500,HKD,宠物诊金,anchor,2026-08-31
宠物养护,en,HK pet clinic consultation fee 500 HKD,500,HKD,Clinic fee,anchor,2026-08-31
宠物养护,zh,猫抓板猫爬架150元,150,CNY,猫爬架,anchor,2026-08-31
宠物养护,en,Scratching post and cat tree 150 yuan,150,CNY,Cat tree,anchor,2026-08-31
宠物养护,zh,宠物牵引绳胸背带80块,80,CNY,牵引绳,anchor,2026-08-31
宠物养护,en,Pet leash and harness 80 bucks,80,CNY,Leash harness,anchor,2026-08-31
宠物养护,zh,今天到后天宠物沐浴露都58元,58,CNY,沐浴露,span:0:2,2026-08-31|2026-09-01|2026-09-02
宠物养护,en,Log 58 yuan today through day after tomorrow for pet shampoo,58,CNY,Pet shampoo,span:0:2,2026-08-31|2026-09-01|2026-09-02
宠物养护,zh,香港宠物美容300HKD,300,HKD,宠物美容,anchor,2026-08-31
宠物养护,en,HK pet grooming 300 HKD,300,HKD,Pet grooming,anchor,2026-08-31
宠物养护,zh,狗狗体内外驱虫药150元,150,CNY,驱虫药,anchor,2026-08-31
宠物养护,en,Internal and external dewormer 150 yuan,150,CNY,Dewormer meds,anchor,2026-08-31
宠物养护,zh,猫砂盆半封闭68块,68,CNY,猫砂盆,anchor,2026-08-31
宠物养护,en,Semi-enclosed litter box 68 bucks,68,CNY,Litter box,anchor,2026-08-31
宠物养护,zh,宠物航空箱200元,200,CNY,航空箱,anchor,2026-08-31
宠物养护,en,Pet airline carrier crate 200 yuan,200,CNY,Pet carrier,anchor,2026-08-31
宠物养护,zh,本周日香港宠物寄养每天200HKD,200,HKD,寄养,weekday:7,2026-09-06
宠物养护,en,This Sunday HK pet boarding 200 HKD per day,200,HKD,Boarding,weekday:7,2026-09-06
宠物养护,zh,狗狗钙片微量元素88元,88,CNY,营养品,anchor,2026-08-31
宠物养护,en,Dog calcium and trace minerals 88 yuan,88,CNY,Supplements,anchor,2026-08-31
宠物养护,zh,猫化毛膏营养膏128块,128,CNY,营养膏,anchor,2026-08-31
宠物养护,en,Cat hairball and nutritional paste 128 bucks,128,CNY,Nutritional paste,anchor,2026-08-31
宠物养护,zh,宠物衣服冬装60元,60,CNY,宠物衣,anchor,2026-08-31
宠物养护,en,Winter pet clothes 60 yuan,60,CNY,Pet clothing,anchor,2026-08-31
宠物养护,zh,香港宠物粮食200HKD,200,HKD,宠物粮,anchor,2026-08-31
宠物养护,en,HK pet food 200 HKD,200,HKD,Pet food,anchor,2026-08-31
宠物养护,zh,宠物尿垫尿不湿45元,45,CNY,尿垫,anchor,2026-08-31
宠物养护,en,Pet pee pads and diapers 45 yuan,45,CNY,Pee pads,anchor,2026-08-31
宠物养护,zh,狗狗玩具球磨牙棒30块,30,CNY,玩具,anchor,2026-08-31
宠物养护,en,Dog toy ball and chew stick 30 bucks,30,CNY,Toys,anchor,2026-08-31
宠物养护,zh,猫草猫薄荷20元,20,CNY,猫草,anchor,2026-08-31
宠物养护,en,Cat grass and catnip 20 yuan,20,CNY,Cat grass,anchor,2026-08-31
宠物养护,zh,香港宠物用品店买零食100HKD,100,HKD,宠物零食,anchor,2026-08-31
宠物养护,en,HK pet store snacks 100 HKD,100,HKD,Pet snacks,anchor,2026-08-31
宠物养护,zh,宠物绝育手术800元,800,CNY,绝育,anchor,2026-08-31
宠物养护,en,Pet spay neuter surgery 800 yuan,800,CNY,Spay neuter,anchor,2026-08-31
宠物养护,zh,8月17日猫咪体检套餐300块,300,CNY,体检,ymd:2026-08-17,2026-08-17
宠物养护,en,Aug 17 cat checkup package 300 bucks,300,CNY,Checkup,ymd:2026-08-17,2026-08-17
宠物养护,zh,宠物窝垫房子120元,120,CNY,宠物窝,anchor,2026-08-31
宠物养护,en,Pet bed and house 120 yuan,120,CNY,Pet bed,anchor,2026-08-31
宠物养护,zh,狗狗指甲剪剃毛器88块,88,CNY,美容工具,anchor,2026-08-31
宠物养护,en,Dog nail clipper and trimmer 88 bucks,88,CNY,Grooming tools,anchor,2026-08-31
宠物养护,zh,香港宠物保险每月100HKD,100,HKD,宠物保险,anchor,2026-08-31
宠物养护,en,HK pet insurance monthly 100 HKD,100,HKD,Pet insurance,anchor,2026-08-31
宠物养护,zh,猫包外出便携50元,50,CNY,猫包,anchor,2026-08-31
宠物养护,en,Portable cat carrier bag 50 yuan,50,CNY,Cat carrier bag,anchor,2026-08-31
宠物养护,zh,宠物益生菌调理肠胃68块,68,CNY,益生菌,anchor,2026-08-31
宠物养护,en,Pet probiotics for digestion 68 bucks,68,CNY,Probiotics,anchor,2026-08-31
宠物养护,zh,宠物厕所诱导剂25元,25,CNY,诱导剂,anchor,2026-08-31
宠物养护,en,Pet potty training spray 25 yuan,25,CNY,Training spray,anchor,2026-08-31
宠物养护,zh,香港宠物办证费200HKD,200,HKD,办证,anchor,2026-08-31
宠物养护,en,HK pet license fee 200 HKD,200,HKD,License fee,anchor,2026-08-31
宠物养护,zh,狗狗项圈铃铛30元,30,CNY,项圈,anchor,2026-08-31
宠物养护,en,Dog collar with bell 30 yuan,30,CNY,Collar,anchor,2026-08-31
宠物养护,zh,猫自动喂食器299块,299,CNY,喂食器,anchor,2026-08-31
宠物养护,en,Automatic cat feeder 299 bucks,299,CNY,Auto feeder,anchor,2026-08-31
宠物养护,zh,上周日买了宠物饮水机158元,158,CNY,饮水机,weekday:-1:7,2026-08-30
宠物养护,en,Last Sunday pet water fountain 158 yuan,158,CNY,Water fountain,weekday:-1:7,2026-08-30
宠物养护,zh,香港宠物冲凉卡10次1200HKD,1200,HKD,冲凉卡,anchor,2026-08-31
宠物养护,en,HK pet bath card 10 visits 1200 HKD,1200,HKD,Bath card,anchor,2026-08-31
宠物养护,zh,狗狗眼药水35元,35,CNY,眼药水,anchor,2026-08-31
宠物养护,en,Dog eye drops 35 yuan,35,CNY,Eye drops,anchor,2026-08-31
宠物养护,zh,猫耳螨药50块,50,CNY,耳螨药,anchor,2026-08-31
宠物养护,en,Cat ear mite medicine 50 bucks,50,CNY,Ear mite meds,anchor,2026-08-31
宠物养护,zh,宠物剃毛器电推剪80元,80,CNY,剃毛器,anchor,2026-08-31
宠物养护,en,Pet clipper and electric trimmer 80 yuan,80,CNY,Pet clipper,anchor,2026-08-31
宠物养护,zh,香港宠物驱虫药150HKD,150,HKD,驱虫药,anchor,2026-08-31
宠物养护,en,HK pet dewormer 150 HKD,150,HKD,Dewormer,anchor,2026-08-31
宠物养护,zh,宠物吊床猫窝45元,45,CNY,猫窝,anchor,2026-08-31
宠物养护,en,Pet hammock and cat bed 45 yuan,45,CNY,Cat bed,anchor,2026-08-31
宠物养护,zh,狗狗洁齿骨磨牙棒60块,60,CNY,洁齿骨,anchor,2026-08-31
宠物养护,en,Dog dental chews and bones 60 bucks,60,CNY,Dental chews,anchor,2026-08-31
宠物养护,zh,宠物消毒喷雾28元,28,CNY,消毒喷雾,anchor,2026-08-31
宠物养护,en,Pet disinfectant spray 28 yuan,28,CNY,Disinfectant spray,anchor,2026-08-31
宠物养护,zh,香港宠物美容洗澡350HKD,350,HKD,宠物美容,anchor,2026-08-31
宠物养护,en,HK pet grooming and bath 350 HKD,350,HKD,Pet grooming,anchor,2026-08-31
服饰鞋包,zh,昨天买外套花了599元,599,CNY,外套,rel:-1,2026-08-30
服饰鞋包,en,Yesterday bought a jacket for 599 yuan,599,CNY,Jacket,rel:-1,2026-08-30
服饰鞋包,zh,买运动鞋花了799块,799,CNY,运动鞋,anchor,2026-08-31
服饰鞋包,en,Bought sneakers for 799 bucks,799,CNY,Sneakers,anchor,2026-08-31
服饰鞋包,zh,买包包花了1200HKD,1200,HKD,包包,anchor,2026-08-31
服饰鞋包,en,Bought a handbag for 1200 HKD,1200,HKD,Handbag,anchor,2026-08-31
服饰鞋包,zh,买裤子花了299元,299,CNY,裤子,anchor,2026-08-31
服饰鞋包,en,Bought pants for 299 yuan,299,CNY,Pants,anchor,2026-08-31
服饰鞋包,zh,买内衣袜子花了150块,150,CNY,内衣袜,anchor,2026-08-31
服饰鞋包,en,Bought underwear and socks for 150 bucks,150,CNY,Underwear socks,anchor,2026-08-31
服饰鞋包,zh,买羽绒服花了1299元,1299,CNY,羽绒服,anchor,2026-08-31
服饰鞋包,en,Bought a down jacket for 1299 yuan,1299,CNY,Down jacket,anchor,2026-08-31
服饰鞋包,zh,买高跟鞋花了899HKD,899,HKD,高跟鞋,anchor,2026-08-31
服饰鞋包,en,Bought high heels for 899 HKD,899,HKD,High heels,anchor,2026-08-31
服饰鞋包,zh,买帽子围巾花了180元,180,CNY,帽围巾,anchor,2026-08-31
服饰鞋包,en,Bought hat and scarf for 180 yuan,180,CNY,Hat scarf,anchor,2026-08-31
服饰鞋包,zh,本周六海外买奢侈品包2000USD,2000,USD,奢侈品包,weekday:6,2026-09-05
服饰鞋包,en,This Saturday bought luxury bag overseas 2000 USD,2000,USD,Luxury bag,weekday:6,2026-09-05
服饰鞋包,zh,买T恤花了99块,99,CNY,T恤,anchor,2026-08-31
服饰鞋包,en,Bought a T-shirt for 99 bucks,99,CNY,T-shirt,anchor,2026-08-31
服饰鞋包,zh,买连衣裙399元,399,CNY,连衣裙,anchor,2026-08-31
服饰鞋包,en,Bought a dress for 399 yuan,399,CNY,Dress,anchor,2026-08-31
服饰鞋包,zh,买皮鞋688块,688,CNY,皮鞋,anchor,2026-08-31
服饰鞋包,en,Bought leather shoes for 688 bucks,688,CNY,Leather shoes,anchor,2026-08-31
服饰鞋包,zh,香港买名牌包8000HKD,8000,HKD,名牌包,anchor,2026-08-31
服饰鞋包,en,Bought designer bag in HK 8000 HKD,8000,HKD,Designer bag,anchor,2026-08-31
服饰鞋包,zh,买牛仔裤199元,199,CNY,牛仔裤,anchor,2026-08-31
服饰鞋包,en,Bought jeans for 199 yuan,199,CNY,Jeans,anchor,2026-08-31
服饰鞋包,zh,买保暖内衣套装299块,299,CNY,保暖内衣,anchor,2026-08-31
服饰鞋包,en,Bought thermal underwear set for 299 bucks,299,CNY,Thermal underwear,anchor,2026-08-31
服饰鞋包,zh,买风衣外套899元,899,CNY,风衣,anchor,2026-08-31
服饰鞋包,en,Bought a trench coat for 899 yuan,899,CNY,Trench coat,anchor,2026-08-31
服饰鞋包,zh,8月4日香港买运动鞋1000HKD,1000,HKD,运动鞋,ymd:2026-08-04,2026-08-04
服饰鞋包,en,Aug 4 bought sneakers in HK 1000 HKD,1000,HKD,Sneakers,ymd:2026-08-04,2026-08-04
服饰鞋包,zh,买衬衫159元,159,CNY,衬衫,anchor,2026-08-31
服饰鞋包,en,Bought a dress shirt for 159 yuan,159,CNY,Dress shirt,anchor,2026-08-31
服饰鞋包,zh,买拖鞋凉鞋88块,88,CNY,凉鞋,anchor,2026-08-31
服饰鞋包,en,Bought sandals and slippers for 88 bucks,88,CNY,Sandals,anchor,2026-08-31
服饰鞋包,zh,买真皮钱包399元,399,CNY,钱包,anchor,2026-08-31
服饰鞋包,en,Bought a leather wallet for 399 yuan,399,CNY,Wallet,anchor,2026-08-31
服饰鞋包,zh,香港买服饰2000HKD,2000,HKD,服饰,anchor,2026-08-31
服饰鞋包,en,Bought clothes in HK 2000 HKD,2000,HKD,Clothing,anchor,2026-08-31
服饰鞋包,zh,买卫衣259元,259,CNY,卫衣,anchor,2026-08-31
服饰鞋包,en,Bought a hoodie for 259 yuan,259,CNY,Hoodie,anchor,2026-08-31
服饰鞋包,zh,买马丁靴599块,599,CNY,马丁靴,anchor,2026-08-31
服饰鞋包,en,Bought combat boots for 599 bucks,599,CNY,Combat boots,anchor,2026-08-31
服饰鞋包,zh,买丝巾披肩199元,199,CNY,丝巾,anchor,2026-08-31
服饰鞋包,en,Bought silk scarf and shawl for 199 yuan,199,CNY,Silk scarf,anchor,2026-08-31
服饰鞋包,zh,8月26日香港买正装西装3000HKD,3000,HKD,西装,ymd:2026-08-26,2026-08-26
服饰鞋包,en,Aug 26 bought suit in HK 3000 HKD,3000,HKD,Suit,ymd:2026-08-26,2026-08-26
服饰鞋包,zh,买毛衣针织衫299元,299,CNY,毛衣,anchor,2026-08-31
服饰鞋包,en,Bought sweater and knit top for 299 yuan,299,CNY,Sweater,anchor,2026-08-31
服饰鞋包,zh,买老爹鞋499块,499,CNY,老爹鞋,anchor,2026-08-31
服饰鞋包,en,Bought chunky dad sneakers for 499 bucks,499,CNY,Dad sneakers,anchor,2026-08-31
服饰鞋包,zh,买双肩背包299元,299,CNY,双肩包,anchor,2026-08-31
服饰鞋包,en,Bought a backpack for 299 yuan,299,CNY,Backpack,anchor,2026-08-31
服饰鞋包,zh,香港买运动服800HKD,800,HKD,运动服,anchor,2026-08-31
服饰鞋包,en,Bought sportswear in HK 800 HKD,800,HKD,Sportswear,anchor,2026-08-31
服饰鞋包,zh,买西装裤199元,199,CNY,西装裤,anchor,2026-08-31
服饰鞋包,en,Bought dress pants for 199 yuan,199,CNY,Dress pants,anchor,2026-08-31
服饰鞋包,zh,买雪地靴399块,399,CNY,雪地靴,anchor,2026-08-31
服饰鞋包,en,Bought snow boots for 399 bucks,399,CNY,Snow boots,anchor,2026-08-31
服饰鞋包,zh,买皮带腰带199元,199,CNY,皮带,anchor,2026-08-31
服饰鞋包,en,Bought belt and waist strap for 199 yuan,199,CNY,Belt,anchor,2026-08-31
服饰鞋包,zh,香港买衬衫500HKD,500,HKD,衬衫,anchor,2026-08-31
服饰鞋包,en,Bought dress shirt in HK 500 HKD,500,HKD,Dress shirt,anchor,2026-08-31
服饰鞋包,zh,买风衣699元,699,CNY,风衣,anchor,2026-08-31
服饰鞋包,en,Bought a trench coat for 699 yuan,699,CNY,Trench coat,anchor,2026-08-31
服饰鞋包,zh,买帆布鞋199块,199,CNY,帆布鞋,anchor,2026-08-31
服饰鞋包,en,Bought canvas shoes for 199 bucks,199,CNY,Canvas shoes,anchor,2026-08-31
服饰鞋包,zh,买羊绒大衣2999元,2999,CNY,羊绒大衣,anchor,2026-08-31
服饰鞋包,en,Bought cashmere overcoat for 2999 yuan,2999,CNY,Cashmere coat,anchor,2026-08-31
服饰鞋包,zh,香港买领带300HKD,300,HKD,领带,anchor,2026-08-31
服饰鞋包,en,Bought necktie in HK 300 HKD,300,HKD,Necktie,anchor,2026-08-31
服饰鞋包,zh,买短裤89元,89,CNY,短裤,anchor,2026-08-31
服饰鞋包,en,Bought shorts for 89 yuan,89,CNY,Shorts,anchor,2026-08-31
服饰鞋包,zh,买雨鞋雨靴128块,128,CNY,雨靴,anchor,2026-08-31
服饰鞋包,en,Bought rain boots for 128 bucks,128,CNY,Rain boots,anchor,2026-08-31
服饰鞋包,zh,买单肩包299元,299,CNY,单肩包,anchor,2026-08-31
服饰鞋包,en,Bought shoulder bag for 299 yuan,299,CNY,Shoulder bag,anchor,2026-08-31
服饰鞋包,zh,香港买牛仔裤600HKD,600,HKD,牛仔裤,anchor,2026-08-31
服饰鞋包,en,Bought jeans in HK 600 HKD,600,HKD,Jeans,anchor,2026-08-31
服饰鞋包,zh,买马甲背心159元,159,CNY,马甲,anchor,2026-08-31
服饰鞋包,en,Bought vest and sleeveless top for 159 yuan,159,CNY,Vest,anchor,2026-08-31
服饰鞋包,zh,买凉鞋拖鞋129块,129,CNY,凉鞋,anchor,2026-08-31
服饰鞋包,en,Bought sandals and slippers for 129 bucks,129,CNY,Sandals,anchor,2026-08-31
服饰鞋包,zh,买皮衣夹克1599元,1599,CNY,皮衣,anchor,2026-08-31
服饰鞋包,en,Bought leather jacket for 1599 yuan,1599,CNY,Leather jacket,anchor,2026-08-31
服饰鞋包,zh,香港买T恤200HKD,200,HKD,T恤,anchor,2026-08-31
服饰鞋包,en,Bought T-shirt in HK 200 HKD,200,HKD,T-shirt,anchor,2026-08-31
服饰鞋包,zh,买汉服洛丽塔499元,499,CNY,汉服,anchor,2026-08-31
服饰鞋包,en,Bought hanfu and lolita dress for 499 yuan,499,CNY,Hanfu,anchor,2026-08-31
服饰鞋包,zh,买劳保鞋199块,199,CNY,劳保鞋,anchor,2026-08-31
服饰鞋包,en,Bought safety work shoes for 199 bucks,199,CNY,Safety shoes,anchor,2026-08-31
服饰鞋包,zh,买羊毛衫399元,399,CNY,羊毛衫,anchor,2026-08-31
服饰鞋包,en,Bought wool sweater for 399 yuan,399,CNY,Wool sweater,anchor,2026-08-31
服饰鞋包,zh,香港买围巾400HKD,400,HKD,围巾,anchor,2026-08-31
服饰鞋包,en,Bought scarf in HK 400 HKD,400,HKD,Scarf,anchor,2026-08-31
服饰鞋包,zh,香港买外套800HKD,800,HKD,外套,anchor,2026-08-31
服饰鞋包,en,Bought jacket in HK 800 HKD,800,HKD,Jacket,anchor,2026-08-31
美容个护,zh,昨天剪头发花了68元,68,CNY,剪发,rel:-1,2026-08-30
美容个护,en,Yesterday haircut cost 68 yuan,68,CNY,Haircut,rel:-1,2026-08-30
美容个护,zh,做美甲花了128块,128,CNY,美甲,anchor,2026-08-31
美容个护,en,Manicure cost 128 bucks,128,CNY,Manicure,anchor,2026-08-31
美容个护,zh,做面部护理花了380HKD,380,HKD,面部护理,anchor,2026-08-31
美容个护,en,Facial treatment cost 380 HKD,380,HKD,Facial care,anchor,2026-08-31
美容个护,zh,买护肤品花了500元,500,CNY,护肤品,anchor,2026-08-31
美容个护,en,Skincare products cost 500 yuan,500,CNY,Skincare,anchor,2026-08-31
美容个护,zh,烫染头发花了680块,680,CNY,烫染,anchor,2026-08-31
美容个护,en,Hair perm and dye cost 680 bucks,680,CNY,Perm and dye,anchor,2026-08-31
美容个护,zh,买口红花了320元,320,CNY,口红,anchor,2026-08-31
美容个护,en,Lipstick cost 320 yuan,320,CNY,Lipstick,anchor,2026-08-31
美容个护,zh,本周五做SPA花了980HKD,980,HKD,SPA,weekday:5,2026-09-04
美容个护,en,This Friday SPA cost 980 HKD,980,HKD,SPA,weekday:5,2026-09-04
美容个护,zh,买面膜花了150元,150,CNY,面膜,anchor,2026-08-31
美容个护,en,Face masks cost 150 yuan,150,CNY,Face masks,anchor,2026-08-31
美容个护,zh,海外买化妆品200USD,200,USD,海外化妆品,anchor,2026-08-31
美容个护,en,Overseas cosmetics 200 USD,200,USD,Overseas cosmetics,anchor,2026-08-31
美容个护,zh,修眉花了30块,30,CNY,修眉,anchor,2026-08-31
美容个护,en,Eyebrow shaping cost 30 bucks,30,CNY,Eyebrow shaping,anchor,2026-08-31
美容个护,zh,接睫毛花了198元,198,CNY,接睫毛,anchor,2026-08-31
美容个护,en,Eyelash extensions cost 198 yuan,198,CNY,Lash extensions,anchor,2026-08-31
美容个护,zh,做美睫168块,168,CNY,美睫,anchor,2026-08-31
美容个护,en,Eyelash beauty treatment 168 bucks,168,CNY,Lash beauty,anchor,2026-08-31
美容个护,zh,8月23日香港美容院补水500HKD,500,HKD,美容补水,ymd:2026-08-23,2026-08-23
美容个护,en,Aug 23 HK salon hydration facial 500 HKD,500,HKD,Hydration facial,ymd:2026-08-23,2026-08-23
美容个护,zh,买洗面奶爽肤水280元,280,CNY,洗护,anchor,2026-08-31
美容个护,en,Facial cleanser and toner 280 yuan,280,CNY,Cleanser toner,anchor,2026-08-31
美容个护,zh,纹眉半永久888块,888,CNY,纹眉,anchor,2026-08-31
美容个护,en,Semi-permanent eyebrow tattoo 888 bucks,888,CNY,Eyebrow tattoo,anchor,2026-08-31
美容个护,zh,身体乳磨砂膏120元,120,CNY,身体护理,anchor,2026-08-31
美容个护,en,Body lotion and scrub 120 yuan,120,CNY,Body care,anchor,2026-08-31
美容个护,zh,香港做指甲200HKD,200,HKD,美甲,anchor,2026-08-31
美容个护,en,HK manicure 200 HKD,200,HKD,Manicure,anchor,2026-08-31
美容个护,zh,染发膏自己染80元,80,CNY,染发,anchor,2026-08-31
美容个护,en,DIY hair dye kit 80 yuan,80,CNY,Hair dye,anchor,2026-08-31
美容个护,zh,今天明天脱毛膏脱毛仪都按199块记,199,CNY,脱毛,"rel:0,1",2026-08-31|2026-09-01
美容个护,en,Log 199 bucks today and tomorrow for hair removal,199,CNY,Hair removal,"rel:0,1",2026-08-31|2026-09-01
美容个护,zh,精华液肌底液350元,350,CNY,精华液,anchor,2026-08-31
美容个护,en,Serum and essence 350 yuan,350,CNY,Serum,anchor,2026-08-31
美容个护,zh,香港美容套餐1500HKD,1500,HKD,美容套餐,anchor,2026-08-31
美容个护,en,HK beauty package 1500 HKD,1500,HKD,Beauty package,anchor,2026-08-31
美容个护,zh,洗脸清洁一次50元,50,CNY,洗脸,anchor,2026-08-31
美容个护,en,Face cleansing session 50 yuan,50,CNY,Face cleansing,anchor,2026-08-31
美容个护,zh,美甲甲片延长268块,268,CNY,美甲延长,anchor,2026-08-31
美容个护,en,Nail extensions 268 bucks,268,CNY,Nail extensions,anchor,2026-08-31
美容个护,zh,眼霜眼膜280元,280,CNY,眼部护理,anchor,2026-08-31
美容个护,en,Eye cream and eye masks 280 yuan,280,CNY,Eye care,anchor,2026-08-31
美容个护,zh,上周五香港剪头发150HKD,150,HKD,剪发,weekday:-1:5,2026-08-28
美容个护,en,Last Friday HK haircut 150 HKD,150,HKD,Haircut,weekday:-1:5,2026-08-28
美容个护,zh,化妆品套装礼盒680元,680,CNY,化妆品套装,anchor,2026-08-31
美容个护,en,Cosmetics gift set 680 yuan,680,CNY,Cosmetics set,anchor,2026-08-31
美容个护,zh,烫头发离子烫500块,500,CNY,烫发,anchor,2026-08-31
美容个护,en,Ion perm hair treatment 500 bucks,500,CNY,Perm,anchor,2026-08-31
美容个护,zh,护手霜润唇膏50元,50,CNY,护手霜,anchor,2026-08-31
美容个护,en,Hand cream and lip balm 50 yuan,50,CNY,Hand cream,anchor,2026-08-31
美容个护,zh,香港染发800HKD,800,HKD,染发,anchor,2026-08-31
美容个护,en,HK hair dye 800 HKD,800,HKD,Hair dye,anchor,2026-08-31
美容个护,zh,黑头清洁护理88元,88,CNY,皮肤清洁,anchor,2026-08-31
美容个护,en,Blackhead cleansing treatment 88 yuan,88,CNY,Skin cleansing,anchor,2026-08-31
美容个护,zh,种睫毛150块,150,CNY,种睫毛,anchor,2026-08-31
美容个护,en,Eyelash implant 150 bucks,150,CNY,Lash implant,anchor,2026-08-31
美容个护,zh,防晒霜隔离霜120元,120,CNY,防晒,anchor,2026-08-31
美容个护,en,Sunscreen and primer 120 yuan,120,CNY,Sunscreen,anchor,2026-08-31
美容个护,zh,香港做facial600HKD,600,HKD,面部护理,anchor,2026-08-31
美容个护,en,HK facial treatment 600 HKD,600,HKD,Facial care,anchor,2026-08-31
美容个护,zh,卸妆油卸妆水80元,80,CNY,卸妆,anchor,2026-08-31
美容个护,en,Makeup remover oil and water 80 yuan,80,CNY,Makeup remover,anchor,2026-08-31
美容个护,zh,补水面膜十片装99块,99,CNY,面膜,anchor,2026-08-31
美容个护,en,Hydrating mask 10-pack 99 bucks,99,CNY,Face masks,anchor,2026-08-31
美容个护,zh,香水淡香300元,300,CNY,香水,anchor,2026-08-31
美容个护,en,Light perfume 300 yuan,300,CNY,Perfume,anchor,2026-08-31
美容个护,zh,香港买香水500HKD,500,HKD,香水,anchor,2026-08-31
美容个护,en,Bought perfume in HK 500 HKD,500,HKD,Perfume,anchor,2026-08-31
美容个护,zh,理发吹造型50元,50,CNY,理发造型,anchor,2026-08-31
美容个护,en,Haircut and blow dry styling 50 yuan,50,CNY,Hair styling,anchor,2026-08-31
美容个护,zh,美甲跳色108块,108,CNY,美甲,anchor,2026-08-31
美容个护,en,Accent nail color manicure 108 bucks,108,CNY,Manicure,anchor,2026-08-31
美容个护,zh,祛痘印精华280元,280,CNY,祛痘精华,anchor,2026-08-31
美容个护,en,Acne spot treatment serum 280 yuan,280,CNY,Acne serum,anchor,2026-08-31
美容个护,zh,香港烫头发1000HKD,1000,HKD,烫发,anchor,2026-08-31
美容个护,en,HK hair perm 1000 HKD,1000,HKD,Perm,anchor,2026-08-31
美容个护,zh,唇釉唇彩89元,89,CNY,唇彩,anchor,2026-08-31
美容个护,en,Lip gloss and lip tint 89 yuan,89,CNY,Lip gloss,anchor,2026-08-31
美容个护,zh,头发护理焗油150块,150,CNY,焗油,anchor,2026-08-31
美容个护,en,Hair treatment and hot oil 150 bucks,150,CNY,Hot oil treatment,anchor,2026-08-31
美容个护,zh,洁面仪洗脸仪199元,199,CNY,洁面仪,anchor,2026-08-31
美容个护,en,Facial cleansing device 199 yuan,199,CNY,Cleansing device,anchor,2026-08-31
美容个护,zh,香港美容卡充值3000HKD,3000,HKD,美容卡,anchor,2026-08-31
美容个护,en,HK beauty card top-up 3000 HKD,3000,HKD,Beauty card,anchor,2026-08-31
美容个护,zh,发际线粉修容粉60元,60,CNY,修容粉,anchor,2026-08-31
美容个护,en,Hairline powder and contour 60 yuan,60,CNY,Contour powder,anchor,2026-08-31
美容个护,zh,半永久纹唇1288块,1288,CNY,纹唇,anchor,2026-08-31
美容个护,en,Semi-permanent lip tattoo 1288 bucks,1288,CNY,Lip tattoo,anchor,2026-08-31
美容个护,zh,爽肤水化妆水120元,120,CNY,爽肤水,anchor,2026-08-31
美容个护,en,Toner and lotion 120 yuan,120,CNY,Toner,anchor,2026-08-31
美容个护,zh,香港买护肤品1000HKD,1000,HKD,护肤品,anchor,2026-08-31
美容个护,en,Bought skincare in HK 1000 HKD,1000,HKD,Skincare,anchor,2026-08-31
美容个护,zh,香港做美容700HKD,700,HKD,美容,anchor,2026-08-31
美容个护,en,HK beauty treatment 700 HKD,700,HKD,Beauty treatment,anchor,2026-08-31
数码产品,zh,昨天买新手机花了5999元,5999,CNY,手机,rel:-1,2026-08-30
数码产品,en,Yesterday bought new phone for 5999 yuan,5999,CNY,Phone,rel:-1,2026-08-30
数码产品,zh,买无线耳机花了899块,899,CNY,无线耳机,anchor,2026-08-31
数码产品,en,Bought wireless earbuds for 899 bucks,899,CNY,Wireless earbuds,anchor,2026-08-31
数码产品,zh,买平板花了3299HKD,3299,HKD,平板,anchor,2026-08-31
数码产品,en,Bought tablet for 3299 HKD,3299,HKD,Tablet,anchor,2026-08-31
数码产品,zh,买键盘鼠标花了299元,299,CNY,键鼠,anchor,2026-08-31
数码产品,en,Bought keyboard and mouse for 299 yuan,299,CNY,Keyboard mouse,anchor,2026-08-31
数码产品,zh,买相机镜头花了4500块,4500,CNY,相机镜头,anchor,2026-08-31
数码产品,en,Bought camera lens for 4500 bucks,4500,CNY,Camera lens,anchor,2026-08-31
数码产品,zh,本周三买笔记本电脑花了7999元,7999,CNY,笔记本,weekday:3,2026-09-02
数码产品,en,This Wednesday bought laptop for 7999 yuan,7999,CNY,Laptop,weekday:3,2026-09-02
数码产品,zh,买智能手表花了1899HKD,1899,HKD,智能手表,anchor,2026-08-31
数码产品,en,Bought smartwatch for 1899 HKD,1899,HKD,Smartwatch,anchor,2026-08-31
数码产品,zh,买充电宝花了129元,129,CNY,充电宝,anchor,2026-08-31
数码产品,en,Bought power bank for 129 yuan,129,CNY,Power bank,anchor,2026-08-31
数码产品,zh,海外买相机1500USD,1500,USD,海外相机,anchor,2026-08-31
数码产品,en,Overseas camera 1500 USD,1500,USD,Overseas camera,anchor,2026-08-31
数码产品,zh,买显示器花了1999块,1999,CNY,显示器,anchor,2026-08-31
数码产品,en,Bought monitor for 1999 bucks,1999,CNY,Monitor,anchor,2026-08-31
数码产品,zh,8月2日买蓝牙耳机199元,199,CNY,蓝牙耳机,ymd:2026-08-02,2026-08-02
数码产品,en,Aug 2 bought Bluetooth earbuds for 199 yuan,199,CNY,Bluetooth earbuds,ymd:2026-08-02,2026-08-02
数码产品,zh,买移动硬盘399块,399,CNY,移动硬盘,anchor,2026-08-31
数码产品,en,Bought external hard drive for 399 bucks,399,CNY,External drive,anchor,2026-08-31
数码产品,zh,香港买电脑8000HKD,8000,HKD,电脑,anchor,2026-08-31
数码产品,en,Bought computer in HK 8000 HKD,8000,HKD,Computer,anchor,2026-08-31
数码产品,zh,买路由器159元,159,CNY,路由器,anchor,2026-08-31
数码产品,en,Bought router for 159 yuan,159,CNY,Router,anchor,2026-08-31
数码产品,zh,买投影仪2999块,2999,CNY,投影仪,anchor,2026-08-31
数码产品,en,Bought projector for 2999 bucks,2999,CNY,Projector,anchor,2026-08-31
数码产品,zh,买游戏机PS5花了3899元,3899,CNY,游戏机,anchor,2026-08-31
数码产品,en,Bought PS5 console for 3899 yuan,3899,CNY,Game console,anchor,2026-08-31
数码产品,zh,香港买手机6000HKD,6000,HKD,手机,anchor,2026-08-31
数码产品,en,Bought phone in HK 6000 HKD,6000,HKD,Phone,anchor,2026-08-31
数码产品,zh,买摄像头99元,99,CNY,摄像头,anchor,2026-08-31
数码产品,en,Bought webcam for 99 yuan,99,CNY,Webcam,anchor,2026-08-31
数码产品,zh,买显卡3090块,3090,CNY,显卡,anchor,2026-08-31
数码产品,en,Bought graphics card for 3090 bucks,3090,CNY,Graphics card,anchor,2026-08-31
数码产品,zh,买内存条399元,399,CNY,内存条,anchor,2026-08-31
数码产品,en,Bought RAM stick for 399 yuan,399,CNY,RAM,anchor,2026-08-31
数码产品,zh,本周五香港买耳机1200HKD,1200,HKD,耳机,weekday:5,2026-09-04
数码产品,en,This Friday bought headphones in HK 1200 HKD,1200,HKD,Headphones,weekday:5,2026-09-04
数码产品,zh,买音箱音响299元,299,CNY,音箱,anchor,2026-08-31
数码产品,en,Bought speaker for 299 yuan,299,CNY,Speaker,anchor,2026-08-31
数码产品,zh,买散热器89块,89,CNY,散热器,anchor,2026-08-31
数码产品,en,Bought CPU cooler for 89 bucks,89,CNY,CPU cooler,anchor,2026-08-31
数码产品,zh,买平板支架49元,49,CNY,平板支架,anchor,2026-08-31
数码产品,en,Bought tablet stand for 49 yuan,49,CNY,Tablet stand,anchor,2026-08-31
数码产品,zh,香港买相机10000HKD,10000,HKD,相机,anchor,2026-08-31
数码产品,en,Bought camera in HK 10000 HKD,10000,HKD,Camera,anchor,2026-08-31
数码产品,zh,买机械键盘399元,399,CNY,机械键盘,anchor,2026-08-31
数码产品,en,Bought mechanical keyboard for 399 yuan,399,CNY,Mechanical keyboard,anchor,2026-08-31
数码产品,zh,买鼠标垫29块,29,CNY,鼠标垫,anchor,2026-08-31
数码产品,en,Bought mouse pad for 29 bucks,29,CNY,Mouse pad,anchor,2026-08-31
数码产品,zh,买U盘64G59元,59,CNY,U盘,anchor,2026-08-31
数码产品,en,Bought 64GB USB drive for 59 yuan,59,CNY,USB drive,anchor,2026-08-31
数码产品,zh,香港买平板4000HKD,4000,HKD,平板,anchor,2026-08-31
数码产品,en,Bought tablet in HK 4000 HKD,4000,HKD,Tablet,anchor,2026-08-31
数码产品,zh,买智能手环199元,199,CNY,智能手环,anchor,2026-08-31
数码产品,en,Bought fitness band for 199 yuan,199,CNY,Fitness band,anchor,2026-08-31
数码产品,zh,买电脑包99块,99,CNY,电脑包,anchor,2026-08-31
数码产品,en,Bought laptop bag for 99 bucks,99,CNY,Laptop bag,anchor,2026-08-31
数码产品,zh,买固态硬盘299元,299,CNY,固态硬盘,anchor,2026-08-31
数码产品,en,Bought SSD for 299 yuan,299,CNY,SSD,anchor,2026-08-31
数码产品,zh,香港买显示器2500HKD,2500,HKD,显示器,anchor,2026-08-31
数码产品,en,Bought monitor in HK 2500 HKD,2500,HKD,Monitor,anchor,2026-08-31
数码产品,zh,买游戏手柄299元,299,CNY,游戏手柄,anchor,2026-08-31
数码产品,en,Bought game controller for 299 yuan,299,CNY,Game controller,anchor,2026-08-31
数码产品,zh,买数据线充电头50块,50,CNY,数据线,anchor,2026-08-31
数码产品,en,Bought charging cable and adapter 50 bucks,50,CNY,Charging cable,anchor,2026-08-31
数码产品,zh,买机箱电源399元,399,CNY,机箱电源,anchor,2026-08-31
数码产品,en,Bought PC case and PSU for 399 yuan,399,CNY,Case and PSU,anchor,2026-08-31
数码产品,zh,香港买游戏机5000HKD,5000,HKD,游戏机,anchor,2026-08-31
数码产品,en,Bought game console in HK 5000 HKD,5000,HKD,Game console,anchor,2026-08-31
数码产品,zh,买声卡麦克风499元,499,CNY,声卡麦克,anchor,2026-08-31
数码产品,en,Bought sound card and mic for 499 yuan,499,CNY,Sound card mic,anchor,2026-08-31
数码产品,zh,买电脑支架89块,89,CNY,电脑支架,anchor,2026-08-31
数码产品,en,Bought laptop stand for 89 bucks,89,CNY,Laptop stand,anchor,2026-08-31
数码产品,zh,买电子书阅读器998元,998,CNY,电子书,anchor,2026-08-31
数码产品,en,Bought e-reader for 998 yuan,998,CNY,E-reader,anchor,2026-08-31
数码产品,zh,香港买智能手表2000HKD,2000,HKD,智能手表,anchor,2026-08-31
数码产品,en,Bought smartwatch in HK 2000 HKD,2000,HKD,Smartwatch,anchor,2026-08-31
数码产品,zh,买扩展坞199元,199,CNY,扩展坞,anchor,2026-08-31
数码产品,en,Bought USB-C hub for 199 yuan,199,CNY,USB-C hub,anchor,2026-08-31
数码产品,zh,买电竞椅999块,999,CNY,电竞椅,anchor,2026-08-31
数码产品,en,Bought gaming chair for 999 bucks,999,CNY,Gaming chair,anchor,2026-08-31
数码产品,zh,买台灯护眼灯199元,199,CNY,台灯,anchor,2026-08-31
数码产品,en,Bought desk lamp for 199 yuan,199,CNY,Desk lamp,anchor,2026-08-31
数码产品,zh,香港买电脑配件1500HKD,1500,HKD,电脑配件,anchor,2026-08-31
数码产品,en,Bought PC parts in HK 1500 HKD,1500,HKD,PC parts,anchor,2026-08-31
数码产品,zh,买拍立得相机899元,899,CNY,拍立得,anchor,2026-08-31
数码产品,en,Bought instant camera for 899 yuan,899,CNY,Instant camera,anchor,2026-08-31
数码产品,zh,买主机电源399块,399,CNY,主机电源,anchor,2026-08-31
数码产品,en,Bought PC power supply for 399 bucks,399,CNY,Power supply,anchor,2026-08-31
数码产品,zh,买蓝牙适配器49元,49,CNY,蓝牙适配器,anchor,2026-08-31
数码产品,en,Bought Bluetooth adapter for 49 yuan,49,CNY,Bluetooth adapter,anchor,2026-08-31
数码产品,zh,香港买无线耳机1000HKD,1000,HKD,无线耳机,anchor,2026-08-31
数码产品,en,Bought wireless earbuds in HK 1000 HKD,1000,HKD,Wireless earbuds,anchor,2026-08-31
数码产品,zh,香港买充电宝200HKD,200,HKD,充电宝,anchor,2026-08-31
数码产品,en,Bought power bank in HK 200 HKD,200,HKD,Power bank,anchor,2026-08-31
家居家装,zh,昨天买沙发花了3500元,3500,CNY,沙发,rel:-1,2026-08-30
家居家装,en,Yesterday bought sofa for 3500 yuan,3500,CNY,Sofa,rel:-1,2026-08-30
家居家装,zh,买窗帘花了800块,800,CNY,窗帘,anchor,2026-08-31
家居家装,en,Bought curtains for 800 bucks,800,CNY,Curtains,anchor,2026-08-31
家居家装,zh,装修人工费花了20000HKD,20000,HKD,装修人工,anchor,2026-08-31
家居家装,en,Renovation labor cost 20000 HKD,20000,HKD,Renovation labor,anchor,2026-08-31
家居家装,zh,买灯具花了600元,600,CNY,灯具,anchor,2026-08-31
家居家装,en,Bought light fixtures for 600 yuan,600,CNY,Light fixtures,anchor,2026-08-31
家居家装,zh,换门锁花了300块,300,CNY,门锁,anchor,2026-08-31
家居家装,en,Replaced door lock for 300 bucks,300,CNY,Door lock,anchor,2026-08-31
家居家装,zh,本周日买衣柜花了2800元,2800,CNY,衣柜,weekday:7,2026-09-06
家居家装,en,This Sunday bought wardrobe for 2800 yuan,2800,CNY,Wardrobe,weekday:7,2026-09-06
家居家装,zh,贴墙纸花了1500HKD,1500,HKD,墙纸,anchor,2026-08-31
家居家装,en,Wallpaper installation 1500 HKD,1500,HKD,Wallpaper,anchor,2026-08-31
家居家装,zh,买地毯花了450元,450,CNY,地毯,anchor,2026-08-31
家居家装,en,Bought rug for 450 yuan,450,CNY,Rug,anchor,2026-08-31
家居家装,zh,海外买家具800USD,800,USD,海外家具,anchor,2026-08-31
家居家装,en,Overseas furniture 800 USD,800,USD,Overseas furniture,anchor,2026-08-31
家居家装,zh,疏通马桶花了120块,120,CNY,疏通,anchor,2026-08-31
家居家装,en,Toilet unclogging cost 120 bucks,120,CNY,Unclogging,anchor,2026-08-31
家居家装,zh,8月25日买餐桌1500元,1500,CNY,餐桌,ymd:2026-08-25,2026-08-25
家居家装,en,Aug 25 bought dining table for 1500 yuan,1500,CNY,Dining table,ymd:2026-08-25,2026-08-25
家居家装,zh,买床加床垫3000块,3000,CNY,床与床垫,anchor,2026-08-31
家居家装,en,Bed and mattress 3000 bucks,3000,CNY,Bed and mattress,anchor,2026-08-31
家居家装,zh,香港装修设计费10000HKD,10000,HKD,设计费,anchor,2026-08-31
家居家装,en,HK interior design fee 10000 HKD,10000,HKD,Design fee,anchor,2026-08-31
家居家装,zh,买茶几电视柜2000元,2000,CNY,茶几电视柜,anchor,2026-08-31
家居家装,en,Coffee table and TV stand 2000 yuan,2000,CNY,Table and stand,anchor,2026-08-31
家居家装,zh,刷墙乳胶漆3000块,3000,CNY,刷墙,anchor,2026-08-31
家居家装,en,Wall painting and latex paint 3000 bucks,3000,CNY,Wall painting,anchor,2026-08-31
家居家装,zh,买鞋柜800元,800,CNY,鞋柜,anchor,2026-08-31
家居家装,en,Bought shoe cabinet for 800 yuan,800,CNY,Shoe cabinet,anchor,2026-08-31
家居家装,zh,香港买家具15000HKD,15000,HKD,家具,anchor,2026-08-31
家居家装,en,Bought furniture in HK 15000 HKD,15000,HKD,Furniture,anchor,2026-08-31
家居家装,zh,买晾衣架300元,300,CNY,晾衣架,anchor,2026-08-31
家居家装,en,Bought clothes drying rack for 300 yuan,300,CNY,Drying rack,anchor,2026-08-31
家居家装,zh,水电改造5000块,5000,CNY,水电改造,anchor,2026-08-31
家居家装,en,Plumbing and electrical rework 5000 bucks,5000,CNY,Plumbing electrical,anchor,2026-08-31
家居家装,zh,买书桌书架1200元,1200,CNY,书桌书架,anchor,2026-08-31
家居家装,en,Desk and bookshelf 1200 yuan,1200,CNY,Desk bookshelf,anchor,2026-08-31
家居家装,zh,8月28日香港定制橱柜20000HKD,20000,HKD,定制橱柜,ymd:2026-08-28,2026-08-28
家居家装,en,Aug 28 HK custom kitchen cabinets 20000 HKD,20000,HKD,Custom cabinets,ymd:2026-08-28,2026-08-28
家居家装,zh,买马桶800元,800,CNY,马桶,anchor,2026-08-31
家居家装,en,Bought toilet for 800 yuan,800,CNY,Toilet,anchor,2026-08-31
家居家装,zh,瓷砖地板8000块,8000,CNY,瓷砖地板,anchor,2026-08-31
家居家装,en,Floor tiles 8000 bucks,8000,CNY,Floor tiles,anchor,2026-08-31
家居家装,zh,买浴霸300元,300,CNY,浴霸,anchor,2026-08-31
家居家装,en,Bought bathroom heater fan for 300 yuan,300,CNY,Bathroom heater,anchor,2026-08-31
家居家装,zh,香港买灯饰3000HKD,3000,HKD,灯饰,anchor,2026-08-31
家居家装,en,Bought lighting in HK 3000 HKD,3000,HKD,Lighting,anchor,2026-08-31
家居家装,zh,买洗衣机2000元,2000,CNY,洗衣机,anchor,2026-08-31
家居家装,en,Bought washing machine for 2000 yuan,2000,CNY,Washing machine,anchor,2026-08-31
家居家装,zh,冰箱双开门3500块,3500,CNY,冰箱,anchor,2026-08-31
家居家装,en,Double-door fridge 3500 bucks,3500,CNY,Fridge,anchor,2026-08-31
家居家装,zh,买油烟机燃气灶2500元,2500,CNY,厨电,anchor,2026-08-31
家居家装,en,Range hood and gas stove 2500 yuan,2500,CNY,Kitchen appliances,anchor,2026-08-31
家居家装,zh,香港买电器8000HKD,8000,HKD,电器,anchor,2026-08-31
家居家装,en,Bought appliances in HK 8000 HKD,8000,HKD,Appliances,anchor,2026-08-31
家居家装,zh,买空调2800元,2800,CNY,空调,anchor,2026-08-31
家居家装,en,Bought air conditioner for 2800 yuan,2800,CNY,Air conditioner,anchor,2026-08-31
家居家装,zh,热水器燃气款1500块,1500,CNY,热水器,anchor,2026-08-31
家居家装,en,Gas water heater 1500 bucks,1500,CNY,Water heater,anchor,2026-08-31
家居家装,zh,买微波炉500元,500,CNY,微波炉,anchor,2026-08-31
家居家装,en,Bought microwave for 500 yuan,500,CNY,Microwave,anchor,2026-08-31
家居家装,zh,香港买沙发10000HKD,10000,HKD,沙发,anchor,2026-08-31
家居家装,en,Bought sofa in HK 10000 HKD,10000,HKD,Sofa,anchor,2026-08-31
家居家装,zh,买吸尘器899元,899,CNY,吸尘器,anchor,2026-08-31
家居家装,en,Bought vacuum cleaner for 899 yuan,899,CNY,Vacuum cleaner,anchor,2026-08-31
家居家装,zh,扫地机器人2599块,2599,CNY,扫地机器人,anchor,2026-08-31
家居家装,en,Robot vacuum 2599 bucks,2599,CNY,Robot vacuum,anchor,2026-08-31
家居家装,zh,买空气净化器1299元,1299,CNY,空气净化器,anchor,2026-08-31
家居家装,en,Bought air purifier for 1299 yuan,1299,CNY,Air purifier,anchor,2026-08-31
家居家装,zh,香港买床品5000HKD,5000,HKD,床品,anchor,2026-08-31
家居家装,en,Bought bedding in HK 5000 HKD,5000,HKD,Bedding,anchor,2026-08-31
家居家装,zh,买电饭煲399元,399,CNY,电饭煲,anchor,2026-08-31
家居家装,en,Bought rice cooker for 399 yuan,399,CNY,Rice cooker,anchor,2026-08-31
家居家装,zh,电压力锅299块,299,CNY,电压力锅,anchor,2026-08-31
家居家装,en,Electric pressure cooker 299 bucks,299,CNY,Pressure cooker,anchor,2026-08-31
家居家装,zh,买净水器1500元,1500,CNY,净水器,anchor,2026-08-31
家居家装,en,Bought water purifier for 1500 yuan,1500,CNY,Water purifier,anchor,2026-08-31
家居家装,zh,香港买家电10000HKD,10000,HKD,家电,anchor,2026-08-31
家居家装,en,Bought home appliances in HK 10000 HKD,10000,HKD,Home appliances,anchor,2026-08-31
家居家装,zh,买加湿器199元,199,CNY,加湿器,anchor,2026-08-31
家居家装,en,Bought humidifier for 199 yuan,199,CNY,Humidifier,anchor,2026-08-31
家居家装,zh,挂烫机299块,299,CNY,挂烫机,anchor,2026-08-31
家居家装,en,Garment steamer 299 bucks,299,CNY,Garment steamer,anchor,2026-08-31
家居家装,zh,买指纹锁1299元,1299,CNY,指纹锁,anchor,2026-08-31
家居家装,en,Bought fingerprint lock for 1299 yuan,1299,CNY,Fingerprint lock,anchor,2026-08-31
家居家装,zh,香港定制衣柜15000HKD,15000,HKD,定制衣柜,anchor,2026-08-31
家居家装,en,HK custom wardrobe 15000 HKD,15000,HKD,Custom wardrobe,anchor,2026-08-31
家居家装,zh,买破壁机499元,499,CNY,破壁机,anchor,2026-08-31
家居家装,en,Bought blender for 499 yuan,499,CNY,Blender,anchor,2026-08-31
家居家装,zh,投影仪幕布300块,300,CNY,幕布,anchor,2026-08-31
家居家装,en,Projector screen 300 bucks,300,CNY,Projector screen,anchor,2026-08-31
家居家装,zh,买装饰画299元,299,CNY,装饰画,anchor,2026-08-31
家居家装,en,Bought wall art for 299 yuan,299,CNY,Wall art,anchor,2026-08-31
家居家装,zh,香港装修材料5000HKD,5000,HKD,装修材料,anchor,2026-08-31
家居家装,en,HK renovation materials 5000 HKD,5000,HKD,Renovation materials,anchor,2026-08-31
家居家装,zh,香港买窗帘1200HKD,1200,HKD,窗帘,anchor,2026-08-31
家居家装,en,Bought curtains in HK 1200 HKD,1200,HKD,Curtains,anchor,2026-08-31
保险缴费,zh,重疾险年交6000元,6000,CNY,重疾险,anchor,2026-08-31
保险缴费,en,paid 6000 yuan annual critical illness insurance premium,6000,CNY,critical illness insurance,anchor,2026-08-31
保险缴费,zh,昨天车险花了3500块,3500,CNY,车险,rel:-1,2026-08-30
保险缴费,en,yesterday car insurance cost 3500 bucks,3500,CNY,car insurance,rel:-1,2026-08-30
保险缴费,zh,本周一医疗险每月扣300HKD,300,HKD,医疗险,weekday:1,2026-08-31
保险缴费,en,this Monday medical insurance monthly deduction 300 HKD,300,HKD,medical insurance,weekday:1,2026-08-31
保险缴费,zh,8月1日意外险年费199元,199,CNY,意外险,ymd:2026-08-01,2026-08-01
保险缴费,en,Aug 1 accident insurance annual fee 199 yuan,199,CNY,accident insurance,ymd:2026-08-01,2026-08-01
保险缴费,zh,寿险年交8000块,8000,CNY,寿险,anchor,2026-08-31
保险缴费,en,life insurance annual premium 8000 bucks,8000,CNY,life insurance,anchor,2026-08-31
保险缴费,zh,家财险花了299元,299,CNY,家财险,anchor,2026-08-31
保险缴费,en,home property insurance cost 299 yuan,299,CNY,home property insurance,anchor,2026-08-31
保险缴费,zh,香港保险年交12000HKD,12000,HKD,香港保险,anchor,2026-08-31
保险缴费,en,Hong Kong insurance annual premium 12000 HKD,12000,HKD,Hong Kong insurance,anchor,2026-08-31
保险缴费,zh,今天明天社保个人部分都扣了500元,500,CNY,社保,"rel:0,1",2026-08-31|2026-09-01
保险缴费,en,today and tomorrow social insurance personal share deducted 500 yuan,500,CNY,social insurance,"rel:0,1",2026-08-31|2026-09-01
保险缴费,zh,海外医疗险500USD,500,USD,海外医疗险,anchor,2026-08-31
保险缴费,en,overseas medical insurance 500 USD,500,USD,overseas medical insurance,anchor,2026-08-31
保险缴费,zh,宠物险花了365块,365,CNY,宠物险,anchor,2026-08-31
保险缴费,en,pet insurance cost 365 bucks,365,CNY,pet insurance,anchor,2026-08-31
保险缴费,zh,养老保险每年交8000元,8000,CNY,养老险,anchor,2026-08-31
保险缴费,en,pension insurance annual premium 8000 yuan,8000,CNY,pension insurance,anchor,2026-08-31
保险缴费,zh,交强险950块,950,CNY,交强险,anchor,2026-08-31
保险缴费,en,compulsory traffic insurance 950 bucks,950,CNY,compulsory traffic insurance,anchor,2026-08-31
保险缴费,zh,香港重疾险年交15000HKD,15000,HKD,香港重疾险,anchor,2026-08-31
保险缴费,en,Hong Kong critical illness insurance annual premium 15000 HKD,15000,HKD,Hong Kong critical illness insurance,anchor,2026-08-31
保险缴费,zh,失业保险每月扣50元,50,CNY,失业保险,anchor,2026-08-31
保险缴费,en,unemployment insurance monthly deduction 50 yuan,50,CNY,unemployment insurance,anchor,2026-08-31
保险缴费,zh,学平险每年100块,100,CNY,学平险,anchor,2026-08-31
保险缴费,en,student accident insurance 100 bucks per year,100,CNY,student accident insurance,anchor,2026-08-31
保险缴费,zh,百万医疗险每年300元,300,CNY,百万医疗,anchor,2026-08-31
保险缴费,en,million-yuan medical insurance 300 yuan per year,300,CNY,million-yuan medical,anchor,2026-08-31
保险缴费,zh,香港住院医疗险年交5000HKD,5000,HKD,住院医疗险,anchor,2026-08-31
保险缴费,en,Hong Kong inpatient medical insurance annual premium 5000 HKD,5000,HKD,inpatient medical insurance,anchor,2026-08-31
保险缴费,zh,工伤保险个人缴纳花了280元,280,CNY,工伤险,anchor,2026-08-31
保险缴费,en,work injury insurance personal contribution cost 280 yuan,280,CNY,work injury insurance,anchor,2026-08-31
保险缴费,zh,车险三者险200万1200块,1200,CNY,三者险,anchor,2026-08-31
保险缴费,en,car third-party liability insurance 1200 bucks,1200,CNY,third-party liability,anchor,2026-08-31
保险缴费,zh,年金险年交20000元,20000,CNY,年金险,anchor,2026-08-31
保险缴费,en,annuity insurance annual premium 20000 yuan,20000,CNY,annuity insurance,anchor,2026-08-31
保险缴费,zh,香港储蓄险年交30000HKD,30000,HKD,储蓄险,anchor,2026-08-31
保险缴费,en,Hong Kong savings insurance annual premium 30000 HKD,30000,HKD,savings insurance,anchor,2026-08-31
保险缴费,zh,生育保险每月扣10元,10,CNY,生育险,anchor,2026-08-31
保险缴费,en,maternity insurance monthly deduction 10 yuan,10,CNY,maternity insurance,anchor,2026-08-31
保险缴费,zh,车险车损险1800块,1800,CNY,车损险,anchor,2026-08-31
保险缴费,en,car damage insurance 1800 bucks,1800,CNY,car damage insurance,anchor,2026-08-31
保险缴费,zh,防癌险每年500元,500,CNY,防癌险,anchor,2026-08-31
保险缴费,en,cancer insurance 500 yuan per year,500,CNY,cancer insurance,anchor,2026-08-31
保险缴费,zh,香港意外险年交500HKD,500,HKD,香港意外险,anchor,2026-08-31
保险缴费,en,Hong Kong accident insurance annual premium 500 HKD,500,HKD,Hong Kong accident insurance,anchor,2026-08-31
保险缴费,zh,城乡居民医保年交380元,380,CNY,居民医保,anchor,2026-08-31
保险缴费,en,urban-rural resident medical insurance 380 yuan per year,380,CNY,resident medical insurance,anchor,2026-08-31
保险缴费,zh,终身寿险年交10000块,10000,CNY,终身寿险,anchor,2026-08-31
保险缴费,en,whole life insurance annual premium 10000 bucks,10000,CNY,whole life insurance,anchor,2026-08-31
保险缴费,zh,财产险每年800元,800,CNY,财产险,anchor,2026-08-31
保险缴费,en,property insurance 800 yuan per year,800,CNY,property insurance,anchor,2026-08-31
保险缴费,zh,香港人寿险年交20000HKD,20000,HKD,香港人寿险,anchor,2026-08-31
保险缴费,en,Hong Kong life insurance annual premium 20000 HKD,20000,HKD,Hong Kong life insurance,anchor,2026-08-31
保险缴费,zh,大病医疗互助金每年60元,60,CNY,大病互助,anchor,2026-08-31
保险缴费,en,critical illness mutual aid fund 60 yuan per year,60,CNY,critical illness mutual aid,anchor,2026-08-31
保险缴费,zh,座位险每座100块,100,CNY,座位险,anchor,2026-08-31
保险缴费,en,seat insurance 100 bucks per seat,100,CNY,seat insurance,anchor,2026-08-31
保险缴费,zh,少儿重疾险每年800元,800,CNY,少儿重疾险,anchor,2026-08-31
保险缴费,en,child critical illness insurance 800 yuan per year,800,CNY,child critical illness insurance,anchor,2026-08-31
保险缴费,zh,香港医疗保险每月500HKD,500,HKD,香港医疗险,anchor,2026-08-31
保险缴费,en,Hong Kong medical insurance 500 HKD monthly,500,HKD,Hong Kong medical insurance,anchor,2026-08-31
保险缴费,zh,补充医疗险每年200元,200,CNY,补充医疗,anchor,2026-08-31
保险缴费,en,supplementary medical insurance 200 yuan per year,200,CNY,supplementary medical,anchor,2026-08-31
保险缴费,zh,盗抢险每年300块,300,CNY,盗抢险,anchor,2026-08-31
保险缴费,en,theft insurance 300 bucks per year,300,CNY,theft insurance,anchor,2026-08-31
保险缴费,zh,老人意外险每年200元,200,CNY,老人意外险,anchor,2026-08-31
保险缴费,en,senior accident insurance 200 yuan per year,200,CNY,senior accident insurance,anchor,2026-08-31
保险缴费,zh,香港旅游险单次100HKD,100,HKD,旅游险,anchor,2026-08-31
保险缴费,en,Hong Kong travel insurance single trip 100 HKD,100,HKD,travel insurance,anchor,2026-08-31
保险缴费,zh,惠民保每年69元,69,CNY,惠民保,anchor,2026-08-31
保险缴费,en,Huiminbao insurance 69 yuan per year,69,CNY,Huiminbao,anchor,2026-08-31
保险缴费,zh,涉水险每年150块,150,CNY,涉水险,anchor,2026-08-31
保险缴费,en,water damage insurance 150 bucks per year,150,CNY,water damage insurance,anchor,2026-08-31
保险缴费,zh,女性专属险每年300元,300,CNY,女性险,anchor,2026-08-31
保险缴费,en,women-only insurance 300 yuan per year,300,CNY,women-only insurance,anchor,2026-08-31
保险缴费,zh,香港劳工险每月300HKD,300,HKD,劳工险,anchor,2026-08-31
保险缴费,en,Hong Kong employee insurance 300 HKD monthly,300,HKD,employee insurance,anchor,2026-08-31
保险缴费,zh,商业医保每年1500元,1500,CNY,商业医保,anchor,2026-08-31
保险缴费,en,commercial medical insurance 1500 yuan per year,1500,CNY,commercial medical insurance,anchor,2026-08-31
保险缴费,zh,自燃险每年100块,100,CNY,自燃险,anchor,2026-08-31
保险缴费,en,spontaneous combustion insurance 100 bucks per year,100,CNY,spontaneous combustion insurance,anchor,2026-08-31
保险缴费,zh,教育金保险年交5000元,5000,CNY,教育金险,anchor,2026-08-31
保险缴费,en,education fund insurance annual premium 5000 yuan,5000,CNY,education fund insurance,anchor,2026-08-31
保险缴费,zh,香港家居险每年800HKD,800,HKD,家居险,anchor,2026-08-31
保险缴费,en,Hong Kong home insurance 800 HKD per year,800,HKD,home insurance,anchor,2026-08-31
保险缴费,zh,社保补缴1200元,1200,CNY,社保补缴,anchor,2026-08-31
保险缴费,en,social insurance back payment 1200 yuan,1200,CNY,social insurance back payment,anchor,2026-08-31
保险缴费,zh,不计免赔险每年200块,200,CNY,不计免赔,anchor,2026-08-31
保险缴费,en,deductible waiver insurance 200 bucks per year,200,CNY,deductible waiver,anchor,2026-08-31
保险缴费,zh,牙齿保险每年500元,500,CNY,牙齿险,anchor,2026-08-31
保险缴费,en,dental insurance 500 yuan per year,500,CNY,dental insurance,anchor,2026-08-31
保险缴费,zh,香港保费自动扣款8000HKD,8000,HKD,自动扣款,anchor,2026-08-31
保险缴费,en,Hong Kong premium auto-deducted 8000 HKD,8000,HKD,auto deduction,anchor,2026-08-31
保险缴费,zh,香港车险年交6000HKD,6000,HKD,车险,anchor,2026-08-31
保险缴费,en,Hong Kong car insurance annual premium 6000 HKD,6000,HKD,car insurance,anchor,2026-08-31
还贷支出,zh,昨天房贷月供5000元,5000,CNY,房贷,rel:-1,2026-08-30
还贷支出,en,yesterday mortgage monthly payment 5000 yuan,5000,CNY,mortgage,rel:-1,2026-08-30
还贷支出,zh,车贷每月还2000块,2000,CNY,车贷,anchor,2026-08-31
还贷支出,en,car loan monthly payment 2000 bucks,2000,CNY,car loan,anchor,2026-08-31
还贷支出,zh,信用卡还款花了8000HKD,8000,HKD,信用卡,anchor,2026-08-31
还贷支出,en,credit card repayment cost 8000 HKD,8000,HKD,credit card,anchor,2026-08-31
还贷支出,zh,花呗还款花了1500元,1500,CNY,花呗,anchor,2026-08-31
还贷支出,en,Huabei repayment cost 1500 yuan,1500,CNY,Huabei,anchor,2026-08-31
还贷支出,zh,借呗还款花了3000块,3000,CNY,借呗,anchor,2026-08-31
还贷支出,en,Jiebei repayment cost 3000 bucks,3000,CNY,Jiebei,anchor,2026-08-31
还贷支出,zh,本周三经营贷月供12000元,12000,CNY,经营贷,weekday:3,2026-09-02
还贷支出,en,this Wednesday business loan monthly payment 12000 yuan,12000,CNY,business loan,weekday:3,2026-09-02
还贷支出,zh,香港房贷月供15000HKD,15000,HKD,香港房贷,anchor,2026-08-31
还贷支出,en,Hong Kong mortgage monthly payment 15000 HKD,15000,HKD,Hong Kong mortgage,anchor,2026-08-31
还贷支出,zh,京东白条还款花了800元,800,CNY,白条,anchor,2026-08-31
还贷支出,en,JD Baitiao repayment cost 800 yuan,800,CNY,Baitiao,anchor,2026-08-31
还贷支出,zh,海外贷款月供2000USD,2000,USD,海外贷款,anchor,2026-08-31
还贷支出,en,overseas loan monthly payment 2000 USD,2000,USD,overseas loan,anchor,2026-08-31
还贷支出,zh,助学贷款还款花了1200块,1200,CNY,助学贷款,anchor,2026-08-31
还贷支出,en,student loan repayment cost 1200 bucks,1200,CNY,student loan,anchor,2026-08-31
还贷支出,zh,8月9日商贷月供8000元,8000,CNY,商业贷款,ymd:2026-08-09,2026-08-09
还贷支出,en,Aug 9 commercial loan monthly payment 8000 yuan,8000,CNY,commercial loan,ymd:2026-08-09,2026-08-09
还贷支出,zh,公积金贷款每月3000块,3000,CNY,公积金贷款,anchor,2026-08-31
还贷支出,en,housing provident fund loan 3000 bucks monthly,3000,CNY,housing provident fund loan,anchor,2026-08-31
还贷支出,zh,香港私楼月供20000HKD,20000,HKD,香港私楼,anchor,2026-08-31
还贷支出,en,Hong Kong private housing monthly payment 20000 HKD,20000,HKD,Hong Kong private housing,anchor,2026-08-31
还贷支出,zh,消费贷月供1500元,1500,CNY,消费贷,anchor,2026-08-31
还贷支出,en,consumer loan monthly payment 1500 yuan,1500,CNY,consumer loan,anchor,2026-08-31
还贷支出,zh,装修贷每月还2000块,2000,CNY,装修贷,anchor,2026-08-31
还贷支出,en,renovation loan monthly payment 2000 bucks,2000,CNY,renovation loan,anchor,2026-08-31
还贷支出,zh,抵押贷月供10000元,10000,CNY,抵押贷,anchor,2026-08-31
还贷支出,en,mortgage loan monthly payment 10000 yuan,10000,CNY,mortgage loan,anchor,2026-08-31
还贷支出,zh,香港车贷月供5000HKD,5000,HKD,香港车贷,anchor,2026-08-31
还贷支出,en,Hong Kong car loan monthly payment 5000 HKD,5000,HKD,Hong Kong car loan,anchor,2026-08-31
还贷支出,zh,微粒贷还款800元,800,CNY,微粒贷,anchor,2026-08-31
还贷支出,en,Weilidai repayment 800 yuan,800,CNY,Weilidai,anchor,2026-08-31
还贷支出,zh,360借条还款1000块,1000,CNY,借条,anchor,2026-08-31
还贷支出,en,360 Jietiao repayment 1000 bucks,1000,CNY,Jietiao,anchor,2026-08-31
还贷支出,zh,房贷提前还款100000元,100000,CNY,提前还贷,anchor,2026-08-31
还贷支出,en,mortgage early repayment 100000 yuan,100000,CNY,early mortgage repayment,anchor,2026-08-31
还贷支出,zh,今天明天香港信用卡还款都10000HKD,10000,HKD,信用卡,"rel:0,1",2026-08-31|2026-09-01
还贷支出,en,today and tomorrow Hong Kong credit card repayment 10000 HKD each,10000,HKD,credit card,"rel:0,1",2026-08-31|2026-09-01
还贷支出,zh,车贷提前还款20000元,20000,CNY,提前还车贷,anchor,2026-08-31
还贷支出,en,car loan early repayment 20000 yuan,20000,CNY,early car loan repayment,anchor,2026-08-31
还贷支出,zh,美团生活费还款500块,500,CNY,生活费贷款,anchor,2026-08-31
还贷支出,en,Meituan living expense loan repayment 500 bucks,500,CNY,living expense loan,anchor,2026-08-31
还贷支出,zh,房贷利息每月2000元,2000,CNY,房贷利息,anchor,2026-08-31
还贷支出,en,mortgage interest 2000 yuan monthly,2000,CNY,mortgage interest,anchor,2026-08-31
还贷支出,zh,香港税务贷款月供8000HKD,8000,HKD,税务贷款,anchor,2026-08-31
还贷支出,en,Hong Kong tax loan monthly payment 8000 HKD,8000,HKD,tax loan,anchor,2026-08-31
还贷支出,zh,信用卡分期每月还500元,500,CNY,信用卡分期,anchor,2026-08-31
还贷支出,en,credit card installment monthly payment 500 yuan,500,CNY,credit card installment,anchor,2026-08-31
还贷支出,zh,网贷还款1500块,1500,CNY,网贷,anchor,2026-08-31
还贷支出,en,online loan repayment 1500 bucks,1500,CNY,online loan,anchor,2026-08-31
还贷支出,zh,组合贷月供6000元,6000,CNY,组合贷,anchor,2026-08-31
还贷支出,en,combined loan monthly payment 6000 yuan,6000,CNY,combined loan,anchor,2026-08-31
还贷支出,zh,香港分期贷款每月3000HKD,3000,HKD,分期贷款,anchor,2026-08-31
还贷支出,en,Hong Kong installment loan 3000 HKD monthly,3000,HKD,installment loan,anchor,2026-08-31
还贷支出,zh,房贷本金加利息每月5500元,5500,CNY,房贷本息,anchor,2026-08-31
还贷支出,en,mortgage principal plus interest 5500 yuan monthly,5500,CNY,mortgage principal and interest,anchor,2026-08-31
还贷支出,zh,车贷三年期每月3000块,3000,CNY,车贷分期,anchor,2026-08-31
还贷支出,en,three-year car loan 3000 bucks monthly,3000,CNY,car loan installment,anchor,2026-08-31
还贷支出,zh,信用贷月供2500元,2500,CNY,信用贷,anchor,2026-08-31
还贷支出,en,credit loan monthly payment 2500 yuan,2500,CNY,credit loan,anchor,2026-08-31
还贷支出,zh,香港二按月供10000HKD,10000,HKD,二按贷款,anchor,2026-08-31
还贷支出,en,Hong Kong second mortgage monthly payment 10000 HKD,10000,HKD,second mortgage,anchor,2026-08-31
还贷支出,zh,花呗分期每月还300元,300,CNY,花呗分期,anchor,2026-08-31
还贷支出,en,Huabei installment monthly payment 300 yuan,300,CNY,Huabei installment,anchor,2026-08-31
还贷支出,zh,借呗提前还款手续费50块,50,CNY,手续费,anchor,2026-08-31
还贷支出,en,Jiebei early repayment fee 50 bucks,50,CNY,early repayment fee,anchor,2026-08-31
还贷支出,zh,经营性贷款月供15000元,15000,CNY,经营贷,anchor,2026-08-31
还贷支出,en,business operating loan monthly payment 15000 yuan,15000,CNY,business loan,anchor,2026-08-31
还贷支出,zh,香港现金套现每月还款5000HKD,5000,HKD,套现还款,anchor,2026-08-31
还贷支出,en,Hong Kong cash advance repayment 5000 HKD monthly,5000,HKD,cash advance repayment,anchor,2026-08-31
还贷支出,zh,助学贷款利息每年500元,500,CNY,助学利息,anchor,2026-08-31
还贷支出,en,student loan interest 500 yuan per year,500,CNY,student loan interest,anchor,2026-08-31
还贷支出,zh,房贷LPR调整后多还200块,200,CNY,LPR调整,anchor,2026-08-31
还贷支出,en,mortgage LPR adjustment extra payment 200 bucks,200,CNY,LPR adjustment,anchor,2026-08-31
还贷支出,zh,信用卡最低还款800元,800,CNY,最低还款,anchor,2026-08-31
还贷支出,en,credit card minimum payment 800 yuan,800,CNY,minimum payment,anchor,2026-08-31
还贷支出,zh,香港卡数还款8000HKD,8000,HKD,卡数还款,anchor,2026-08-31
还贷支出,en,Hong Kong card cash repayment 8000 HKD,8000,HKD,card cash repayment,anchor,2026-08-31
还贷支出,zh,装修贷提前还50000元,50000,CNY,提前还贷,anchor,2026-08-31
还贷支出,en,renovation loan early repayment 50000 yuan,50000,CNY,early loan repayment,anchor,2026-08-31
还贷支出,zh,京东金条还款1000块,1000,CNY,金条,anchor,2026-08-31
还贷支出,en,JD Jintiao repayment 1000 bucks,1000,CNY,Jintiao,anchor,2026-08-31
还贷支出,zh,房贷还款银行卡扣款5000元,5000,CNY,自动扣款,anchor,2026-08-31
还贷支出,en,mortgage bank auto-deduction 5000 yuan,5000,CNY,auto deduction,anchor,2026-08-31
还贷支出,zh,香港易借宝还款3000HKD,3000,HKD,易借宝,anchor,2026-08-31
还贷支出,en,Hong Kong Yijiebao repayment 3000 HKD,3000,HKD,Yijiebao,anchor,2026-08-31
还贷支出,zh,车贷解压费200元,200,CNY,解压费,anchor,2026-08-31
还贷支出,en,car loan release fee 200 yuan,200,CNY,release fee,anchor,2026-08-31
还贷支出,zh,网贷结清证明手续费50块,50,CNY,结清手续费,anchor,2026-08-31
还贷支出,en,online loan settlement certificate fee 50 bucks,50,CNY,settlement fee,anchor,2026-08-31
还贷支出,zh,房贷退税到账12000元,12000,CNY,退税到账,anchor,2026-08-31
还贷支出,en,mortgage tax refund received 12000 yuan,12000,CNY,tax refund received,anchor,2026-08-31
还贷支出,zh,香港贷款罚息500HKD,500,HKD,罚息,anchor,2026-08-31
还贷支出,en,Hong Kong loan penalty interest 500 HKD,500,HKD,penalty interest,anchor,2026-08-31
还贷支出,zh,香港花呗还款2000HKD,2000,HKD,花呗,anchor,2026-08-31
还贷支出,en,Hong Kong Huabei repayment 2000 HKD,2000,HKD,Huabei,anchor,2026-08-31
税费支出,zh,昨天个人所得税扣了800元,800,CNY,个税,rel:-1,2026-08-30
税费支出,en,yesterday personal income tax deducted 800 yuan,800,CNY,personal income tax,rel:-1,2026-08-30
税费支出,zh,房产税交了5000块,5000,CNY,房产税,anchor,2026-08-31
税费支出,en,property tax paid 5000 bucks,5000,CNY,property tax,anchor,2026-08-31
税费支出,zh,香港薪俸税扣了3000HKD,3000,HKD,薪俸税,anchor,2026-08-31
税费支出,en,Hong Kong salaries tax deducted 3000 HKD,3000,HKD,salaries tax,anchor,2026-08-31
税费支出,zh,增值税交了2000元,2000,CNY,增值税,anchor,2026-08-31
税费支出,en,value-added tax paid 2000 yuan,2000,CNY,value-added tax,anchor,2026-08-31
税费支出,zh,车辆购置税花了12000块,12000,CNY,购置税,anchor,2026-08-31
税费支出,en,vehicle purchase tax cost 12000 bucks,12000,CNY,vehicle purchase tax,anchor,2026-08-31
税费支出,zh,本周五印花税交了500元,500,CNY,印花税,weekday:5,2026-09-04
税费支出,en,this Friday stamp duty paid 500 yuan,500,CNY,stamp duty,weekday:5,2026-09-04
税费支出,zh,物业税交了1800HKD,1800,HKD,物业税,anchor,2026-08-31
税费支出,en,property tax paid 1800 HKD,1800,HKD,property tax,anchor,2026-08-31
税费支出,zh,个税专项补缴1200元,1200,CNY,个税补缴,anchor,2026-08-31
税费支出,en,personal income tax special back payment 1200 yuan,1200,CNY,personal income tax back payment,anchor,2026-08-31
税费支出,zh,海外消费税300USD,300,USD,海外消费税,anchor,2026-08-31
税费支出,en,overseas consumption tax 300 USD,300,USD,overseas consumption tax,anchor,2026-08-31
税费支出,zh,契税花了9000块,9000,CNY,契税,anchor,2026-08-31
税费支出,en,deed tax cost 9000 bucks,9000,CNY,deed tax,anchor,2026-08-31
税费支出,zh,8月15日企业所得税交了20000元,20000,CNY,企业所得税,ymd:2026-08-15,2026-08-15
税费支出,en,Aug 15 corporate income tax paid 20000 yuan,20000,CNY,corporate income tax,ymd:2026-08-15,2026-08-15
税费支出,zh,车船税每年360块,360,CNY,车船税,anchor,2026-08-31
税费支出,en,vehicle and vessel tax 360 bucks per year,360,CNY,vehicle and vessel tax,anchor,2026-08-31
税费支出,zh,香港利得税15000HKD,15000,HKD,利得税,anchor,2026-08-31
税费支出,en,Hong Kong profits tax 15000 HKD,15000,HKD,profits tax,anchor,2026-08-31
税费支出,zh,城市维护建设税200元,200,CNY,城建税,anchor,2026-08-31
税费支出,en,urban maintenance and construction tax 200 yuan,200,CNY,urban maintenance tax,anchor,2026-08-31
税费支出,zh,教育费附加100块,100,CNY,教育附加,anchor,2026-08-31
税费支出,en,education surcharge 100 bucks,100,CNY,education surcharge,anchor,2026-08-31
税费支出,zh,土地增值税50000元,50000,CNY,土地增值税,anchor,2026-08-31
税费支出,en,land value-added tax 50000 yuan,50000,CNY,land value-added tax,anchor,2026-08-31
税费支出,zh,香港差饷每年5000HKD,5000,HKD,差饷,anchor,2026-08-31
税费支出,en,Hong Kong rates 5000 HKD per year,5000,HKD,rates,anchor,2026-08-31
税费支出,zh,个人经营所得税3000元,3000,CNY,经营所得税,anchor,2026-08-31
税费支出,en,personal business income tax 3000 yuan,3000,CNY,business income tax,anchor,2026-08-31
税费支出,zh,消费税1500块,1500,CNY,消费税,anchor,2026-08-31
税费支出,en,consumption tax 1500 bucks,1500,CNY,consumption tax,anchor,2026-08-31
税费支出,zh,耕地占用税8000元,8000,CNY,耕地占用税,anchor,2026-08-31
税费支出,en,farmland occupation tax 8000 yuan,8000,CNY,farmland occupation tax,anchor,2026-08-31
税费支出,zh,今天明天香港印花税都2000HKD,2000,HKD,香港印花税,"rel:0,1",2026-08-31|2026-09-01
税费支出,en,today and tomorrow Hong Kong stamp duty 2000 HKD each,2000,HKD,Hong Kong stamp duty,"rel:0,1",2026-08-31|2026-09-01
税费支出,zh,资源税500元,500,CNY,资源税,anchor,2026-08-31
税费支出,en,resource tax 500 yuan,500,CNY,resource tax,anchor,2026-08-31
税费支出,zh,房产税补缴2000块,2000,CNY,房产税补缴,anchor,2026-08-31
税费支出,en,property tax back payment 2000 bucks,2000,CNY,property tax back payment,anchor,2026-08-31
税费支出,zh,城镇土地使用税1000元,1000,CNY,土地使用税,anchor,2026-08-31
税费支出,en,urban land use tax 1000 yuan,1000,CNY,land use tax,anchor,2026-08-31
税费支出,zh,香港博彩税1000HKD,1000,HKD,博彩税,anchor,2026-08-31
税费支出,en,Hong Kong betting duty 1000 HKD,1000,HKD,betting duty,anchor,2026-08-31
税费支出,zh,关税3000元,3000,CNY,关税,anchor,2026-08-31
税费支出,en,customs duty 3000 yuan,3000,CNY,customs duty,anchor,2026-08-31
税费支出,zh,车辆购置税减半后6000块,6000,CNY,购置税减半,anchor,2026-08-31
税费支出,en,vehicle purchase tax after half-rate 6000 bucks,6000,CNY,half-rate purchase tax,anchor,2026-08-31
税费支出,zh,契税首套1.5%共9000元,9000,CNY,首套契税,anchor,2026-08-31
税费支出,en,first-home deed tax 1.5% total 9000 yuan,9000,CNY,first-home deed tax,anchor,2026-08-31
税费支出,zh,香港个人入息课税4000HKD,4000,HKD,入息税,anchor,2026-08-31
税费支出,en,Hong Kong personal assessment tax 4000 HKD,4000,HKD,personal assessment tax,anchor,2026-08-31
税费支出,zh,个税退税到账1200元,1200,CNY,个税退税,anchor,2026-08-31
税费支出,en,personal income tax refund received 1200 yuan,1200,CNY,personal income tax refund,anchor,2026-08-31
税费支出,zh,增值税附加税300块,300,CNY,增值税附加,anchor,2026-08-31
税费支出,en,VAT surcharge 300 bucks,300,CNY,VAT surcharge,anchor,2026-08-31
税费支出,zh,企业所得税汇算清缴补缴5000元,5000,CNY,汇算清缴,anchor,2026-08-31
税费支出,en,corporate income tax annual settlement back payment 5000 yuan,5000,CNY,annual settlement,anchor,2026-08-31
税费支出,zh,香港物业税每月500HKD,500,HKD,物业税,anchor,2026-08-31
税费支出,en,Hong Kong property tax 500 HKD monthly,500,HKD,property tax,anchor,2026-08-31
税费支出,zh,印花税按件贴花5元,5,CNY,贴花,anchor,2026-08-31
税费支出,en,stamp duty per document 5 yuan,5,CNY,stamp per document,anchor,2026-08-31
税费支出,zh,车船税代缴360块,360,CNY,车船税,anchor,2026-08-31
税费支出,en,vehicle and vessel tax agency payment 360 bucks,360,CNY,vehicle and vessel tax,anchor,2026-08-31
税费支出,zh,土地出让金100000元,100000,CNY,土地出让金,anchor,2026-08-31
税费支出,en,land grant fee 100000 yuan,100000,CNY,land grant fee,anchor,2026-08-31
税费支出,zh,香港进出口关税8000HKD,8000,HKD,进出口关税,anchor,2026-08-31
税费支出,en,Hong Kong import-export duty 8000 HKD,8000,HKD,import-export duty,anchor,2026-08-31
税费支出,zh,个税起征点5000元,5000,CNY,起征点,anchor,2026-08-31
税费支出,en,personal income tax threshold 5000 yuan,5000,CNY,tax threshold,anchor,2026-08-31
税费支出,zh,城建税税率7%合计140元,140,CNY,城建税,anchor,2026-08-31
税费支出,en,urban maintenance tax 7% total 140 yuan,140,CNY,urban maintenance tax,anchor,2026-08-31
税费支出,zh,教育附加费税率3%合计60块,60,CNY,教育附加,anchor,2026-08-31
税费支出,en,education surcharge 3% total 60 bucks,60,CNY,education surcharge,anchor,2026-08-31
税费支出,zh,香港薪俸税免税额132000HKD,132000,HKD,免税额,anchor,2026-08-31
税费支出,en,Hong Kong salaries tax allowance 132000 HKD,132000,HKD,tax allowance,anchor,2026-08-31
税费支出,zh,小规模纳税人补交增值税800元,800,CNY,增值税,anchor,2026-08-31
税费支出,en,small taxpayer VAT back payment 800 yuan,800,CNY,value-added tax,anchor,2026-08-31
税费支出,zh,车辆购置税税率10%,10,CNY,购置税税率,anchor,2026-08-31
税费支出,en,vehicle purchase tax rate 10%,10,CNY,purchase tax rate,anchor,2026-08-31
税费支出,zh,契税二套3%共18000元,18000,CNY,二套契税,anchor,2026-08-31
税费支出,en,second-home deed tax 3% total 18000 yuan,18000,CNY,second-home deed tax,anchor,2026-08-31
税费支出,zh,香港利得税税率16.5%,16.5,HKD,利得税率,anchor,2026-08-31
税费支出,en,Hong Kong profits tax rate 16.5%,16.5,HKD,profits tax rate,anchor,2026-08-31
税费支出,zh,个人劳务报酬个税20%,20,CNY,劳务税,anchor,2026-08-31
税费支出,en,personal service income tax 20%,20,CNY,service income tax,anchor,2026-08-31
税费支出,zh,房产税从租计征12%,12,CNY,从租计征,anchor,2026-08-31
税费支出,en,property tax rental basis 12%,12,CNY,rental basis tax,anchor,2026-08-31
税费支出,zh,香港差饷征收率5%,5,HKD,差饷率,anchor,2026-08-31
税费支出,en,Hong Kong rates collection rate 5%,5,HKD,rates collection rate,anchor,2026-08-31
税费支出,zh,增值税专用发票抵扣1000元,1000,CNY,发票抵扣,anchor,2026-08-31
税费支出,en,VAT special invoice deduction 1000 yuan,1000,CNY,invoice deduction,anchor,2026-08-31
税费支出,zh,香港差饷补交3000HKD,3000,HKD,差饷,anchor,2026-08-31
税费支出,en,Hong Kong rates back payment 3000 HKD,3000,HKD,rates,anchor,2026-08-31
工资收入,zh,昨天这个月发工资15000HKD,15000,HKD,月薪,rel:-1,2026-08-30
工资收入,en,yesterday this month's salary paid 15000 HKD,15000,HKD,monthly salary,rel:-1,2026-08-30
工资收入,zh,公司发薪到账8000块,8000,CNY,月薪,anchor,2026-08-31
工资收入,en,company payroll received 8000 bucks,8000,CNY,monthly salary,anchor,2026-08-31
工资收入,zh,上月工资税后到账12000元,12000,CNY,税后工资,anchor,2026-08-31
工资收入,en,last month after-tax salary received 12000 yuan,12000,CNY,after-tax salary,anchor,2026-08-31
工资收入,zh,底薪加提成一共25000块,25000,CNY,底薪提成,anchor,2026-08-31
工资收入,en,base pay plus commission total 25000 bucks,25000,CNY,base pay and commission,anchor,2026-08-31
工资收入,zh,试用期工资发了6000元,6000,CNY,试用期,anchor,2026-08-31
工资收入,en,probation salary paid 6000 yuan,6000,CNY,probation salary,anchor,2026-08-31
工资收入,zh,本周四香港月薪到账20000HKD,20000,HKD,香港月薪,weekday:4,2026-09-03
工资收入,en,this Thursday Hong Kong monthly salary received 20000 HKD,20000,HKD,Hong Kong monthly salary,weekday:4,2026-09-03
工资收入,zh,年终奖发了30000元,30000,CNY,年终奖,anchor,2026-08-31
工资收入,en,year-end bonus paid 30000 yuan,30000,CNY,year-end bonus,anchor,2026-08-31
工资收入,zh,加班费发了800块,800,CNY,加班费,anchor,2026-08-31
工资收入,en,overtime pay paid 800 bucks,800,CNY,overtime pay,anchor,2026-08-31
工资收入,zh,海外月薪到账4000USD,4000,USD,海外月薪,anchor,2026-08-31
工资收入,en,overseas monthly salary received 4000 USD,4000,USD,overseas monthly salary,anchor,2026-08-31
工资收入,zh,绩效奖金发了5000块,5000,CNY,绩效奖,anchor,2026-08-31
工资收入,en,performance bonus paid 5000 bucks,5000,CNY,performance bonus,anchor,2026-08-31
工资收入,zh,8月10日基本工资5000元,5000,CNY,基本工资,ymd:2026-08-10,2026-08-10
工资收入,en,Aug 10 basic salary 5000 yuan,5000,CNY,basic salary,ymd:2026-08-10,2026-08-10
工资收入,zh,岗位津贴2000块,2000,CNY,岗位津贴,anchor,2026-08-31
工资收入,en,position allowance 2000 bucks,2000,CNY,position allowance,anchor,2026-08-31
工资收入,zh,香港底薪18000HKD,18000,HKD,香港底薪,anchor,2026-08-31
工资收入,en,Hong Kong base salary 18000 HKD,18000,HKD,Hong Kong base salary,anchor,2026-08-31
工资收入,zh,全勤奖500元,500,CNY,全勤奖,anchor,2026-08-31
工资收入,en,perfect attendance bonus 500 yuan,500,CNY,perfect attendance bonus,anchor,2026-08-31
工资收入,zh,交通补贴300块,300,CNY,交通补贴,anchor,2026-08-31
工资收入,en,transport allowance 300 bucks,300,CNY,transport allowance,anchor,2026-08-31
工资收入,zh,餐补每月400元,400,CNY,餐补,anchor,2026-08-31
工资收入,en,meal allowance 400 yuan monthly,400,CNY,meal allowance,anchor,2026-08-31
工资收入,zh,8月29日香港房屋津贴5000HKD,5000,HKD,房屋津贴,ymd:2026-08-29,2026-08-29
工资收入,en,Aug 29 Hong Kong housing allowance 5000 HKD,5000,HKD,housing allowance,ymd:2026-08-29,2026-08-29
工资收入,zh,工龄工资200元,200,CNY,工龄工资,anchor,2026-08-31
工资收入,en,seniority pay 200 yuan,200,CNY,seniority pay,anchor,2026-08-31
工资收入,zh,季度奖金10000块,10000,CNY,季度奖,anchor,2026-08-31
工资收入,en,quarterly bonus 10000 bucks,10000,CNY,quarterly bonus,anchor,2026-08-31
工资收入,zh,项目奖金8000元,8000,CNY,项目奖,anchor,2026-08-31
工资收入,en,project bonus 8000 yuan,8000,CNY,project bonus,anchor,2026-08-31
工资收入,zh,今天明天香港双粮出粮都18000HKD,18000,HKD,双粮,"rel:0,1",2026-08-31|2026-09-01
工资收入,en,today and tomorrow Hong Kong double pay received 18000 HKD each,18000,HKD,double pay,"rel:0,1",2026-08-31|2026-09-01
工资收入,zh,夜班补贴500元,500,CNY,夜班补贴,anchor,2026-08-31
工资收入,en,night shift allowance 500 yuan,500,CNY,night shift allowance,anchor,2026-08-31
工资收入,zh,高温补贴300块,300,CNY,高温补贴,anchor,2026-08-31
工资收入,en,high-temperature allowance 300 bucks,300,CNY,high-temperature allowance,anchor,2026-08-31
工资收入,zh,提成奖金15000元,15000,CNY,提成,anchor,2026-08-31
工资收入,en,commission bonus 15000 yuan,15000,CNY,commission,anchor,2026-08-31
工资收入,zh,香港佣金收入10000HKD,10000,HKD,佣金,anchor,2026-08-31
工资收入,en,Hong Kong commission income 10000 HKD,10000,HKD,commission,anchor,2026-08-31
工资收入,zh,十三薪发了8000元,8000,CNY,十三薪,anchor,2026-08-31
工资收入,en,thirteenth-month pay paid 8000 yuan,8000,CNY,thirteenth-month pay,anchor,2026-08-31
工资收入,zh,年终分红50000块,50000,CNY,年终分红,anchor,2026-08-31
工资收入,en,year-end dividend paid 50000 bucks,50000,CNY,year-end dividend,anchor,2026-08-31
工资收入,zh,基本工资加绩效共12000元,12000,CNY,工资绩效,anchor,2026-08-31
工资收入,en,basic salary plus performance total 12000 yuan,12000,CNY,salary and performance,anchor,2026-08-31
工资收入,zh,香港超时补水2000HKD,2000,HKD,超时补贴,anchor,2026-08-31
工资收入,en,Hong Kong overtime allowance 2000 HKD,2000,HKD,overtime allowance,anchor,2026-08-31
工资收入,zh,住房补贴1000元,1000,CNY,住房补贴,anchor,2026-08-31
工资收入,en,housing allowance 1000 yuan,1000,CNY,housing allowance,anchor,2026-08-31
工资收入,zh,上周每天话费补贴100块,100,CNY,话费补贴,week:-1,2026-08-24|2026-08-25|2026-08-26|2026-08-27|2026-08-28|2026-08-29|2026-08-30
工资收入,en,last week daily phone allowance 100 bucks,100,CNY,phone allowance,week:-1,2026-08-24|2026-08-25|2026-08-26|2026-08-27|2026-08-28|2026-08-29|2026-08-30
工资收入,zh,这一周每天出差补贴200元,200,CNY,出差补贴,week:0,2026-08-31|2026-09-01|2026-09-02|2026-09-03|2026-09-04|2026-09-05|2026-09-06
工资收入,en,this week daily travel allowance 200 yuan,200,CNY,travel allowance,week:0,2026-08-31|2026-09-01|2026-09-02|2026-09-03|2026-09-04|2026-09-05|2026-09-06
工资收入,zh,香港膳食津贴1500HKD,1500,HKD,膳食津贴,anchor,2026-08-31
工资收入,en,Hong Kong meal allowance 1500 HKD,1500,HKD,meal allowance,anchor,2026-08-31
工资收入,zh,技能津贴500元,500,CNY,技能津贴,anchor,2026-08-31
工资收入,en,skill allowance 500 yuan,500,CNY,skill allowance,anchor,2026-08-31
工资收入,zh,管理津贴2000块,2000,CNY,管理津贴,anchor,2026-08-31
工资收入,en,management allowance 2000 bucks,2000,CNY,management allowance,anchor,2026-08-31
工资收入,zh,销售提成20000元,20000,CNY,销售提成,anchor,2026-08-31
工资收入,en,sales commission 20000 yuan,20000,CNY,sales commission,anchor,2026-08-31
工资收入,zh,香港花红奖金10000HKD,10000,HKD,花红,anchor,2026-08-31
工资收入,en,Hong Kong bonus 10000 HKD,10000,HKD,bonus,anchor,2026-08-31
工资收入,zh,月度优秀员工奖500元,500,CNY,优秀员工,anchor,2026-08-31
工资收入,en,monthly outstanding employee award 500 yuan,500,CNY,outstanding employee award,anchor,2026-08-31
工资收入,zh,半年奖15000块,15000,CNY,半年奖,anchor,2026-08-31
工资收入,en,semi-annual bonus 15000 bucks,15000,CNY,semi-annual bonus,anchor,2026-08-31
工资收入,zh,竞业限制补偿金3000元,3000,CNY,竞业补偿,anchor,2026-08-31
工资收入,en,non-compete compensation 3000 yuan,3000,CNY,non-compete compensation,anchor,2026-08-31
工资收入,zh,香港长期服务金20000HKD,20000,HKD,长期服务金,anchor,2026-08-31
工资收入,en,Hong Kong long service payment 20000 HKD,20000,HKD,long service payment,anchor,2026-08-31
工资收入,zh,产假工资8000元,8000,CNY,产假工资,anchor,2026-08-31
工资收入,en,maternity leave salary 8000 yuan,8000,CNY,maternity leave salary,anchor,2026-08-31
工资收入,zh,病假工资4000块,4000,CNY,病假工资,anchor,2026-08-31
工资收入,en,sick leave salary 4000 bucks,4000,CNY,sick leave salary,anchor,2026-08-31
工资收入,zh,年假工资2000元,2000,CNY,年假工资,anchor,2026-08-31
工资收入,en,annual leave salary 2000 yuan,2000,CNY,annual leave salary,anchor,2026-08-31
工资收入,zh,香港遣散费50000HKD,50000,HKD,遣散费,anchor,2026-08-31
工资收入,en,Hong Kong severance pay 50000 HKD,50000,HKD,severance pay,anchor,2026-08-31
工资收入,zh,转正工资8000元,8000,CNY,转正工资,anchor,2026-08-31
工资收入,en,regularized salary 8000 yuan,8000,CNY,regularized salary,anchor,2026-08-31
工资收入,zh,调薪后每月10000块,10000,CNY,调薪后,anchor,2026-08-31
工资收入,en,after raise monthly pay 10000 bucks,10000,CNY,after raise,anchor,2026-08-31
工资收入,zh,公司发薪日到账12000元,12000,CNY,发薪日,anchor,2026-08-31
工资收入,en,payday salary received 12000 yuan,12000,CNY,payday,anchor,2026-08-31
工资收入,zh,香港月薪税后18000HKD,18000,HKD,税后月薪,anchor,2026-08-31
工资收入,en,Hong Kong after-tax monthly salary 18000 HKD,18000,HKD,after-tax monthly salary,anchor,2026-08-31
工资收入,zh,香港绩效奖到账15000HKD,15000,HKD,绩效奖,anchor,2026-08-31
工资收入,en,Hong Kong performance bonus received 15000 HKD,15000,HKD,performance bonus,anchor,2026-08-31
副业收入,zh,昨天做兼职赚了2000块钱,2000,CNY,兼职,rel:-1,2026-08-30
副业收入,en,yesterday part-time work earned 2000 bucks,2000,CNY,part-time work,rel:-1,2026-08-30
副业收入,zh,接私活收到报酬3000HKD,3000,HKD,接私活,anchor,2026-08-31
副业收入,en,freelance gig payment received 3000 HKD,3000,HKD,freelance gig,anchor,2026-08-31
副业收入,zh,自媒体收益到账500USD,500,USD,自媒体,anchor,2026-08-31
副业收入,en,self-media earnings received 500 USD,500,USD,self-media,anchor,2026-08-31
副业收入,zh,闲鱼卖闲置赚了800元,800,CNY,闲鱼,anchor,2026-08-31
副业收入,en,Xianyu sold stuff earned 800 yuan,800,CNY,Xianyu,anchor,2026-08-31
副业收入,zh,代驾收入1500块,1500,CNY,代驾,anchor,2026-08-31
副业收入,en,designated driver income 1500 bucks,1500,CNY,designated driver,anchor,2026-08-31
副业收入,zh,本周六设计接单赚了4500元,4500,CNY,设计接单,weekday:6,2026-09-05
副业收入,en,this Saturday design gig earned 4500 yuan,4500,CNY,design gig,weekday:6,2026-09-05
副业收入,zh,代购利润2500HKD,2500,HKD,代购,anchor,2026-08-31
副业收入,en,shopping agent profit 2500 HKD,2500,HKD,shopping agent,anchor,2026-08-31
副业收入,zh,理财利息到账300元,300,CNY,理财利息,anchor,2026-08-31
副业收入,en,investment interest received 300 yuan,300,CNY,investment interest,anchor,2026-08-31
副业收入,zh,海外做外包赚1200USD,1200,USD,海外外包,anchor,2026-08-31
副业收入,en,overseas freelance earned 1200 USD,1200,USD,overseas freelance,anchor,2026-08-31
副业收入,zh,跑腿赚了600块,600,CNY,跑腿,anchor,2026-08-31
副业收入,en,errand running earned 600 bucks,600,CNY,errand running,anchor,2026-08-31
副业收入,zh,8月24日摆摊卖货赚了1000元,1000,CNY,摆摊,ymd:2026-08-24,2026-08-24
副业收入,en,Aug 24 stall sales earned 1000 yuan,1000,CNY,stall sales,ymd:2026-08-24,2026-08-24
副业收入,zh,写稿子稿费800块,800,CNY,稿费,anchor,2026-08-31
副业收入,en,writing fee 800 bucks,800,CNY,writing fee,anchor,2026-08-31
副业收入,zh,香港做家教月入5000HKD,5000,HKD,家教,anchor,2026-08-31
副业收入,en,Hong Kong tutoring monthly income 5000 HKD,5000,HKD,tutoring,anchor,2026-08-31
副业收入,zh,网约车司机收入3000元,3000,CNY,网约车,anchor,2026-08-31
副业收入,en,ride-hailing driver income 3000 yuan,3000,CNY,ride-hailing,anchor,2026-08-31
副业收入,zh,翻译兼职赚了2000块,2000,CNY,翻译,anchor,2026-08-31
副业收入,en,translation part-time earned 2000 bucks,2000,CNY,translation,anchor,2026-08-31
副业收入,zh,短视频带货佣金1500元,1500,CNY,带货佣金,anchor,2026-08-31
副业收入,en,short-video affiliate commission 1500 yuan,1500,CNY,affiliate commission,anchor,2026-08-31
副业收入,zh,香港炒股票赚了10000HKD,10000,HKD,炒股,anchor,2026-08-31
副业收入,en,Hong Kong stock trading profit 10000 HKD,10000,HKD,stock trading,anchor,2026-08-31
副业收入,zh,今天明天问卷调查都赚了50元,50,CNY,问卷,"rel:0,1",2026-08-31|2026-09-01
副业收入,en,today and tomorrow survey tasks earned 50 yuan each,50,CNY,survey,"rel:0,1",2026-08-31|2026-09-01
副业收入,zh,配音兼职800块,800,CNY,配音,anchor,2026-08-31
副业收入,en,voice-over part-time 800 bucks,800,CNY,voice-over,anchor,2026-08-31
副业收入,zh,摄影约拍赚了1200元,1200,CNY,约拍,anchor,2026-08-31
副业收入,en,photo shoot earned 1200 yuan,1200,CNY,photo shoot,anchor,2026-08-31
副业收入,zh,香港做freelance赚8000HKD,8000,HKD,自由职业,anchor,2026-08-31
副业收入,en,Hong Kong freelance earned 8000 HKD,8000,HKD,freelance,anchor,2026-08-31
副业收入,zh,外卖骑手收入2500元,2500,CNY,外卖骑手,anchor,2026-08-31
副业收入,en,food delivery rider income 2500 yuan,2500,CNY,food delivery rider,anchor,2026-08-31
副业收入,zh,游戏代练赚了600块,600,CNY,游戏代练,anchor,2026-08-31
副业收入,en,game boosting earned 600 bucks,600,CNY,game boosting,anchor,2026-08-31
副业收入,zh,公众号广告收入2000元,2000,CNY,公众号,anchor,2026-08-31
副业收入,en,WeChat official account ad income 2000 yuan,2000,CNY,WeChat official account,anchor,2026-08-31
副业收入,zh,香港做补习月入6000HKD,6000,HKD,补习,anchor,2026-08-31
副业收入,en,Hong Kong tutoring monthly income 6000 HKD,6000,HKD,tutoring,anchor,2026-08-31
副业收入,zh,二手转卖赚了300元,300,CNY,二手转卖,anchor,2026-08-31
副业收入,en,resale profit 300 yuan,300,CNY,resale,anchor,2026-08-31
副业收入,zh,PPT制作接单500块,500,CNY,PPT接单,anchor,2026-08-31
副业收入,en,PPT gig 500 bucks,500,CNY,PPT gig,anchor,2026-08-31
副业收入,zh,直播打赏收入1000元,1000,CNY,直播打赏,anchor,2026-08-31
副业收入,en,live stream tips income 1000 yuan,1000,CNY,live stream tips,anchor,2026-08-31
副业收入,zh,这一周每天香港散工日结800HKD,800,HKD,散工,week:0,2026-08-31|2026-09-01|2026-09-02|2026-09-03|2026-09-04|2026-09-05|2026-09-06
副业收入,en,this week daily Hong Kong casual work 800 HKD,800,HKD,casual work,week:0,2026-08-31|2026-09-01|2026-09-02|2026-09-03|2026-09-04|2026-09-05|2026-09-06
副业收入,zh,薅羊毛赚了100元,100,CNY,薅羊毛,anchor,2026-08-31
副业收入,en,deal hunting earned 100 yuan,100,CNY,deal hunting,anchor,2026-08-31
副业收入,zh,小程序开发接单10000块,10000,CNY,小程序开发,anchor,2026-08-31
副业收入,en,mini program dev gig 10000 bucks,10000,CNY,mini program dev,anchor,2026-08-31
副业收入,zh,插画约稿赚了2000元,2000,CNY,插画约稿,anchor,2026-08-31
副业收入,en,illustration commission earned 2000 yuan,2000,CNY,illustration commission,anchor,2026-08-31
副业收入,zh,香港做钟点工月入4000HKD,4000,HKD,钟点工,anchor,2026-08-31
副业收入,en,Hong Kong hourly work monthly income 4000 HKD,4000,HKD,hourly work,anchor,2026-08-31
副业收入,zh,收租收入3000元,3000,CNY,收租,anchor,2026-08-31
副业收入,en,rental income 3000 yuan,3000,CNY,rental income,anchor,2026-08-31
副业收入,zh,打新债赚了200块,200,CNY,打新债,anchor,2026-08-31
副业收入,en,new bond lottery profit 200 bucks,200,CNY,new bond lottery,anchor,2026-08-31
副业收入,zh,基金分红500元,500,CNY,基金分红,anchor,2026-08-31
副业收入,en,fund dividend 500 yuan,500,CNY,fund dividend,anchor,2026-08-31
副业收入,zh,香港收租10000HKD,10000,HKD,收租,anchor,2026-08-31
副业收入,en,Hong Kong rental income 10000 HKD,10000,HKD,rental income,anchor,2026-08-31
副业收入,zh,上周每天做任务赚了80元,80,CNY,做任务,week:-1,2026-08-24|2026-08-25|2026-08-26|2026-08-27|2026-08-28|2026-08-29|2026-08-30
副业收入,en,last week daily task earnings 80 yuan,80,CNY,task earnings,week:-1,2026-08-24|2026-08-25|2026-08-26|2026-08-27|2026-08-28|2026-08-29|2026-08-30
副业收入,zh,会计代账每月1000块,1000,CNY,代账,anchor,2026-08-31
副业收入,en,bookkeeping service 1000 bucks monthly,1000,CNY,bookkeeping service,anchor,2026-08-31
副业收入,zh,视频剪辑接单3000元,3000,CNY,视频剪辑,anchor,2026-08-31
副业收入,en,video editing gig 3000 yuan,3000,CNY,video editing,anchor,2026-08-31
副业收入,zh,香港做美容兼职月入5000HKD,5000,HKD,美容兼职,anchor,2026-08-31
副业收入,en,Hong Kong beauty part-time monthly income 5000 HKD,5000,HKD,beauty part-time,anchor,2026-08-31
副业收入,zh,点赞关注赚了30元,30,CNY,点赞任务,anchor,2026-08-31
副业收入,en,like-and-follow tasks earned 30 yuan,30,CNY,like-and-follow tasks,anchor,2026-08-31
副业收入,zh,塔罗牌占卜赚了500块,500,CNY,占卜,anchor,2026-08-31
副业收入,en,tarot reading earned 500 bucks,500,CNY,tarot reading,anchor,2026-08-31
副业收入,zh,民宿运营收入8000元,8000,CNY,民宿,anchor,2026-08-31
副业收入,en,homestay operating income 8000 yuan,8000,CNY,homestay,anchor,2026-08-31
副业收入,zh,香港车位出租月入2000HKD,2000,HKD,车位出租,anchor,2026-08-31
副业收入,en,Hong Kong parking spot rental 2000 HKD monthly,2000,HKD,parking spot rental,anchor,2026-08-31
副业收入,zh,试吃试用赚了100元,100,CNY,试吃试用,anchor,2026-08-31
副业收入,en,product trial earned 100 yuan,100,CNY,product trial,anchor,2026-08-31
副业收入,zh,编程私活赚了5000块,5000,CNY,编程私活,anchor,2026-08-31
副业收入,en,programming side gig earned 5000 bucks,5000,CNY,programming side gig,anchor,2026-08-31
副业收入,zh,自媒体广告分成1500元,1500,CNY,广告分成,anchor,2026-08-31
副业收入,en,self-media ad revenue share 1500 yuan,1500,CNY,ad revenue share,anchor,2026-08-31
副业收入,zh,香港网约车月入15000HKD,15000,HKD,网约车,anchor,2026-08-31
副业收入,en,Hong Kong ride-hailing monthly income 15000 HKD,15000,HKD,ride-hailing,anchor,2026-08-31
副业收入,zh,香港翻译兼职月入3000HKD,3000,HKD,翻译兼职,anchor,2026-08-31
副业收入,en,Hong Kong translation part-time monthly income 3000 HKD,3000,HKD,translation part-time,anchor,2026-08-31
购物退款,zh,淘宝退货退款到账128元,-128,CNY,淘宝退货,anchor,2026-08-31
购物退款,en,Taobao return refund credited 128 yuan,-128,CNY,Taobao return,anchor,2026-08-31
购物退款,zh,京东自营退款退了89块,-89,CNY,京东退款,anchor,2026-08-31
购物退款,en,JD self-operated refund got back 89,-89,CNY,JD refund,anchor,2026-08-31
购物退款,zh,拼多多砍价订单退款36.5元,-36.5,CNY,拼多多退,anchor,2026-08-31
购物退款,en,Pinduoduo bargain order refund 36.5 yuan,-36.5,CNY,Pinduoduo refund,anchor,2026-08-31
购物退款,zh,美团外卖取消订单退款22元,-22,CNY,外卖退款,anchor,2026-08-31
购物退款,en,Meituan takeout cancelled order refund 22 yuan,-22,CNY,Takeout refund,anchor,2026-08-31
购物退款,zh,饿了么超时赔付退款15块,-15,CNY,外卖赔付,anchor,2026-08-31
购物退款,en,Ele.me late delivery compensation refund 15,-15,CNY,Delivery comp,anchor,2026-08-31
购物退款,zh,盒马鲜生缺货退款45元,-45,CNY,盒马退款,anchor,2026-08-31
购物退款,en,Freshippo out-of-stock refund 45 yuan,-45,CNY,Freshippo refund,anchor,2026-08-31
购物退款,zh,天猫超市凑单退款12.8元,-12.8,CNY,天猫退款,anchor,2026-08-31
购物退款,en,Tmall supermarket bundle refund 12.8 yuan,-12.8,CNY,Tmall refund,anchor,2026-08-31
购物退款,zh,抖音商城退货退款199元,-199,CNY,抖音退货,anchor,2026-08-31
购物退款,en,Douyin shop return refund 199 yuan,-199,CNY,Douyin return,anchor,2026-08-31
购物退款,zh,闲鱼买家取消交易退回50块,-50,CNY,闲鱼退回,anchor,2026-08-31
购物退款,en,Xianyu buyer cancelled deal returned 50,-50,CNY,Xianyu return,anchor,2026-08-31
购物退款,zh,山姆网购差价退回68元,-68,CNY,山姆退差,anchor,2026-08-31
购物退款,en,Sam's Club online price difference refund 68 yuan,-68,CNY,Sam's price adj,anchor,2026-08-31
购物退款,zh,优衣库门店退货退款299HKD,-299,HKD,优衣库退,anchor,2026-08-31
购物退款,en,Uniqlo store return refund 299 HKD,-299,HKD,Uniqlo return,anchor,2026-08-31
购物退款,zh,Zara官网退货到账180港币,-180,HKD,Zara退货,anchor,2026-08-31
购物退款,en,Zara online return credited 180 HK dollars,-180,HKD,Zara return,anchor,2026-08-31
购物退款,zh,屈臣氏买错色号退款88块,-88,HKD,屈臣氏退,anchor,2026-08-31
购物退款,en,Watsons wrong shade refund 88,-88,HKD,Watsons refund,anchor,2026-08-31
购物退款,zh,百佳超市退货退款56元,-56,CNY,百佳退货,anchor,2026-08-31
购物退款,en,PARKnSHOP return refund 56 yuan,-56,CNY,PARKnSHOP return,anchor,2026-08-31
购物退款,zh,华润万家小票退货退了33块,-33,CNY,华润退货,anchor,2026-08-31
购物退款,en,CR Vanguard receipt return got back 33,-33,CNY,CR Vanguard return,anchor,2026-08-31
购物退款,zh,Costco会员卡购物退款420元,-420,CNY,Costco退,anchor,2026-08-31
购物退款,en,Costco membership purchase refund 420 yuan,-420,CNY,Costco refund,anchor,2026-08-31
购物退款,zh,IKEA宜家大件退货退款750元,-750,CNY,宜家退货,anchor,2026-08-31
购物退款,en,IKEA large item return refund 750 yuan,-750,CNY,IKEA return,anchor,2026-08-31
购物退款,zh,得物鉴别不过退款899块,-899,CNY,得物退款,anchor,2026-08-31
购物退款,en,Poizon failed authentication refund 899,-899,CNY,Poizon refund,anchor,2026-08-31
购物退款,zh,小红书种草买贵了退差25元,-25,CNY,小红书退,anchor,2026-08-31
购物退款,en,Xiaohongshu overpaid price match refund 25 yuan,-25,CNY,XHS refund,anchor,2026-08-31
购物退款,zh,考拉海购清关失败退款310元,-310,CNY,考拉退款,anchor,2026-08-31
购物退款,en,Kaola customs clearance failed refund 310 yuan,-310,CNY,Kaola refund,anchor,2026-08-31
购物退款,zh,昨天淘宝衣服尺码不对退款158元,-158,CNY,尺码退款,rel:-1,2026-08-30
购物退款,en,Yesterday Taobao wrong size clothes refund 158 yuan,-158,CNY,Size refund,rel:-1,2026-08-30
购物退款,zh,前天京东家电安装取消退款1200块,-1200,CNY,家电退款,rel:-1,2026-08-30
购物退款,en,Day before yesterday JD appliance install cancel refund 1200,-1200,CNY,Appliance refund,rel:-1,2026-08-30
购物退款,zh,今天叮咚买菜缺斤少两退3.5元,-3.5,CNY,缺斤退差,rel:0,2026-08-31
购物退款,en,Today Dingdong groceries short weight refund 3.5 yuan,-3.5,CNY,Weight refund,rel:0,2026-08-31
购物退款,zh,今早朴朴超市坏果退款18块,-18,CNY,坏果退款,rel:0,2026-08-31
购物退款,en,This morning Pupu bad fruit refund 18,-18,CNY,Bad fruit refund,rel:0,2026-08-31
购物退款,zh,大前天拼多多仅退款到账27元,-27,CNY,仅退款,rel:-2,2026-08-29
购物退款,en,Three days ago Pinduoduo refund-only credited 27 yuan,-27,CNY,Refund only,rel:-2,2026-08-29
购物退款,zh,上周盒马会员日多扣退回66块,-66,CNY,多扣退回,rel:-2,2026-08-29
购物退款,en,Last week Freshippo member day overcharge returned 66,-66,CNY,Overcharge back,rel:-2,2026-08-29
购物退款,zh,明天预计天猫预售定金退回100元,-100,CNY,定金退回,rel:-3,2026-08-28
购物退款,en,Tomorrow expected Tmall presale deposit return 100 yuan,-100,CNY,Deposit return,rel:-3,2026-08-28
购物退款,zh,今天和明天两笔外卖取消共退45元,-45,CNY,外卖连退,rel:-3,2026-08-28
购物退款,en,Today and tomorrow two cancelled takeouts total refund 45 yuan,-45,CNY,Takeout refunds,rel:-3,2026-08-28
购物退款,zh,这三天网购退货陆续到账共退520块,-520,CNY,连退到账,rel:1,2026-09-01
购物退款,en,These three days online returns credited total 520,-520,CNY,Batch returns,rel:1,2026-09-01
购物退款,zh,上周天天买咖啡杯都退了各退35元,-35,CNY,连买连退,rel:1,2026-09-01
购物退款,en,Last week daily coffee mug buys each refunded 35 yuan,-35,CNY,Daily refunds,rel:1,2026-09-01
购物退款,zh,这周三商场买鞋不合适退280元,-280,CNY,买鞋退货,"rel:0,1",2026-08-31|2026-09-01
购物退款,en,This Wednesday mall shoes didn't fit refund 280 yuan,-280,CNY,Shoe return,"rel:0,1",2026-08-31|2026-09-01
购物退款,zh,上周五网购羽绒服退货到账650块,-650,CNY,羽绒服退,span:0:2,2026-08-31|2026-09-01|2026-09-02
购物退款,en,Last Friday online down jacket return credited 650,-650,CNY,Jacket return,span:0:2,2026-08-31|2026-09-01|2026-09-02
购物退款,zh,8月20日淘宝双十一预售退差88元,-88,CNY,预售退差,week:-1,2026-08-24|2026-08-25|2026-08-26|2026-08-27|2026-08-28|2026-08-29|2026-08-30
购物退款,en,Aug 20 Taobao presale price difference refund 88 yuan,-88,CNY,Presale refund,week:-1,2026-08-24|2026-08-25|2026-08-26|2026-08-27|2026-08-28|2026-08-29|2026-08-30
购物退款,zh,8月15日京东全球购关税退回45块,-45,CNY,关税退回,weekday:3,2026-09-02
购物退款,en,Aug 15 JD global purchase tariff refund 45,-45,CNY,Tariff refund,weekday:3,2026-09-02
购物退款,zh,顺丰到付拒收退回货款230元,-230,CNY,拒收退回,weekday:-1:5,2026-08-28
购物退款,en,SF COD rejected delivery returned goods payment 230 yuan,-230,CNY,Rejected COD,weekday:-1:5,2026-08-28
购物退款,zh,菜鸟驿站错发包裹退回79块,-79,CNY,错发退回,ymd:2026-08-20,2026-08-20
购物退款,en,Cainiao wrong parcel sent back refund 79,-79,CNY,Wrong parcel,ymd:2026-08-20,2026-08-20
购物退款,zh,唯品会特卖抢贵了退差42元,-42,CNY,唯品退差,ymd:2026-08-15,2026-08-15
购物退款,en,Vipshop flash sale overpaid refund 42 yuan,-42,CNY,Vipshop refund,ymd:2026-08-15,2026-08-15
购物退款,zh,网易严选质量问题退款156元,-156,CNY,严选退款,anchor,2026-08-31
购物退款,en,NetEase Yanxuan quality issue refund 156 yuan,-156,CNY,Yanxuan refund,anchor,2026-08-31
购物退款,zh,小米有品众筹失败原路退回99块,-99,CNY,众筹退回,anchor,2026-08-31
购物退款,en,Youpin crowdfunding failed original path refund 99,-99,CNY,Crowdfund back,anchor,2026-08-31
购物退款,zh,7-11便利店买水买重了退11元,-11,CNY,便利店退,anchor,2026-08-31
购物退款,en,7-Eleven duplicate water purchase refund 11 yuan,-11,CNY,7-11 refund,anchor,2026-08-31
购物退款,zh,全家FamilyMart关东煮退单8.5块,-8.5,CNY,关东煮退,anchor,2026-08-31
购物退款,en,FamilyMart oden order cancel refund 8.5,-8.5,CNY,Oden cancel,anchor,2026-08-31
购物退款,zh,华润堂买保健品退货退款268HKD,-268,HKD,保健品退,anchor,2026-08-31
购物退款,en,CRCare health supplement return refund 268 HKD,-268,HKD,Supplement return,anchor,2026-08-31
购物退款,zh,惠康超市买水果坏了退22港币,-22,HKD,水果退款,anchor,2026-08-31
购物退款,en,Wellcome bad fruit refund 22 HK dollars,-22,HKD,Fruit refund,anchor,2026-08-31
购物退款,zh,亚马逊海外购退货运费退回35USD,-35,USD,运费退回,anchor,2026-08-31
购物退款,en,Amazon global return shipping fee refunded 35 USD,-35,USD,Shipping refund,anchor,2026-08-31
购物退款,zh,Target网购多收税费退回18美元,-18,USD,税费退回,anchor,2026-08-31
购物退款,en,Target online overcharged tax refunded 18 dollars,-18,USD,Tax refund,anchor,2026-08-31
购物退款,zh,澳门新八佰伴退货退款120葡币,-120,MOP,新八佰伴,anchor,2026-08-31
购物退款,en,Macau New Yaohan return refund 120 patacas,-120,MOP,New Yaohan,anchor,2026-08-31
购物退款,zh,日本代购取消订单退回2800日元,-2800,JPY,代购取消,anchor,2026-08-31
购物退款,en,Japan proxy order cancelled returned 2800 yen,-2800,JPY,Proxy cancel,anchor,2026-08-31
购物退款,zh,抖音直播拍多了退款66元,-66,CNY,直播退款,anchor,2026-08-31
购物退款,en,Douyin live stream over-ordered refund 66 yuan,-66,CNY,Live refund,anchor,2026-08-31
购物退款,zh,快手小店假货鉴定退款188块,-188,CNY,假货退款,anchor,2026-08-31
购物退款,en,Kuaishou shop fake goods verified refund 188,-188,CNY,Fake goods refund,anchor,2026-08-31
购物退款,zh,苏宁以旧换新补贴退回300元,-300,CNY,以旧换新,anchor,2026-08-31
购物退款,en,Suning trade-in subsidy returned 300 yuan,-300,CNY,Trade-in rebate,anchor,2026-08-31
票务退款,zh,国航航班取消退款到账1280元,-1280,CNY,航班取消,anchor,2026-08-31
票务退款,en,Air China flight cancelled refund credited 1280 yuan,-1280,CNY,Flight cancel,anchor,2026-08-31
票务退款,zh,东航改签差价退回350块,-350,CNY,改签退差,anchor,2026-08-31
票务退款,en,China Eastern rebooking fare difference returned 350,-350,CNY,Rebook refund,anchor,2026-08-31
票务退款,zh,南航误机险赔付退款200元,-200,CNY,误机险赔,anchor,2026-08-31
票务退款,en,China Southern missed flight insurance payout 200 yuan,-200,CNY,Missed flight,anchor,2026-08-31
票务退款,zh,12306高铁票退票到账86.5元,-86.5,CNY,高铁退票,anchor,2026-08-31
票务退款,en,12306 high-speed rail ticket refund credited 86.5 yuan,-86.5,CNY,HSR refund,anchor,2026-08-31
票务退款,zh,广深港高铁改签退回120港币,-120,HKD,广深高铁,anchor,2026-08-31
票务退款,en,Guangzhou-Shenzhen-HK express rebook refund 120 HKD,-120,HKD,XRL refund,anchor,2026-08-31
票务退款,zh,港铁八达通多扣退回15块,-15,HKD,港铁退差,anchor,2026-08-31
票务退款,en,MTR Octopus overcharge returned 15,-15,HKD,MTR refund,anchor,2026-08-31
票务退款,zh,淘票票电影票退票退款45元,-45,CNY,电影退票,anchor,2026-08-31
票务退款,en,Taopiaopiao movie ticket refund 45 yuan,-45,CNY,Movie refund,anchor,2026-08-31
票务退款,zh,猫眼演出取消退款280块,-280,CNY,演出取消,anchor,2026-08-31
票务退款,en,Maoyan show cancelled refund 280,-280,CNY,Show cancel,anchor,2026-08-31
票务退款,zh,大麦网演唱会延期退款680元,-680,CNY,演唱会退,anchor,2026-08-31
票务退款,en,Damai concert postponed refund 680 yuan,-680,CNY,Concert refund,anchor,2026-08-31
票务退款,zh,携程酒店免费取消退回520元,-520,CNY,酒店取消,anchor,2026-08-31
票务退款,en,Ctrip hotel free cancellation returned 520 yuan,-520,CNY,Hotel cancel,anchor,2026-08-31
票务退款,zh,飞猪机票航变全额退899块,-899,CNY,航变退款,anchor,2026-08-31
票务退款,en,Fliggy flight schedule change full refund 899,-899,CNY,Schedule change,anchor,2026-08-31
票务退款,zh,同程旅行火车票抢票失败退25元,-25,CNY,抢票失败,anchor,2026-08-31
票务退款,en,Tongcheng train ticket grab failed refund 25 yuan,-25,CNY,Grab failed,anchor,2026-08-31
票务退款,zh,Booking.com订房取消退180USD,-180,USD,Booking退,anchor,2026-08-31
票务退款,en,Booking.com room cancel refund 180 USD,-180,USD,Booking cancel,anchor,2026-08-31
票务退款,zh,Agoda酒店no-show退差45美元,-45,USD,Agoda退,anchor,2026-08-31
票务退款,en,Agoda hotel no-show partial refund 45 dollars,-45,USD,Agoda refund,anchor,2026-08-31
票务退款,zh,迪士尼门票未使用退款399港币,-399,HKD,迪士尼退,anchor,2026-08-31
票务退款,en,Disney ticket unused refund 399 HK dollars,-399,HKD,Disney refund,anchor,2026-08-31
票务退款,zh,海洋公园年卡退卡到账650块,-650,HKD,年卡退卡,anchor,2026-08-31
票务退款,en,Ocean Park annual pass cancel credited 650,-650,HKD,Pass cancel,anchor,2026-08-31
票务退款,zh,深圳北到广州南高铁退一张55元,-55,CNY,高铁单程,anchor,2026-08-31
票务退款,en,Shenzhen North to Guangzhou South HSR one ticket refund 55 yuan,-55,CNY,One-way HSR,anchor,2026-08-31
票务退款,zh,北京南到上海虹桥二等座退票553块,-553,CNY,京沪高铁,anchor,2026-08-31
票务退款,en,Beijing South to Shanghai Hongqiao second class refund 553,-553,CNY,Beijing-Shanghai,anchor,2026-08-31
票务退款,zh,春秋航空超售补偿退款300元,-300,CNY,超售补偿,anchor,2026-08-31
票务退款,en,Spring Airlines oversell compensation refund 300 yuan,-300,CNY,Oversell comp,anchor,2026-08-31
票务退款,zh,吉祥航空延误险理赔到账150元,-150,CNY,延误理赔,anchor,2026-08-31
票务退款,en,Juneyao delay insurance claim credited 150 yuan,-150,CNY,Delay claim,anchor,2026-08-31
票务退款,zh,昨天电影票开场前退票退了38块,-38,CNY,昨电影退,rel:-1,2026-08-30
票务退款,en,Yesterday movie ticket pre-show refund got back 38,-38,CNY,Yesterday movie,rel:-1,2026-08-30
票务退款,zh,前天演唱会因台风取消退480元,-480,CNY,台风取消,rel:-1,2026-08-30
票务退款,en,Day before yesterday concert typhoon cancel refund 480 yuan,-480,CNY,Typhoon cancel,rel:-1,2026-08-30
票务退款,zh,今天抢的火车票退票到账72元,-72,CNY,今日退票,rel:0,2026-08-31
票务退款,en,Today grabbed train ticket refund credited 72 yuan,-72,CNY,Today refund,rel:0,2026-08-31
票务退款,zh,今早航班升舱失败原路退220块,-220,CNY,升舱失败,rel:0,2026-08-31
票务退款,en,This morning flight upgrade failed original refund 220,-220,CNY,Upgrade fail,rel:0,2026-08-31
票务退款,zh,大前天民宿房东同意取消退260元,-260,CNY,民宿取消,rel:-2,2026-08-29
票务退款,en,Three days ago homestay host agreed cancel refund 260 yuan,-260,CNY,Homestay cancel,rel:-2,2026-08-29
票务退款,zh,上周高铁候补没兑现退全款95块,-95,CNY,候补退全,rel:-2,2026-08-29
票务退款,en,Last week HSR waitlist unfulfilled full refund 95,-95,CNY,Waitlist refund,rel:-2,2026-08-29
票务退款,zh,明天音乐会门票转让平台退120元,-120,CNY,票转让退,rel:-3,2026-08-28
票务退款,en,Tomorrow concert ticket resale platform refund 120 yuan,-120,CNY,Resale refund,rel:-3,2026-08-28
票务退款,zh,今天和明天两晚酒店连退共退880元,-880,CNY,连住取消,rel:-3,2026-08-28
票务退款,en,Today and tomorrow two hotel nights cancel total refund 880 yuan,-880,CNY,Multi-night cancel,rel:-3,2026-08-28
票务退款,zh,这三天展会门票陆续退回共150块,-150,CNY,展会退票,rel:1,2026-09-01
票务退款,en,These three days expo tickets gradually returned total 150,-150,CNY,Expo refunds,rel:1,2026-09-01
票务退款,zh,上周天天买的地铁日票都退了各10元,-10,CNY,日票连退,rel:1,2026-09-01
票务退款,en,Last week daily metro day passes each refunded 10 yuan,-10,CNY,Daily pass refund,rel:1,2026-09-01
票务退款,zh,这周三话剧票临时有事退180元,-180,CNY,话剧退票,"rel:0,1",2026-08-31|2026-09-01
票务退款,en,This Wednesday play ticket personal cancel refund 180 yuan,-180,CNY,Play refund,"rel:0,1",2026-08-31|2026-09-01
票务退款,zh,上周五羽毛球馆订场取消退60块,-60,CNY,订场取消,span:0:2,2026-08-31|2026-09-01|2026-09-02
票务退款,en,Last Friday badminton court booking cancel refund 60,-60,CNY,Court cancel,span:0:2,2026-08-31|2026-09-01|2026-09-02
票务退款,zh,8月20日机票降价退差退回66元,-66,CNY,机票退差,week:-1,2026-08-24|2026-08-25|2026-08-26|2026-08-27|2026-08-28|2026-08-29|2026-08-30
票务退款,en,Aug 20 flight price drop difference refund 66 yuan,-66,CNY,Fare drop,week:-1,2026-08-24|2026-08-25|2026-08-26|2026-08-27|2026-08-28|2026-08-29|2026-08-30
票务退款,zh,8月15日温泉酒店套餐退款388块,-388,CNY,温泉套餐,weekday:3,2026-09-02
票务退款,en,Aug 15 hot spring hotel package refund 388,-388,CNY,Hot spring pkg,weekday:3,2026-09-02
票务退款,zh,Klook景点门票未成行退95港币,-95,HKD,Klook退,weekday:-1:5,2026-08-28
票务退款,en,Klook attraction ticket unused refund 95 HKD,-95,HKD,Klook refund,weekday:-1:5,2026-08-28
票务退款,zh,澳门威尼斯人表演票退220葡币,-220,MOP,威尼斯人,ymd:2026-08-20,2026-08-20
票务退款,en,Macau Venetian show ticket refund 220 patacas,-220,MOP,Venetian show,ymd:2026-08-20,2026-08-20
票务退款,zh,日本新干线指定席取消退8500日元,-8500,JPY,新干线退,ymd:2026-08-15,2026-08-15
票务退款,en,Japan Shinkansen reserved seat cancel refund 8500 yen,-8500,JPY,Shinkansen refund,ymd:2026-08-15,2026-08-15
票务退款,zh,深圳航空自愿退票扣手续费后退410元,-410,CNY,自愿退票,anchor,2026-08-31
票务退款,en,Shenzhen Airlines voluntary refund after fee 410 yuan,-410,CNY,Voluntary refund,anchor,2026-08-31
票务退款,zh,海航积分兑票失败退回1200里程等值80块,-80,CNY,积分兑退,anchor,2026-08-31
票务退款,en,Hainan Airlines points ticket failed equivalent 80 returned,-80,CNY,Points refund,anchor,2026-08-31
票务退款,zh,广深城际列车停运全额退35元,-35,CNY,城际停运,anchor,2026-08-31
票务退款,en,Guangzhou-Shenzhen intercity suspended full refund 35 yuan,-35,CNY,Intercity suspend,anchor,2026-08-31
票务退款,zh,国家大剧院演出改期退差价28块,-28,CNY,改期退差,anchor,2026-08-31
票务退款,en,National Centre show rescheduled price diff refund 28,-28,CNY,Reschedule diff,anchor,2026-08-31
票务退款,zh,Livehouse演出爆满取消退98元,-98,CNY,Livehouse,anchor,2026-08-31
票务退款,en,Livehouse overcrowded cancel refund 98 yuan,-98,CNY,Livehouse cancel,anchor,2026-08-31
票务退款,zh,滑雪季卡未开板退卡到账1200元,-1200,CNY,季卡退卡,anchor,2026-08-31
票务退款,en,Ski season pass unopened refund credited 1200 yuan,-1200,CNY,Season pass,anchor,2026-08-31
票务退款,zh,邮轮舱位降级补偿退款560块,-560,CNY,邮轮补偿,anchor,2026-08-31
票务退款,en,Cruise cabin downgrade compensation refund 560,-560,CNY,Cruise comp,anchor,2026-08-31
票务退款,zh,签证被拒酒店免费取消退210USD,-210,USD,签证拒签,anchor,2026-08-31
票务退款,en,Visa denied hotel free cancel refund 210 dollars,-210,USD,Visa denied,anchor,2026-08-31
票务退款,zh,机场贵宾厅预约失败退88港币,-88,HKD,贵宾厅退,anchor,2026-08-31
票务退款,en,Airport lounge booking failed refund 88 HK dollars,-88,HKD,Lounge refund,anchor,2026-08-31
票务退款,zh,往返机票去程取消返程退差退450元,-450,CNY,往返退差,anchor,2026-08-31
票务退款,en,Round-trip outbound cancelled return leg diff refund 450 yuan,-450,CNY,Round-trip diff,anchor,2026-08-31
票务退款,zh,音乐节暴雨取消主办方退款199块,-199,CNY,音乐节退,anchor,2026-08-31
票务退款,en,Music festival rain cancel organizer refund 199,-199,CNY,Festival cancel,anchor,2026-08-31
票务退款,zh,博物馆预约票过期自动退20元,-20,CNY,预约过期,anchor,2026-08-31
票务退款,en,Museum reservation expired auto refund 20 yuan,-20,CNY,Reservation expire,anchor,2026-08-31
票务退款,zh,游船班次取消码头退款75元,-75,CNY,游船取消,anchor,2026-08-31
票务退款,en,Ferry schedule cancelled pier refund 75 yuan,-75,CNY,Ferry cancel,anchor,2026-08-31
报销到账,zh,公司打车报销到账45元,-45,CNY,打车报销,anchor,2026-08-31
报销到账,en,Company taxi reimbursement credited 45 yuan,-45,CNY,Taxi claim,anchor,2026-08-31
报销到账,zh,出差高铁票报销退回268块,-268,CNY,高铁报销,anchor,2026-08-31
报销到账,en,Business trip HSR ticket reimbursement returned 268,-268,CNY,HSR claim,anchor,2026-08-31
报销到账,zh,客户宴请餐费报销到账380元,-380,CNY,宴请报销,anchor,2026-08-31
报销到账,en,Client dinner expense reimbursement credited 380 yuan,-380,CNY,Dinner claim,anchor,2026-08-31
报销到账,zh,机票差旅报销退回1560元,-1560,CNY,机票报销,anchor,2026-08-31
报销到账,en,Flight travel expense reimbursement returned 1560 yuan,-1560,CNY,Flight claim,anchor,2026-08-31
报销到账,zh,加班打车费报销到账62.5元,-62.5,CNY,加班打车,anchor,2026-08-31
报销到账,en,Overtime taxi reimbursement credited 62.5 yuan,-62.5,CNY,OT taxi,anchor,2026-08-31
报销到账,zh,门诊看病公司医保补充报销120块,-120,CNY,门诊报销,anchor,2026-08-31
报销到账,en,Clinic visit company medical top-up reimbursement 120,-120,CNY,Clinic claim,anchor,2026-08-31
报销到账,zh,住院押金公司垫付退回8000元,-8000,CNY,住院垫付,anchor,2026-08-31
报销到账,en,Hospital deposit company advance returned 8000 yuan,-8000,CNY,Hospital advance,anchor,2026-08-31
报销到账,zh,体检费用报销到账560元,-560,CNY,体检报销,anchor,2026-08-31
报销到账,en,Health check reimbursement credited 560 yuan,-560,CNY,Checkup claim,anchor,2026-08-31
报销到账,zh,买办公用品发票报销退回89块,-89,CNY,办公用品,anchor,2026-08-31
报销到账,en,Office supplies invoice reimbursement returned 89,-89,CNY,Office supplies,anchor,2026-08-31
报销到账,zh,团建活动费用报销到账1500元,-1500,CNY,团建报销,anchor,2026-08-31
报销到账,en,Team building expense reimbursement credited 1500 yuan,-1500,CNY,Team building,anchor,2026-08-31
报销到账,zh,展会展位费报销退回3200块,-3200,CNY,展位报销,anchor,2026-08-31
报销到账,en,Expo booth fee reimbursement returned 3200,-3200,CNY,Booth claim,anchor,2026-08-31
报销到账,zh,跨境出差港币打车报销180HKD,-180,HKD,港币打车,anchor,2026-08-31
报销到账,en,Cross-border trip HK taxi reimbursement 180 HKD,-180,HKD,HK taxi claim,anchor,2026-08-31
报销到账,zh,香港酒店住宿差旅报销650港币,-650,HKD,港酒店报,anchor,2026-08-31
报销到账,en,Hong Kong hotel stay travel claim 650 HK dollars,-650,HKD,HK hotel claim,anchor,2026-08-31
报销到账,zh,海外会议注册费报销退回95USD,-95,USD,会议注册,anchor,2026-08-31
报销到账,en,Overseas conference registration reimbursed 95 USD,-95,USD,Conference fee,anchor,2026-08-31
报销到账,zh,美国出差小费报销到账25美元,-25,USD,小费报销,anchor,2026-08-31
报销到账,en,US business trip tip reimbursement 25 dollars,-25,USD,Tip claim,anchor,2026-08-31
报销到账,zh,澳门出差餐饮发票报销88葡币,-88,MOP,澳门餐报,anchor,2026-08-31
报销到账,en,Macau business meal invoice claim 88 patacas,-88,MOP,Macau meal,anchor,2026-08-31
报销到账,zh,日本出差交通卡充值报销2000日元,-2000,JPY,交通卡报,anchor,2026-08-31
报销到账,en,Japan trip transit card top-up claim 2000 yen,-2000,JPY,Transit claim,anchor,2026-08-31
报销到账,zh,滴滴企业版月结报销到账230元,-230,CNY,滴滴月结,anchor,2026-08-31
报销到账,en,Didi enterprise monthly settlement claim 230 yuan,-230,CNY,Didi monthly,anchor,2026-08-31
报销到账,zh,顺丰同城急送样品报销退回35块,-35,CNY,样品快递,anchor,2026-08-31
报销到账,en,SF same-city sample delivery claim returned 35,-35,CNY,Sample courier,anchor,2026-08-31
报销到账,zh,客户礼品采购报销到账168元,-168,CNY,礼品采购,anchor,2026-08-31
报销到账,en,Client gift purchase reimbursement credited 168 yuan,-168,CNY,Gift purchase,anchor,2026-08-31
报销到账,zh,昨天加班餐补报销到账30元,-30,CNY,餐补报销,rel:-1,2026-08-30
报销到账,en,Yesterday overtime meal allowance claim 30 yuan,-30,CNY,Meal allowance,rel:-1,2026-08-30
报销到账,zh,前天拜访客户路费报销退回55块,-55,CNY,拜访路费,rel:-1,2026-08-30
报销到账,en,Day before yesterday client visit travel claim 55,-55,CNY,Visit travel,rel:-1,2026-08-30
报销到账,zh,今天上午打的去公司报销18元,-18,CNY,今早打车,rel:0,2026-08-31
报销到账,en,Today morning taxi to office claim 18 yuan,-18,CNY,Morning taxi,rel:0,2026-08-31
报销到账,zh,今早买咖啡见客户报销22块,-22,CNY,咖啡报销,rel:0,2026-08-31
报销到账,en,This morning client coffee purchase claim 22,-22,CNY,Coffee claim,rel:0,2026-08-31
报销到账,zh,大前天核酸检测差旅报销退回16元,-16,CNY,核酸报销,rel:-2,2026-08-29
报销到账,en,Three days ago PCR test travel claim 16 yuan,-16,CNY,PCR claim,rel:-2,2026-08-29
报销到账,zh,上周出差住宿发票报销到账420块,-420,CNY,住宿发票,rel:-2,2026-08-29
报销到账,en,Last week business lodging invoice claim 420,-420,CNY,Lodging invoice,rel:-2,2026-08-29
报销到账,zh,明天预计差旅补贴到账200元,-200,CNY,差旅补贴,rel:-3,2026-08-28
报销到账,en,Tomorrow expected travel per diem credited 200 yuan,-200,CNY,Per diem,rel:-3,2026-08-28
报销到账,zh,今天和明天两天出差补贴共报300元,-300,CNY,连日报销,rel:-3,2026-08-28
报销到账,en,Today and tomorrow two-day trip allowance claim 300 yuan,-300,CNY,Multi-day claim,rel:-3,2026-08-28
报销到账,zh,这三天打车发票陆续报销共退125块,-125,CNY,连打报销,rel:1,2026-09-01
报销到账,en,These three days taxi invoices gradually claimed total 125,-125,CNY,Batch taxi claim,rel:1,2026-09-01
报销到账,zh,上周每天通勤地铁票都报销各退6元,-6,CNY,通勤报销,rel:1,2026-09-01
报销到账,en,Last week daily commute metro tickets each claimed 6 yuan,-6,CNY,Commute claim,rel:1,2026-09-01
报销到账,zh,这周三项目聚餐报销到账人均85元,-85,CNY,项目聚餐,"rel:0,1",2026-08-31|2026-09-01
报销到账,en,This Wednesday project dinner claim per person 85 yuan,-85,CNY,Project dinner,"rel:0,1",2026-08-31|2026-09-01
报销到账,zh,上周五培训费发票报销退回1200块,-1200,CNY,培训报销,span:0:2,2026-08-31|2026-09-01|2026-09-02
报销到账,en,Last Friday training fee invoice claim 1200,-1200,CNY,Training claim,span:0:2,2026-08-31|2026-09-01|2026-09-02
报销到账,zh,8月20日专利年费公司报销退350元,-350,CNY,专利年费,week:-1,2026-08-24|2026-08-25|2026-08-26|2026-08-27|2026-08-28|2026-08-29|2026-08-30
报销到账,en,Aug 20 patent annual fee company claim 350 yuan,-350,CNY,Patent fee,week:-1,2026-08-24|2026-08-25|2026-08-26|2026-08-27|2026-08-28|2026-08-29|2026-08-30
报销到账,zh,8月15日软件订阅费报销到账99块,-99,CNY,软件订阅,weekday:3,2026-09-02
报销到账,en,Aug 15 software subscription claim 99,-99,CNY,Software sub,weekday:3,2026-09-02
报销到账,zh,VPN年费技术部报销退回180元,-180,CNY,VPN报销,weekday:-1:5,2026-08-28
报销到账,en,VPN annual fee tech dept claim 180 yuan,-180,CNY,VPN claim,weekday:-1:5,2026-08-28
报销到账,zh,云服务器费用报销到账2400元,-2400,CNY,云服报销,ymd:2026-08-20,2026-08-20
报销到账,en,Cloud server expense claim credited 2400 yuan,-2400,CNY,Cloud server,ymd:2026-08-20,2026-08-20
报销到账,zh,打印机墨盒采购报销退回156块,-156,CNY,墨盒采购,ymd:2026-08-15,2026-08-15
报销到账,en,Printer cartridge purchase claim 156,-156,CNY,Cartridge claim,ymd:2026-08-15,2026-08-15
报销到账,zh,律师函快递费报销到账28元,-28,CNY,快递报销,anchor,2026-08-31
报销到账,en,Legal letter courier fee claim 28 yuan,-28,CNY,Courier claim,anchor,2026-08-31
报销到账,zh,商标注册官费报销退回300元,-300,CNY,商标官费,anchor,2026-08-31
报销到账,en,Trademark registration official fee claim 300 yuan,-300,CNY,Trademark fee,anchor,2026-08-31
报销到账,zh,年会场地定金公司报销退5000块,-5000,CNY,年会场地,anchor,2026-08-31
报销到账,en,Annual meeting venue deposit company claim 5000,-5000,CNY,Annual venue,anchor,2026-08-31
报销到账,zh,猎头服务费HR报销到账8000元,-8000,CNY,猎头费用,anchor,2026-08-31
报销到账,en,Headhunter fee HR claim credited 8000 yuan,-8000,CNY,Headhunter fee,anchor,2026-08-31
报销到账,zh,员工福利体检加项报销退回220元,-220,CNY,体检加项,anchor,2026-08-31
报销到账,en,Employee wellness check add-on claim 220 yuan,-220,CNY,Checkup add-on,anchor,2026-08-31
报销到账,zh,工伤医药费公司全额报销680块,-680,CNY,工伤医药,anchor,2026-08-31
报销到账,en,Work injury medical company full claim 680,-680,CNY,Injury medical,anchor,2026-08-31
报销到账,zh,外派住房补贴报销到账3500元,-3500,CNY,住房补贴,anchor,2026-08-31
报销到账,en,Expat housing allowance claim credited 3500 yuan,-3500,CNY,Housing allowance,anchor,2026-08-31
报销到账,zh,国际漫游话费报销退回45港币,-45,HKD,漫游报销,anchor,2026-08-31
报销到账,en,International roaming phone bill claim 45 HKD,-45,HKD,Roaming claim,anchor,2026-08-31
报销到账,zh,商务签证费报销到账120美元,-120,USD,签证报销,anchor,2026-08-31
报销到账,en,Business visa fee claim 120 dollars,-120,USD,Visa claim,anchor,2026-08-31
报销到账,zh,展会翻译服务费报销退回1500元,-1500,CNY,翻译报销,anchor,2026-08-31
报销到账,en,Expo translation service claim 1500 yuan,-1500,CNY,Translation claim,anchor,2026-08-31
报销到账,zh,样品检测费研发报销到账890块,-890,CNY,检测报销,anchor,2026-08-31
报销到账,en,Sample testing R&D claim 890,-890,CNY,Testing claim,anchor,2026-08-31
报销到账,zh,行业协会会费报销退回600元,-600,CNY,会费报销,anchor,2026-08-31
报销到账,en,Industry association membership fee claim 600 yuan,-600,CNY,Membership fee,anchor,2026-08-31
报销到账,zh,残保金代缴财务报销到账280块,-280,CNY,残保金报,anchor,2026-08-31
报销到账,en,Disability employment fund finance claim 280,-280,CNY,Disability fund,anchor,2026-08-31
优惠返现,zh,信用卡消费返现到账18元,-18,CNY,信用卡返,anchor,2026-08-31
优惠返现,en,Credit card spending cashback credited 18 yuan,-18,CNY,Card cashback,anchor,2026-08-31
优惠返现,zh,招行信用卡满减返现退回25块,-25,CNY,招行返现,anchor,2026-08-31
优惠返现,en,CMB credit card spend rebate returned 25,-25,CNY,CMB rebate,anchor,2026-08-31
优惠返现,zh,花呗分期手续费返现8.5元,-8.5,CNY,花呗返现,anchor,2026-08-31
优惠返现,en,Huabei installment fee cashback 8.5 yuan,-8.5,CNY,Huabei rebate,anchor,2026-08-31
优惠返现,zh,支付宝双11红包返现到账66元,-66,CNY,支付宝返,anchor,2026-08-31
优惠返现,en,Alipay Double 11 red packet cashback 66 yuan,-66,CNY,Alipay rebate,anchor,2026-08-31
优惠返现,zh,微信支付周末优惠返3块,-3,CNY,微信优惠,anchor,2026-08-31
优惠返现,en,WeChat Pay weekend promo returned 3,-3,CNY,WeChat promo,anchor,2026-08-31
优惠返现,zh,京东白条还款返现到账12元,-12,CNY,白条返现,anchor,2026-08-31
优惠返现,en,JD Baitiao repayment cashback 12 yuan,-12,CNY,Baitiao rebate,anchor,2026-08-31
优惠返现,zh,云闪付银联活动返15块,-15,CNY,云闪付返,anchor,2026-08-31
优惠返现,en,UnionPay QuickPass promo returned 15,-15,CNY,UnionPay promo,anchor,2026-08-31
优惠返现,zh,88VIP购物返利到账40元,-40,CNY,88VIP返,anchor,2026-08-31
优惠返现,en,88VIP shopping rebate credited 40 yuan,-40,CNY,88VIP rebate,anchor,2026-08-31
优惠返现,zh,淘宝省钱卡返现退回5元,-5,CNY,省钱卡返,anchor,2026-08-31
优惠返现,en,Taobao savings card cashback 5 yuan,-5,CNY,Savings card,anchor,2026-08-31
优惠返现,zh,拼多多百亿补贴返差到账9.9块,-9.9,CNY,百亿补贴,anchor,2026-08-31
优惠返现,en,Pinduoduo subsidy price match 9.9,-9.9,CNY,Subsidy match,anchor,2026-08-31
优惠返现,zh,美团支付满30减5实际返5元,-5,CNY,美团满减,anchor,2026-08-31
优惠返现,en,Meituan pay spend-30-get-5 actual rebate 5 yuan,-5,CNY,Meituan promo,anchor,2026-08-31
优惠返现,zh,饿了么超级会员返现10块,-10,CNY,会员返现,anchor,2026-08-31
优惠返现,en,Ele.me super member cashback 10,-10,CNY,Member rebate,anchor,2026-08-31
优惠返现,zh,滴滴出行券抵扣后返现7元,-7,CNY,滴滴返券,anchor,2026-08-31
优惠返现,en,Didi coupon discount cashback 7 yuan,-7,CNY,Didi coupon,anchor,2026-08-31
优惠返现,zh,中国移动积分兑换现金20元,-20,CNY,积分兑现,anchor,2026-08-31
优惠返现,en,China Mobile points converted to cash 20 yuan,-20,CNY,Points to cash,anchor,2026-08-31
优惠返现,zh,联通话费积分返现到账15块,-15,CNY,联通积分,anchor,2026-08-31
优惠返现,en,Unicom phone bill points cashback 15,-15,CNY,Unicom points,anchor,2026-08-31
优惠返现,zh,汇丰信用卡签账返现88港币,-88,HKD,汇丰返现,anchor,2026-08-31
优惠返现,en,HSBC credit card spending rebate 88 HKD,-88,HKD,HSBC rebate,anchor,2026-08-31
优惠返现,zh,中银信用卡餐饮回赠22块,-22,HKD,中银回赠,anchor,2026-08-31
优惠返现,en,BOC credit card dining rebate 22,-22,HKD,BOC rebate,anchor,2026-08-31
优惠返现,zh,八达通消费奖赏退回6港币,-6,HKD,八达通赏,anchor,2026-08-31
优惠返现,en,Octopus spending rewards returned 6,-6,HKD,Octopus reward,anchor,2026-08-31
优惠返现,zh,Apple Card Daily Cash返4美元,-4,USD,Apple返现,anchor,2026-08-31
优惠返现,en,Apple Card Daily Cash back 4 dollars,-4,USD,Apple Cash,anchor,2026-08-31
优惠返现,zh,Chase信用卡季度返现12美金,-12,USD,Chase返现,anchor,2026-08-31
优惠返现,en,Chase credit card quarterly cashback 12 dollars,-12,USD,Chase cashback,anchor,2026-08-31
优惠返现,zh,昨天刷卡返现到账33元,-33,CNY,昨日刷卡,rel:-1,2026-08-30
优惠返现,en,Yesterday card swipe cashback credited 33 yuan,-33,CNY,Yesterday card,rel:-1,2026-08-30
优惠返现,zh,前天支付宝碰一碰优惠返2块,-2,CNY,碰一碰,rel:-1,2026-08-30
优惠返现,en,Day before yesterday Alipay tap promo 2,-2,CNY,Tap promo,rel:-1,2026-08-30
优惠返现,zh,今天早高峰地铁优惠返1.5元,-1.5,CNY,地铁优惠,rel:0,2026-08-31
优惠返现,en,Today morning rush metro discount 1.5 yuan,-1.5,CNY,Metro discount,rel:0,2026-08-31
优惠返现,zh,今早买咖啡用券返3块,-3,CNY,咖啡返券,rel:0,2026-08-31
优惠返现,en,This morning coffee coupon rebate 3,-3,CNY,Coffee coupon,rel:0,2026-08-31
优惠返现,zh,大前天京东PLUS返现到账28元,-28,CNY,PLUS返,rel:-2,2026-08-29
优惠返现,en,Three days ago JD PLUS cashback 28 yuan,-28,CNY,PLUS rebate,rel:-2,2026-08-29
优惠返现,zh,上周信用卡账单返现合计55块,-55,CNY,账单返现,rel:-2,2026-08-29
优惠返现,en,Last week credit card statement cashback total 55,-55,CNY,Statement rebate,rel:-2,2026-08-29
优惠返现,zh,明天预计还款返现到账8元,-8,CNY,还款返现,rel:-3,2026-08-28
优惠返现,en,Tomorrow expected repayment cashback 8 yuan,-8,CNY,Repay rebate,rel:-3,2026-08-28
优惠返现,zh,今天和明天消费返现共到账16元,-16,CNY,连消返现,rel:-3,2026-08-28
优惠返现,en,Today and tomorrow spending cashback total 16 yuan,-16,CNY,Multi-day rebate,rel:-3,2026-08-28
优惠返现,zh,这一周每天刷卡返现各到账2块,-2,CNY,每日返现,rel:1,2026-09-01
优惠返现,en,This week daily card swipe cashback each 2,-2,CNY,Daily cashback,rel:1,2026-09-01
优惠返现,zh,上周天天用支付宝坐地铁各返1元,-1,CNY,地铁连返,rel:1,2026-09-01
优惠返现,en,Last week daily Alipay metro rides each rebate 1 yuan,-1,CNY,Daily metro,rel:1,2026-09-01
优惠返现,zh,这周三超市满减返现到账14块,-14,CNY,超市满减,"rel:0,1",2026-08-31|2026-09-01
优惠返现,en,This Wednesday supermarket promo cashback 14,-14,CNY,Supermarket promo,"rel:0,1",2026-08-31|2026-09-01
优惠返现,zh,上周五加油信用卡返6元,-6,CNY,加油返现,week:0,2026-08-31|2026-09-01|2026-09-02|2026-09-03|2026-09-04|2026-09-05|2026-09-06
优惠返现,en,Last Friday gas station card rebate 6 yuan,-6,CNY,Gas rebate,week:0,2026-08-31|2026-09-01|2026-09-02|2026-09-03|2026-09-04|2026-09-05|2026-09-06
优惠返现,zh,8月20日618尾款返利退回19块,-19,CNY,618返利,week:-1,2026-08-24|2026-08-25|2026-08-26|2026-08-27|2026-08-28|2026-08-29|2026-08-30
优惠返现,en,Aug 20 618 final payment rebate 19,-19,CNY,618 rebate,week:-1,2026-08-24|2026-08-25|2026-08-26|2026-08-27|2026-08-28|2026-08-29|2026-08-30
优惠返现,zh,8月15日银行新户礼返现50元,-50,CNY,新户礼,weekday:3,2026-09-02
优惠返现,en,Aug 15 bank new customer bonus 50 yuan,-50,CNY,New customer,weekday:3,2026-09-02
优惠返现,zh,澳门赌场积分换现金120葡币,-120,MOP,积分换现,weekday:-1:5,2026-08-28
优惠返现,en,Macau casino points to cash 120 patacas,-120,MOP,Points cash,weekday:-1:5,2026-08-28
优惠返现,zh,日本便利店T积分返现200日元,-200,JPY,T积分返,ymd:2026-08-20,2026-08-20
优惠返现,en,Japan convenience store T points cashback 200 yen,-200,JPY,T points,ymd:2026-08-20,2026-08-20
优惠返现,zh,平安银行万里通积分兑30元,-30,CNY,万里通兑,ymd:2026-08-15,2026-08-15
优惠返现,en,Ping An Wanlitong points redeemed 30 yuan,-30,CNY,Wanlitong redeem,ymd:2026-08-15,2026-08-15
优惠返现,zh,交行最红星期五返11块,-11,CNY,最红星期五,anchor,2026-08-31
优惠返现,en,Bank of Communications Friday promo 11,-11,CNY,Friday promo,anchor,2026-08-31
优惠返现,zh,浦发信用卡1%返现到账77元,-77,CNY,浦发1%返,anchor,2026-08-31
优惠返现,en,SPDB credit card 1% cashback 77 yuan,-77,CNY,SPDB 1pct,anchor,2026-08-31
优惠返现,zh,兴业信用卡加油返8%到账24块,-24,CNY,加油8%返,anchor,2026-08-31
优惠返现,en,Industrial Bank gas 8% rebate 24,-24,CNY,Gas 8pct,anchor,2026-08-31
优惠返现,zh,光大信用卡网购返10元,-10,CNY,光大网购,anchor,2026-08-31
优惠返现,en,Everbright online shopping rebate 10 yuan,-10,CNY,Everbright online,anchor,2026-08-31
优惠返现,zh,农行掌银缴费随机立减返4块,-4,CNY,缴费立减,anchor,2026-08-31
优惠返现,en,ABC mobile bill pay random discount 4,-4,CNY,Bill discount,anchor,2026-08-31
优惠返现,zh,建行龙支付周末返6元,-6,CNY,龙支付返,anchor,2026-08-31
优惠返现,en,CCB Dragon Pay weekend rebate 6 yuan,-6,CNY,Dragon Pay,anchor,2026-08-31
优惠返现,zh,微众银行活期Plus收益返现13块,-13,CNY,活期收益,anchor,2026-08-31
优惠返现,en,WeBank Plus yield cashback 13,-13,CNY,Plus yield,anchor,2026-08-31
优惠返现,zh,余额宝体验金收益到账0.8元,-0.8,CNY,体验金,anchor,2026-08-31
优惠返现,en,Yu'e Bao trial fund yield 0.8 yuan,-0.8,CNY,Trial fund,anchor,2026-08-31
优惠返现,zh,抖音支付新人立减返5块,-5,CNY,抖音新人,anchor,2026-08-31
优惠返现,en,Douyin Pay new user discount 5,-5,CNY,Douyin new user,anchor,2026-08-31
优惠返现,zh,快手小店下单返现金9元,-9,CNY,快手下单,anchor,2026-08-31
优惠返现,en,Kuaishou shop order cash back 9 yuan,-9,CNY,Kuaishou order,anchor,2026-08-31
优惠返现,zh,拼多多果园提现到账3块,-3,CNY,果园提现,anchor,2026-08-31
优惠返现,en,Pinduoduo orchard cash out 3,-3,CNY,Orchard cashout,anchor,2026-08-31
优惠返现,zh,淘宝淘金币抵扣返现7元,-7,CNY,淘金币返,anchor,2026-08-31
优惠返现,en,Taobao gold coins offset cashback 7 yuan,-7,CNY,Gold coins,anchor,2026-08-31
优惠返现,zh,京东京豆抵现退回18块,-18,CNY,京豆抵现,anchor,2026-08-31
优惠返现,en,JD Jingdou cash offset returned 18,-18,CNY,Jingdou offset,anchor,2026-08-31
他人还款,zh,朋友还我上次垫付的50元,-50,CNY,朋友还款,anchor,2026-08-31
他人还款,en,Friend paid back my last advance of 50 yuan,-50,CNY,Friend repaid,anchor,2026-08-31
他人还款,zh,室友分摊房租转回1200块,-1200,CNY,室友分摊,anchor,2026-08-31
他人还款,en,Roommate transferred back rent share 1200,-1200,CNY,Roommate share,anchor,2026-08-31
他人还款,zh,同事AA聚餐转我45元,-45,CNY,同事AA,anchor,2026-08-31
他人还款,en,Colleague AA dinner transferred me 45 yuan,-45,CNY,Colleague AA,anchor,2026-08-31
他人还款,zh,同学还我借的200块,-200,CNY,同学还钱,anchor,2026-08-31
他人还款,en,Classmate returned my loan of 200,-200,CNY,Classmate repaid,anchor,2026-08-31
他人还款,zh,闺蜜婚礼份子钱回礼到账88元,-88,CNY,份子回礼,anchor,2026-08-31
他人还款,en,Bestie wedding gift return credited 88 yuan,-88,CNY,Gift return,anchor,2026-08-31
他人还款,zh,球友场地费AA转回35块,-35,CNY,球友AA,anchor,2026-08-31
他人还款,en,Teammate court fee AA sent back 35,-35,CNY,Teammate AA,anchor,2026-08-31
他人还款,zh,家人还我代购款168元,-168,CNY,代购款还,anchor,2026-08-31
他人还款,en,Family repaid my proxy purchase 168 yuan,-168,CNY,Proxy repaid,anchor,2026-08-31
他人还款,zh,前男友还欠我的300块到了,-300,CNY,前任还钱,anchor,2026-08-31
他人还款,en,Ex paid back owed 300,-300,CNY,Ex repaid,anchor,2026-08-31
他人还款,zh,邻居还我借的梯子押金20元,-20,CNY,押金退回,anchor,2026-08-31
他人还款,en,Neighbor returned ladder deposit 20 yuan,-20,CNY,Deposit back,anchor,2026-08-31
他人还款,zh,表弟还我压岁钱垫付500元,-500,CNY,压岁钱还,anchor,2026-08-31
他人还款,en,Cousin repaid New Year money advance 500 yuan,-500,CNY,Red packet back,anchor,2026-08-31
他人还款,zh,团建有人A了我到账60块,-60,CNY,有人A我,anchor,2026-08-31
他人还款,en,Team building someone AA'd me 60,-60,CNY,Someone AA'd,anchor,2026-08-31
他人还款,zh,火锅局AA每人转我72元,-72,CNY,火锅AA,anchor,2026-08-31
他人还款,en,Hotpot AA each transferred me 72 yuan,-72,CNY,Hotpot AA,anchor,2026-08-31
他人还款,zh,露营装备分摊转回180块,-180,CNY,露营分摊,anchor,2026-08-31
他人还款,en,Camping gear split sent back 180,-180,CNY,Camping split,anchor,2026-08-31
他人还款,zh,香港朋友还我港币150HKD,-150,HKD,港友还款,anchor,2026-08-31
他人还款,en,HK friend repaid 150 HK dollars,-150,HKD,HK friend,anchor,2026-08-31
他人还款,zh,同事出差垫付住宿费退650港币,-650,HKD,垫付住宿,anchor,2026-08-31
他人还款,en,Colleague business trip lodging advance back 650 HKD,-650,HKD,Lodging advance,anchor,2026-08-31
他人还款,zh,留学室友还我代付房租95USD,-95,USD,代付房租,anchor,2026-08-31
他人还款,en,Roommate abroad repaid rent I paid 95 dollars,-95,USD,Rent proxy,anchor,2026-08-31
他人还款,zh,美国同学Venmo还我30美元,-30,USD,Venmo还,anchor,2026-08-31
他人还款,en,US classmate Venmo'd me back 30 dollars,-30,USD,Venmo back,anchor,2026-08-31
他人还款,zh,澳门牌友还我筹码80葡币,-80,MOP,筹码归还,anchor,2026-08-31
他人还款,en,Macau poker buddy returned chips 80 patacas,-80,MOP,Chips back,anchor,2026-08-31
他人还款,zh,日本同事还我代买便当2000日元,-2000,JPY,代买便当,anchor,2026-08-31
他人还款,en,Japan colleague repaid bento proxy 2000 yen,-2000,JPY,Bento proxy,anchor,2026-08-31
他人还款,zh,微信群收款有人转了28元给我,-28,CNY,群收款到,anchor,2026-08-31
他人还款,en,WeChat group collect someone sent me 28 yuan,-28,CNY,Group collect,anchor,2026-08-31
他人还款,zh,昨天朋友还我打车费22块,-22,CNY,打车还清,rel:-1,2026-08-30
他人还款,en,Yesterday friend repaid taxi fare 22,-22,CNY,Taxi repaid,rel:-1,2026-08-30
他人还款,zh,前天聚餐AA有人转我38元,-38,CNY,聚餐AA,rel:-1,2026-08-30
他人还款,en,Day before yesterday dinner AA transfer 38 yuan,-38,CNY,Dinner AA,rel:-1,2026-08-30
他人还款,zh,今天同事还我咖啡钱15块,-15,CNY,咖啡还清,rel:0,2026-08-31
他人还款,en,Today colleague repaid coffee 15,-15,CNY,Coffee repaid,rel:0,2026-08-31
他人还款,zh,今早室友转我水电分摊66元,-66,CNY,水电分摊,rel:0,2026-08-31
他人还款,en,This morning roommate sent utilities split 66 yuan,-66,CNY,Utilities split,rel:0,2026-08-31
他人还款,zh,大前天球局AA到账每人25块,-25,CNY,球局AA,rel:-2,2026-08-29
他人还款,en,Three days ago game AA each person 25,-25,CNY,Game AA,rel:-2,2026-08-29
他人还款,zh,上周朋友还我借款全款300元,-300,CNY,借款还清,rel:-2,2026-08-29
他人还款,en,Last week friend repaid loan full 300 yuan,-300,CNY,Loan cleared,rel:-2,2026-08-29
他人还款,zh,明天预计室友转我网费分摊40块,-40,CNY,网费分摊,rel:-3,2026-08-28
他人还款,en,Tomorrow expected roommate internet split 40,-40,CNY,Internet split,rel:-3,2026-08-28
他人还款,zh,今天和明天两笔AA共收回55元,-55,CNY,连AA收回,rel:-3,2026-08-28
他人还款,en,Today and tomorrow two AA transfers total 55 yuan,-55,CNY,Multi AA back,rel:-3,2026-08-28
他人还款,zh,这三天陆续有人还我垫付共120块,-120,CNY,垫付收回,rel:1,2026-09-01
他人还款,en,These three days gradual advance repayments total 120,-120,CNY,Advance recovery,rel:1,2026-09-01
他人还款,zh,上周天天拼车同事各转我8元,-8,CNY,拼车AA,rel:1,2026-09-01
他人还款,en,Last week daily carpool colleagues each sent 8 yuan,-8,CNY,Carpool AA,rel:1,2026-09-01
他人还款,zh,这周三羽毛球AA转我20块,-20,CNY,羽毛球AA,"rel:0,1",2026-08-31|2026-09-01
他人还款,en,This Wednesday badminton AA sent 20,-20,CNY,Badminton AA,"rel:0,1",2026-08-31|2026-09-01
他人还款,zh,上周五KTV AA有人转了90元给我,-90,CNY,KTV AA,span:0:2,2026-08-31|2026-09-01|2026-09-02
他人还款,en,Last Friday KTV AA someone sent 90 yuan,-90,CNY,KTV AA,span:0:2,2026-08-31|2026-09-01|2026-09-02
他人还款,zh,8月20日亲戚还我份子钱200块,-200,CNY,份子还清,week:-1,2026-08-24|2026-08-25|2026-08-26|2026-08-27|2026-08-28|2026-08-29|2026-08-30
他人还款,en,Aug 20 relative repaid gift money 200,-200,CNY,Gift repaid,week:-1,2026-08-24|2026-08-25|2026-08-26|2026-08-27|2026-08-28|2026-08-29|2026-08-30
他人还款,zh,8月15日合伙人分红预支退回5000元,-5000,CNY,分红预支,weekday:3,2026-09-02
他人还款,en,Aug 15 partner dividend advance returned 5000 yuan,-5000,CNY,Dividend advance,weekday:3,2026-09-02
他人还款,zh,支付宝好友转账还我12.8元,-12.8,CNY,好友转账,weekday:-1:5,2026-08-28
他人还款,en,Alipay friend transfer repaid 12.8 yuan,-12.8,CNY,Friend transfer,weekday:-1:5,2026-08-28
他人还款,zh,微信转账室友还清洁费35块,-35,CNY,清洁费还,ymd:2026-08-20,2026-08-20
他人还款,en,WeChat transfer roommate cleaning fee 35,-35,CNY,Cleaning fee,ymd:2026-08-20,2026-08-20
他人还款,zh,闲鱼买家确认收货尾款到账420元,-420,CNY,尾款到账,ymd:2026-08-15,2026-08-15
他人还款,en,Xianyu buyer confirmed balance 420 yuan,-420,CNY,Balance received,ymd:2026-08-15,2026-08-15
他人还款,zh,二手群面交买家付我80块,-80,CNY,面交收款,anchor,2026-08-31
他人还款,en,Second-hand group meetup buyer paid 80,-80,CNY,Meetup payment,anchor,2026-08-31
他人还款,zh,拼车群群主代收转我18元,-18,CNY,群主代收,anchor,2026-08-31
他人还款,en,Carpool group admin forwarded 18 yuan,-18,CNY,Admin collect,anchor,2026-08-31
他人还款,zh,剧本杀局AA转回人均68块,-68,CNY,剧本杀AA,anchor,2026-08-31
他人还款,en,Murder mystery game AA per person 68,-68,CNY,Script game AA,anchor,2026-08-31
他人还款,zh,滑雪教练费三人分摊转我150元,-150,CNY,教练分摊,anchor,2026-08-31
他人还款,en,Ski instructor fee three-way split 150 yuan,-150,CNY,Instructor split,anchor,2026-08-31
他人还款,zh,演唱会门票代付同学还我280块,-280,CNY,代付票款,anchor,2026-08-31
他人还款,en,Concert ticket proxy classmate repaid 280,-280,CNY,Ticket proxy,anchor,2026-08-31
他人还款,zh,旅游团费朋友转我垫付的1200元,-1200,CNY,团费垫付,anchor,2026-08-31
他人还款,en,Tour fee friend sent my advance 1200 yuan,-1200,CNY,Tour advance,anchor,2026-08-31
他人还款,zh,香港同事FPS还我餐费55港币,-55,HKD,FPS还款,anchor,2026-08-31
他人还款,en,HK colleague FPS meal money 55 HKD,-55,HKD,FPS repaid,anchor,2026-08-31
他人还款,zh,美股群友Zelle还我20美元,-20,USD,Zelle还,anchor,2026-08-31
他人还款,en,Stock group buddy Zelle'd 20 dollars,-20,USD,Zelle back,anchor,2026-08-31
他人还款,zh,牌局赢的钱朋友微信转我100块,-100,CNY,牌局转账,anchor,2026-08-31
他人还款,en,Poker winnings friend WeChat'd 100,-100,CNY,Poker transfer,anchor,2026-08-31
他人还款,zh,合租买家电分摊转回每人230元,-230,CNY,家电分摊,anchor,2026-08-31
他人还款,en,Shared appliance purchase split 230 each,-230,CNY,Appliance split,anchor,2026-08-31
他人还款,zh,毕业旅行垫付费队友还我360块,-360,CNY,旅行垫还,anchor,2026-08-31
他人还款,en,Grad trip advance teammate repaid 360,-360,CNY,Trip advance,anchor,2026-08-31
他人还款,zh,前同事还我离职聚餐代付48元,-48,CNY,聚餐代付,anchor,2026-08-31
他人还款,en,Former colleague repaid farewell dinner proxy 48 yuan,-48,CNY,Dinner proxy,anchor,2026-08-31
他人还款,zh,小区业主群团购差价退我6块,-6,CNY,团购退差,anchor,2026-08-31
他人还款,en,Community group buy price diff returned 6,-6,CNY,Group buy diff,anchor,2026-08-31
